window,hour,actual,predicted
218,1,15.8,14.625724
218,2,15.7,14.143747
218,3,15.2,13.908288
218,4,15.4,13.761271
218,5,16.1,13.856596
218,6,16.8,14.258795
218,7,17.1,14.977445
218,8,18.0,15.977468
218,9,18.6,17.306103
218,10,19.8,18.833115
218,11,19.9,20.406828
218,12,19.4,21.703398
218,13,20.7,22.77837
218,14,22.6,23.313345
218,15,22.5,23.545418
218,16,22.1,23.110655
218,17,21.3,22.323725
218,18,19.9,21.299171
218,19,18.7,20.177488
218,20,17.9,19.066793
218,21,17.3,18.047102
218,22,16.8,17.14826
218,23,16.3,16.41147
218,24,16.3,15.768639
427,1,9.2,7.755646
427,2,9.6,7.7599144
427,3,9.5,8.049171
427,4,9.2,8.632572
427,5,8.9,9.370807
427,6,9.3,10.337973
427,7,10.4,11.464759
427,8,11.1,12.5696335
427,9,11.1,13.539578
427,10,11.0,14.312145
427,11,10.0,14.748205
427,12,8.7,14.776527
427,13,7.0,14.512347
427,14,4.9,13.975723
427,15,2.8,13.311955
427,16,1.2,12.384587
427,17,2.6,11.567516
427,18,1.4,10.78334
427,19,0.1,10.277642
427,20,-1.0,9.777617
427,21,-2.0,9.319183
427,22,-2.8,9.058666
427,23,-3.5,8.754652
427,24,-3.9,8.512253
661,1,5.7,4.563992
661,2,7.7,5.8589873
661,3,9.0,6.873243
661,4,9.7,7.5619054
661,5,10.1,8.004551
661,6,9.6,8.016241
661,7,9.0,7.6801605
661,8,8.0,6.9815526
661,9,6.3,6.2785115
661,10,5.1,5.2663703
661,11,4.9,4.4924927
661,12,3.9,3.699018
661,13,2.9,2.934426
661,14,2.1,2.4495704
661,15,1.4,1.9602824
661,16,0.8,1.4122916
661,17,0.3,1.047581
661,18,-0.2,0.863218
661,19,-0.6,0.5895601
661,20,-1.0,0.64261365
661,21,-1.2,0.7791964
661,22,-1.6,1.3655976
661,23,-1.6,2.2011518
661,24,-0.5,3.2910633
1176,1,14.0,10.742939
1176,2,14.4,10.191137
1176,3,12.9,9.675509
1176,4,12.1,9.058717
1176,5,12.0,8.642032
1176,6,10.7,8.167727
1176,7,9.5,7.760042
1176,8,8.7,7.2977347
1176,9,8.4,7.03905
1176,10,8.2,6.8187385
1176,11,8.4,6.8256645
1176,12,8.1,6.9533215
1176,13,7.6,7.376975
1176,14,10.1,8.017017
1176,15,11.0,8.911446
1176,16,10.9,9.835245
1176,17,9.7,10.760191
1176,18,11.0,11.668595
1176,19,11.3,12.328702
1176,20,10.9,12.774325
1176,21,10.5,12.904797
1176,22,10.2,12.7158
1176,23,10.8,12.382434
1176,24,10.4,11.925854
1280,1,12.1,10.911815
1280,2,11.9,9.410426
1280,3,11.1,8.091745
1280,4,9.9,6.8459597
1280,5,8.8,6.0546165
1280,6,8.0,5.122351
1280,7,7.3,4.428229
1280,8,6.7,3.8082378
1280,9,6.8,3.223595
1280,10,6.9,2.9138076
1280,11,6.7,3.001913
1280,12,6.5,3.3006485
1280,13,6.4,4.433851
1280,14,8.1,5.85499
1280,15,11.3,7.8824825
1280,16,14.4,10.163858
1280,17,16.8,12.249131
1280,18,18.3,14.243273
1280,19,19.6,15.673955
1280,20,20.3,16.536995
1280,21,20.4,16.594662
1280,22,20.1,15.992841
1280,23,19.4,14.893054
1280,24,18.0,13.580868
1306,1,10.6,7.8170586
1306,2,10.0,7.1217246
1306,3,9.3,6.580803
1306,4,8.4,6.2936397
1306,5,8.2,6.1269546
1306,6,7.9,6.410618
1306,7,7.8,7.156723
1306,8,9.7,8.257043
1306,9,14.1,9.810258
1306,10,17.6,11.677454
1306,11,20.2,13.551841
1306,12,22.0,15.276119
1306,13,23.6,16.70751
1306,14,24.7,17.611675
1306,15,25.3,18.032484
1306,16,24.5,17.621557
1306,17,24.0,16.863914
1306,18,22.4,15.718173
1306,19,20.7,14.513032
1306,20,19.9,13.24537
1306,21,18.6,12.015333
1306,22,17.8,11.018765
1306,23,16.9,10.153387
1306,24,15.2,9.312971
1319,1,20.9,18.476124
1319,2,21.0,17.713614
1319,3,18.7,16.768776
1319,4,18.0,15.531336
1319,5,17.9,14.405298
1319,6,16.3,13.329216
1319,7,15.0,12.280089
1319,8,13.7,11.498305
1319,9,12.8,10.684476
1319,10,12.2,10.094346
1319,11,11.8,9.4775305
1319,12,11.1,8.895192
1319,13,10.4,8.665216
1319,14,9.8,8.420573
1319,15,9.1,8.61475
1319,16,8.8,9.27969
1319,17,9.9,10.23457
1319,18,12.8,11.546401
1319,19,15.7,13.3457365
1319,20,18.4,15.0138445
1319,21,20.4,16.626152
1319,22,22.0,17.940672
1319,23,23.1,18.676985
1319,24,23.6,18.97527
1765,1,25.9,21.544514
1765,2,27.1,23.198355
1765,3,27.5,24.786573
1765,4,27.7,25.698235
1765,5,28.0,26.343872
1765,6,27.9,26.357689
1765,7,27.4,25.738121
1765,8,26.3,24.908041
1765,9,24.9,23.873436
1765,10,23.8,22.604769
1765,11,23.4,21.71356
1765,12,22.5,20.621208
1765,13,21.7,19.751572
1765,14,21.1,18.847582
1765,15,20.7,18.2298
1765,16,20.0,17.56966
1765,17,19.0,16.7624
1765,18,18.1,16.145805
1765,19,17.6,15.734068
1765,20,17.3,15.577662
1765,21,17.2,15.86777
1765,22,18.9,16.546839
1765,23,21.9,17.658161
1765,24,23.7,19.161531
2059,1,22.1,19.489943
2059,2,21.9,19.90727
2059,3,22.0,20.902689
2059,4,23.0,22.159554
2059,5,24.2,23.745787
2059,6,26.5,25.369938
2059,7,28.1,26.96449
2059,8,29.3,28.274746
2059,9,30.1,29.243578
2059,10,31.0,29.726328
2059,11,31.4,29.882555
2059,12,31.9,29.382849
2059,13,24.8,28.657299
2059,14,24.6,27.679087
2059,15,24.4,26.795555
2059,16,24.3,25.701078
2059,17,23.0,24.676891
2059,18,23.0,23.763475
2059,19,22.8,23.025805
2059,20,22.5,22.259613
2059,21,22.3,21.500484
2059,22,22.0,20.862854
2059,23,21.8,20.307226
2059,24,21.6,20.013239
2262,1,33.7,28.777859
2262,2,33.9,29.31682
2262,3,33.8,29.610731
2262,4,32.9,29.201733
2262,5,31.2,28.655855
2262,6,31.6,27.850069
2262,7,29.8,26.72068
2262,8,29.6,25.79386
2262,9,27.9,24.865393
2262,10,23.1,24.090855
2262,11,23.8,23.535528
2262,12,24.2,22.847155
2262,13,23.7,22.398167
2262,14,23.6,21.69084
2262,15,23.5,21.257236
2262,16,23.4,20.943996
2262,17,23.3,20.65021
2262,18,23.1,20.686659
2262,19,23.7,21.242117
2262,20,25.7,22.004486
2262,21,26.9,23.196833
2262,22,27.9,24.571318
2262,23,27.8,25.909494
2262,24,27.7,27.209135
2271,1,31.5,25.904327
2271,2,31.7,25.440311
2271,3,31.1,24.979542
2271,4,30.4,24.236923
2271,5,27.8,23.67534
2271,6,27.1,23.087797
2271,7,26.5,22.435919
2271,8,25.8,21.905361
2271,9,25.3,21.36061
2271,10,24.7,20.971664
2271,11,24.0,20.626263
2271,12,23.5,20.223461
2271,13,23.0,20.170559
2271,14,22.7,20.03593
2271,15,22.5,20.276312
2271,16,23.4,20.794518
2271,17,25.2,21.43769
2271,18,27.1,22.324999
2271,19,28.6,23.414103
2271,20,29.6,24.375689
2271,21,30.8,25.266172
2271,22,31.5,25.920155
2271,23,32.1,26.213425
2271,24,32.3,26.323444
2682,1,20.5,17.0242
2682,2,19.9,16.337854
2682,3,19.5,16.01329
2682,4,19.0,15.938041
2682,5,18.6,16.20017
2682,6,18.2,16.85932
2682,7,18.4,18.011597
2682,8,20.1,19.535843
2682,9,22.8,21.318901
2682,10,24.9,23.284842
2682,11,26.4,25.214413
2682,12,27.6,26.647284
2682,13,28.4,27.796312
2682,14,28.7,28.222277
2682,15,29.0,28.333658
2682,16,28.8,27.619322
2682,17,28.3,26.504084
2682,18,27.5,25.138681
2682,19,25.3,23.86306
2682,20,24.4,22.554323
2682,21,23.0,21.317482
2682,22,21.9,20.301168
2682,23,21.3,19.381367
2682,24,20.8,18.51669
3243,1,17.7,13.988038
3243,2,17.7,14.423497
3243,3,17.8,15.177218
3243,4,18.7,15.952263
3243,5,18.3,16.872871
3243,6,19.0,17.822502
3243,7,20.6,18.56856
3243,8,21.1,19.112368
3243,9,22.2,19.480139
3243,10,23.8,19.600445
3243,11,24.2,19.500443
3243,12,24.5,19.137098
3243,13,24.1,18.631998
3243,14,22.9,17.998251
3243,15,20.9,17.380867
3243,16,20.2,16.76726
3243,17,19.5,16.244339
3243,18,18.8,15.815661
3243,19,18.0,15.355813
3243,20,17.1,14.945329
3243,21,16.2,14.631976
3243,22,15.3,14.317239
3243,23,14.6,14.0981655
3243,24,14.1,14.120617
3271,1,21.2,17.247105
3271,2,20.9,17.180685
3271,3,20.3,17.030714
3271,4,18.0,16.597527
3271,5,17.3,16.192425
3271,6,17.2,15.812318
3271,7,16.9,15.343985
3271,8,16.7,14.908023
3271,9,16.8,14.618594
3271,10,17.0,14.359002
3271,11,16.0,14.119817
3271,12,15.4,13.883223
3271,13,14.8,13.703642
3271,14,14.4,13.514187
3271,15,13.8,13.460674
3271,16,13.2,13.490854
3271,17,13.0,13.68903
3271,18,14.5,14.052645
3271,19,16.1,14.625764
3271,20,17.2,15.208076
3271,21,18.0,15.882682
3271,22,18.2,16.46071
3271,23,18.2,16.922867
3271,24,18.1,17.249346
3340,1,0.6,1.6063588
3340,2,1.3,2.0549002
3340,3,3.2,2.7506747
3340,4,4.0,3.7194788
3340,5,4.5,4.7881227
3340,6,5.9,5.8080273
3340,7,6.3,6.8085747
3340,8,7.2,7.4923944
3340,9,7.8,7.898599
3340,10,8.2,7.9222393
3340,11,7.8,7.6886144
3340,12,7.2,7.1542983
3340,13,6.2,6.4913583
3340,14,7.1,5.901202
3340,15,7.1,5.3031993
3340,16,7.0,4.6322894
3340,17,6.6,4.1731606
3340,18,6.3,3.8026962
3340,19,5.4,3.4490724
3340,20,5.4,3.122604
3340,21,5.5,2.671092
3340,22,5.6,2.4103892
3340,23,5.8,2.1545932
3340,24,5.8,2.101986
3451,1,8.6,7.3174753
3451,2,8.6,7.2024107
3451,3,8.7,7.3660555
3451,4,9.8,7.8911743
3451,5,10.0,8.59134
3451,6,10.4,9.556437
3451,7,10.9,10.785663
3451,8,10.7,12.041156
3451,9,12.7,13.170151
3451,10,13.4,14.12891
3451,11,14.9,14.73437
3451,12,15.4,14.877109
3451,13,15.2,14.712633
3451,14,14.4,14.223129
3451,15,14.1,13.568638
3451,16,14.2,12.568242
3451,17,14.3,11.67108
3451,18,14.7,10.795738
3451,19,15.0,10.252042
3451,20,15.0,9.711837
3451,21,15.3,9.180921
3451,22,15.1,8.917944
3451,23,12.2,8.56738
3451,24,11.0,8.248459
3880,1,12.5,11.165364
3880,2,12.1,9.865323
3880,3,11.1,8.712322
3880,4,11.1,7.591462
3880,5,11.3,6.8719935
3880,6,10.9,6.1066213
3880,7,8.6,5.5158668
3880,8,8.7,4.9863963
3880,9,8.0,4.4573684
3880,10,8.0,4.098783
3880,11,7.9,3.9515252
3880,12,7.7,3.9527814
3880,13,7.2,4.5814953
3880,14,7.3,5.4615703
3880,15,9.7,6.9005003
3880,16,12.8,8.6867895
3880,17,16.0,10.462035
3880,18,18.4,12.275105
3880,19,20.5,13.787532
3880,20,21.0,14.839552
3880,21,20.0,15.275297
3880,22,19.5,15.07834
3880,23,18.8,14.374668
3880,24,17.1,13.3953495
3886,1,20.5,17.657255
3886,2,21.0,18.373314
3886,3,20.0,18.82033
3886,4,19.5,18.679724
3886,5,18.8,18.325205
3886,6,17.1,17.701626
3886,7,15.9,16.78382
3886,8,15.2,15.977256
3886,9,14.8,15.222247
3886,10,14.3,14.552488
3886,11,13.8,14.120246
3886,12,13.6,13.634049
3886,13,13.7,13.2791195
3886,14,13.6,12.781477
3886,15,13.7,12.396854
3886,16,13.5,11.99629
3886,17,13.5,11.591338
3886,18,13.8,11.397537
3886,19,14.2,11.547487
3886,20,14.6,11.944307
3886,21,14.9,12.7308855
3886,22,16.4,13.792051
3886,23,16.4,14.959295
3886,24,16.7,16.176239
3986,1,-0.2,-1.7666197
3986,2,-0.3,-2.525409
3986,3,-1.1,-2.8489935
3986,4,-2.1,-3.2344716
3986,5,-2.8,-3.6157763
3986,6,-3.1,-3.7214134
3986,7,-3.1,-3.7054946
3986,8,-3.0,-3.2098067
3986,9,-2.6,-2.593553
3986,10,-2.0,-1.2607344
3986,11,-1.0,-0.092731774
3986,12,0.4,1.3679538
3986,13,1.8,2.964225
3986,14,2.5,4.026727
3986,15,2.3,4.823103
3986,16,2.2,5.443653
3986,17,1.8,5.4018874
3986,18,0.6,4.7594166
3986,19,-0.2,4.0817494
3986,20,-1.0,3.0424263
3986,21,-1.7,2.3428183
3986,22,-2.1,1.1650008
3986,23,-2.6,0.2982841
3986,24,-3.0,-0.46316612
4159,1,4.6,3.5838642
4159,2,4.3,3.0793154
4159,3,3.5,2.2990077
4159,4,2.0,1.586863
4159,5,1.8,0.8970679
4159,6,1.8,0.28721127
4159,7,1.3,-0.16540456
4159,8,1.2,-0.55667937
4159,9,0.7,-0.95476055
4159,10,0.0,-1.2469914
4159,11,-0.5,-1.6075072
4159,12,-0.7,-1.8835032
4159,13,-0.5,-1.9618233
4159,14,-0.2,-1.9070331
4159,15,-0.4,-1.7501868
4159,16,-1.5,-1.320405
4159,17,-0.5,-0.53529793
4159,18,0.9,0.45092884
4159,19,2.2,1.5951589
4159,20,3.5,2.689113
4159,21,4.6,3.4688478
4159,22,5.7,4.287294
4159,23,6.7,4.610903
4159,24,7.1,4.6307225
4682,1,22.7,19.406687
4682,2,20.7,19.006786
4682,3,19.0,18.946354
4682,4,19.7,18.96265
4682,5,19.6,19.288141
4682,6,19.8,19.912508
4682,7,21.9,20.806475
4682,8,23.5,21.958063
4682,9,25.5,23.306005
4682,10,27.2,24.749517
4682,11,28.8,26.15088
4682,12,29.6,27.12548
4682,13,22.0,27.853685
4682,14,23.2,27.979824
4682,15,25.9,27.907055
4682,16,28.0,27.256323
4682,17,28.4,26.30832
4682,18,26.3,25.229385
4682,19,23.3,24.208925
4682,20,22.4,23.207106
4682,21,22.4,22.352177
4682,22,22.3,21.59038
4682,23,21.9,20.951399
4682,24,21.7,20.39867
4889,1,23.3,20.00652
4889,2,22.6,19.56862
4889,3,22.1,19.29921
4889,4,21.7,18.849298
4889,5,21.6,18.551477
4889,6,21.3,18.3581
4889,7,21.0,18.15933
4889,8,20.5,18.104242
4889,9,20.3,18.506874
4889,10,19.9,19.263865
4889,11,19.9,20.357912
4889,12,20.2,21.611301
4889,13,20.2,23.025948
4889,14,20.3,24.20807
4889,15,20.6,25.276321
4889,16,20.8,25.941992
4889,17,21.0,26.165728
4889,18,21.4,26.05058
4889,19,21.6,25.363365
4889,20,22.2,24.519697
4889,21,21.5,23.623707
4889,22,20.6,22.53975
4889,23,21.0,21.672562
4889,24,21.0,20.986515
5291,1,19.6,17.020086
5291,2,18.9,16.76217
5291,3,18.4,16.661095
5291,4,18.3,16.45049
5291,5,18.1,16.33179
5291,6,17.5,16.478573
5291,7,17.5,16.67205
5291,8,17.4,17.087646
5291,9,18.4,17.909357
5291,10,20.6,19.019478
5291,11,23.0,20.236164
5291,12,25.4,21.451557
5291,13,27.5,22.524374
5291,14,29.2,23.176672
5291,15,29.1,23.535532
5291,16,29.0,23.411612
5291,17,28.0,22.953463
5291,18,27.3,22.227339
5291,19,26.7,21.248983
5291,20,23.7,20.265558
5291,21,24.5,19.460865
5291,22,23.8,18.651556
5291,23,22.9,18.08173
5291,24,22.4,17.6658
5340,1,10.5,8.375798
5340,2,10.1,7.7422347
5340,3,9.6,7.5723863
5340,4,9.2,8.078635
5340,5,6.8,8.971393
5340,6,8.5,10.346898
5340,7,12.0,12.45377
5340,8,15.5,14.865727
5340,9,18.5,17.142681
5340,10,20.7,19.30515
5340,11,22.3,21.026552
5340,12,23.1,21.854273
5340,13,23.6,22.188175
5340,14,23.5,21.751211
5340,15,21.7,20.992594
5340,16,19.3,19.407703
5340,17,19.6,17.7181
5340,18,19.2,15.958306
5340,19,18.6,14.795347
5340,20,18.3,13.628386
5340,21,17.8,12.455514
5340,22,17.4,11.797715
5340,23,17.1,10.99512
5340,24,16.8,10.158569
5829,1,1.5,0.74123967
5829,2,0.7,1.0368882
5829,3,0.8,1.4748427
5829,4,2.9,2.304554
5829,5,5.6,3.2266605
5829,6,7.9,4.1770544
5829,7,9.6,5.2524796
5829,8,10.6,6.0398755
5829,9,11.1,6.6043615
5829,10,11.2,6.8013787
5829,11,10.9,6.7141204
5829,12,10.1,6.293574
5829,13,7.6,5.698709
5829,14,8.0,5.1730547
5829,15,6.6,4.5572248
5829,16,5.6,3.7805128
5829,17,4.9,3.3105345
5829,18,4.1,2.951834
5829,19,3.7,2.665729
5829,20,3.0,2.4302588
5829,21,2.3,1.9679085
5829,22,1.6,1.8477912
5829,23,1.0,1.6098778
5829,24,0.4,1.4948903
6008,1,9.6,8.507988
6008,2,10.0,8.027603
6008,3,10.0,7.503455
6008,4,9.8,6.8452234
6008,5,8.9,6.311015
6008,6,8.9,5.8314605
6008,7,8.8,5.370965
6008,8,8.9,4.9930267
6008,9,9.2,4.6490464
6008,10,9.4,4.36001
6008,11,9.5,4.055615
6008,12,9.9,3.8041296
6008,13,10.3,3.7103188
6008,14,10.9,3.6927323
6008,15,11.7,3.9153059
6008,16,12.2,4.391236
6008,17,11.4,5.0511627
6008,18,12.0,5.885091
6008,19,13.5,6.8522043
6008,20,15.3,7.7287645
6008,21,16.4,8.51404
6008,22,17.4,9.025836
6008,23,18.1,9.249411
6008,24,20.4,9.2441635
6217,1,30.1,23.497946
6217,2,25.6,22.564753
6217,3,22.6,21.647541
6217,4,21.6,20.488033
6217,5,20.1,19.627884
6217,6,19.4,18.728418
6217,7,18.5,17.870977
6217,8,17.5,17.168947
6217,9,16.3,16.47476
6217,10,15.5,15.980431
6217,11,14.9,15.623739
6217,12,15.2,15.286714
6217,13,17.2,15.469059
6217,14,16.0,15.693379
6217,15,17.5,16.453932
6217,16,20.8,17.596687
6217,17,24.3,18.84116
6217,18,27.8,20.318419
6217,19,30.5,21.889267
6217,20,31.8,23.193432
6217,21,32.1,24.217041
6217,22,32.2,24.784386
6217,23,32.0,24.848692
6217,24,31.5,24.600657
6340,1,17.8,15.727372
6340,2,17.8,15.720293
6340,3,17.9,16.012682
6340,4,17.6,16.31666
6340,5,17.5,16.853046
6340,6,17.8,17.57457
6340,7,18.0,18.336231
6340,8,18.4,19.138056
6340,9,19.2,19.971294
6340,10,19.4,20.69404
6340,11,21.0,21.269226
6340,12,21.9,21.497385
6340,13,23.4,21.48352
6340,14,23.9,21.12597
6340,15,23.6,20.700169
6340,16,22.8,20.02985
6340,17,19.9,19.307285
6340,18,19.5,18.613514
6340,19,19.2,18.01469
6340,20,18.5,17.473137
6340,21,18.2,17.094156
6340,22,18.1,16.713623
6340,23,17.7,16.429216
6340,24,17.4,16.240372
6422,1,11.5,10.396841
6422,2,14.0,11.97984
6422,3,15.9,13.751096
6422,4,17.5,15.241778
6422,5,18.3,16.582188
6422,6,19.0,17.46396
6422,7,19.4,17.72875
6422,8,19.6,17.472733
6422,9,19.2,16.91583
6422,10,17.6,15.826833
6422,11,15.5,14.809352
6422,12,13.7,13.627578
6422,13,12.5,12.447795
6422,14,11.6,11.48656
6422,15,11.1,10.733878
6422,16,10.8,10.047036
6422,17,10.4,9.419383
6422,18,9.8,8.912058
6422,19,8.9,8.358733
6422,20,8.1,7.9351807
6422,21,7.3,7.7383633
6422,22,6.9,7.710436
6422,23,7.4,8.119049
6422,24,10.9,8.977655
6577,1,27.1,21.797256
6577,2,24.7,21.256432
6577,3,24.2,20.862993
6577,4,23.9,20.293224
6577,5,23.1,20.02745
6577,6,22.3,19.613474
6577,7,21.7,19.212358
6577,8,21.3,18.800203
6577,9,21.5,18.488323
6577,10,21.7,18.286839
6577,11,21.9,18.37701
6577,12,21.9,18.45286
6577,13,21.9,18.98806
6577,14,22.5,19.570742
6577,15,23.7,20.513988
6577,16,24.9,21.492197
6577,17,26.6,22.337172
6577,18,27.8,23.198492
6577,19,27.5,23.756222
6577,20,29.0,24.087782
6577,21,28.9,24.099194
6577,22,29.5,23.80638
6577,23,29.2,23.34881
6577,24,29.3,22.875137
6591,1,28.1,23.900215
6591,2,28.7,24.687695
6591,3,28.5,25.31356
6591,4,29.6,25.35485
6591,5,30.6,25.251606
6591,6,30.4,24.837091
6591,7,28.9,24.078009
6591,8,26.5,23.35534
6591,9,25.6,22.649317
6591,10,24.3,21.996233
6591,11,24.0,21.59105
6591,12,23.5,21.06899
6591,13,22.9,20.729893
6591,14,22.4,20.220463
6591,15,22.0,19.860449
6591,16,21.8,19.466398
6591,17,21.5,19.024618
6591,18,21.5,18.784313
6591,19,21.8,18.779793
6591,20,22.6,18.993801
6591,21,23.1,19.555574
6591,22,23.9,20.377707
6591,23,25.0,21.338902
6591,24,27.5,22.445951
6716,1,23.4,19.422218
6716,2,23.2,19.017202
6716,3,22.7,19.136385
6716,4,22.3,19.572304
6716,5,22.6,20.399757
6716,6,24.6,21.64109
6716,7,26.7,23.260706
6716,8,28.9,25.15101
6716,9,31.0,27.001518
6716,10,32.8,28.78751
6716,11,34.6,30.274899
6716,12,36.0,31.032515
6716,13,36.8,31.375664
6716,14,37.3,30.944466
6716,15,37.1,30.319448
6716,16,36.0,29.070086
6716,17,31.5,27.597008
6716,18,29.8,26.058989
6716,19,28.3,24.900627
6716,20,26.9,23.740997
6716,21,25.9,22.76649
6716,22,24.9,21.998537
6716,23,24.2,21.27038
6716,24,23.9,20.609943
7131,1,23.3,20.896109
7131,2,23.2,20.672379
7131,3,23.1,20.676182
7131,4,22.9,20.575865
7131,5,23.0,20.659891
7131,6,23.4,20.922804
7131,7,23.5,21.232706
7131,8,23.9,21.685167
7131,9,24.0,22.415205
7131,10,24.2,23.290817
7131,11,24.1,24.254026
7131,12,24.1,25.069607
7131,13,24.6,25.803026
7131,14,25.1,26.160513
7131,15,24.3,26.396423
7131,16,24.0,26.232082
7131,17,23.9,25.80247
7131,18,24.2,25.2182
7131,19,23.8,24.495966
7131,20,24.4,23.74107
7131,21,24.0,23.103922
7131,22,24.0,22.43104
7131,23,24.0,21.925425
7131,24,24.0,21.540216
7257,1,33.0,26.57527
7257,2,30.4,25.931938
7257,3,29.3,25.453915
7257,4,28.4,24.754042
7257,5,27.9,24.389503
7257,6,27.3,23.913921
7257,7,26.8,23.416973
7257,8,26.3,22.980246
7257,9,25.9,22.566553
7257,10,25.6,22.307789
7257,11,25.4,22.271006
7257,12,25.4,22.179789
7257,13,25.4,22.584469
7257,14,25.8,22.95275
7257,15,27.0,23.764822
7257,16,28.5,24.747557
7257,17,29.9,25.63948
7257,18,31.1,26.63464
7257,19,32.5,27.461485
7257,20,33.5,28.047539
7257,21,34.5,28.363787
7257,22,35.0,28.31196
7257,23,35.2,27.9872
7257,24,34.4,27.59021
7308,1,25.9,21.946665
7308,2,25.6,21.844995
7308,3,25.2,22.201208
7308,4,25.2,22.681513
7308,5,26.0,23.49453
7308,6,26.7,24.545418
7308,7,28.6,25.726727
7308,8,30.2,27.013262
7308,9,31.7,28.233223
7308,10,32.5,29.339973
7308,11,33.2,30.233225
7308,12,34.3,30.558065
7308,13,29.2,30.620846
7308,14,29.1,30.125822
7308,15,30.1,29.569805
7308,16,30.2,28.635637
7308,17,29.9,27.55917
7308,18,28.8,26.495499
7308,19,27.9,25.643257
7308,20,27.1,24.805515
7308,21,26.7,24.135052
7308,22,26.3,23.5512
7308,23,25.9,23.036942
7308,24,25.6,22.656677
8437,1,0.9,2.414295
8437,2,0.5,2.6527991
8437,3,0.9,3.111087
8437,4,2.3,3.884403
8437,5,4.2,4.780387
8437,6,6.2,5.7070503
8437,7,7.9,6.7311926
8437,8,10.0,7.5370965
8437,9,11.2,8.106033
8437,10,12.0,8.366232
8437,11,12.2,8.340348
8437,12,11.6,7.973633
8437,13,10.6,7.454878
8437,14,10.7,6.9216366
8437,15,10.3,6.335944
8437,16,9.9,5.611093
8437,17,9.4,5.1001797
8437,18,9.1,4.677875
8437,19,8.1,4.363703
8437,20,7.7,4.0754733
8437,21,7.2,3.6562285
8437,22,6.9,3.4728389
8437,23,6.9,3.218937
8437,24,6.7,3.097397
9197,1,13.9,13.013876
9197,2,13.5,13.723655
9197,3,15.5,15.175247
9197,4,18.2,17.13903
9197,5,21.2,19.471252
9197,6,24.2,21.753225
9197,7,27.5,23.99797
9197,8,29.2,25.750826
9197,9,30.2,26.829046
9197,10,30.6,27.115625
9197,11,30.6,26.895077
9197,12,30.1,25.810553
9197,13,29.5,24.452858
9197,14,26.9,22.95109
9197,15,25.4,21.638374
9197,16,23.5,20.189255
9197,17,21.7,18.941437
9197,18,20.1,17.881084
9197,19,18.8,17.105228
9197,20,18.2,16.272343
9197,21,17.9,15.338107
9197,22,17.7,14.623047
9197,23,17.4,13.953406
9197,24,17.1,13.62472
9542,1,16.6,14.23107
9542,2,18.3,15.741859
9542,3,19.8,17.27012
9542,4,20.9,18.340506
9542,5,21.8,19.158897
9542,6,22.4,19.503633
9542,7,22.5,19.247559
9542,8,22.5,18.68172
9542,9,22.0,17.903868
9542,10,21.9,16.81009
9542,11,19.6,15.909156
9542,12,18.3,14.891575
9542,13,17.3,13.961364
9542,14,16.5,13.110991
9542,15,15.8,12.4595585
9542,16,14.1,11.824636
9542,17,12.9,11.163379
9542,18,12.3,10.63083
9542,19,12.2,10.214577
9542,20,11.8,9.972299
9542,21,11.9,10.082568
9542,22,12.4,10.465813
9542,23,14.0,11.249427
9542,24,17.0,12.406946
9928,1,29.7,25.886616
9928,2,30.7,25.726093
9928,3,29.6,25.569784
9928,4,30.4,25.125061
9928,5,29.2,24.794243
9928,6,28.2,24.43963
9928,7,25.5,23.972256
9928,8,23.3,23.557747
9928,9,23.5,23.183739
9928,10,24.0,22.909334
9928,11,24.7,22.663696
9928,12,24.3,22.341936
9928,13,24.0,22.24247
9928,14,23.8,22.03773
9928,15,23.4,22.07286
9928,16,23.3,22.24897
9928,17,23.9,22.53837
9928,18,25.4,23.02493
9928,19,25.4,23.682426
9928,20,24.6,24.290188
9928,21,27.5,24.920162
9928,22,29.0,25.440779
9928,23,30.2,25.75254
9928,24,30.2,25.983301
9977,1,32.0,27.482012
9977,2,31.1,26.634756
9977,3,29.6,25.97036
9977,4,28.3,25.104004
9977,5,27.5,24.626108
9977,6,26.7,23.99805
9977,7,25.8,23.390162
9977,8,25.5,22.86662
9977,9,25.4,22.362497
9977,10,25.2,22.084696
9977,11,24.8,22.108126
9977,12,24.6,22.11028
9977,13,25.4,22.752062
9977,14,25.9,23.380056
9977,15,27.5,24.520632
9977,16,28.9,25.84674
9977,17,30.6,27.015255
9977,18,32.5,28.252617
9977,19,33.3,29.20992
9977,20,34.5,29.849684
9977,21,35.6,30.095497
9977,22,35.1,29.915977
9977,23,34.8,29.401396
9977,24,34.5,28.80908
10048,1,11.2,8.881694
10048,2,12.0,8.935931
10048,3,12.4,8.777321
10048,4,11.7,8.272277
10048,5,9.5,7.69308
10048,6,7.8,7.0866036
10048,7,6.7,6.3871627
10048,8,6.2,5.8413982
10048,9,5.7,5.378611
10048,10,5.0,5.007064
10048,11,4.5,4.6907144
10048,12,4.0,4.4033265
10048,13,3.5,4.163633
10048,14,2.9,3.8745677
10048,15,3.0,3.688098
10048,16,2.9,3.6245646
10048,17,2.6,3.6970634
10048,18,2.5,3.973114
10048,19,4.0,4.55205
10048,20,5.7,5.255723
10048,21,8.7,6.1636558
10048,22,10.3,7.074137
10048,23,11.3,7.8786874
10048,24,12.0,8.534723
10591,1,-10.5,-7.8256054
10591,2,-8.5,-7.416889
10591,3,-7.0,-7.2571616
10591,4,-5.9,-6.8052626
10591,5,-5.5,-7.1696186
10591,6,-5.3,-6.998082
10591,7,-6.4,-7.111951
10591,8,-6.7,-7.444548
10591,9,-6.9,-7.6875033
10591,10,-7.2,-7.8465614
10591,11,-7.1,-8.699389
10591,12,-7.6,-8.836491
10591,13,-7.4,-9.299049
10591,14,-6.4,-9.484741
10591,15,-4.8,-10.078876
10591,16,-4.1,-10.330098
10591,17,-3.5,-10.030596
10591,18,-2.7,-10.124396
10591,19,-2.2,-9.377436
10591,20,-1.5,-9.1307
10591,21,-0.9,-8.68211
10591,22,-0.7,-8.168387
10591,23,-0.9,-7.6550665
10591,24,-0.9,-7.511763
10795,1,-2.9,-2.5183628
10795,2,-2.8,-3.2056139
10795,3,-2.9,-3.8611243
10795,4,-3.2,-3.9972808
10795,5,-3.0,-4.469431
10795,6,-2.4,-4.902438
10795,7,-1.9,-4.990653
10795,8,-1.5,-4.9644833
10795,9,-1.5,-5.00532
10795,10,-1.1,-4.2613845
10795,11,0.6,-3.689137
10795,12,2.8,-2.6604228
10795,13,4.8,-0.9716635
10795,14,6.0,0.66787064
10795,15,6.7,1.9707321
10795,16,6.0,2.986362
10795,17,5.2,3.7539232
10795,18,5.1,3.8547182
10795,19,4.1,3.8565323
10795,20,3.4,3.2287154
10795,21,3.1,2.097808
10795,22,3.5,1.3036585
10795,23,3.3,0.27299023
10795,24,4.3,-0.6286771
11179,1,3.3,-0.016555607
11179,2,2.3,-0.048163712
11179,3,0.4,-0.021285713
11179,4,-0.6,-0.15098038
11179,5,-1.1,-0.28920016
11179,6,-2.0,-0.53307045
11179,7,-3.3,-0.7639795
11179,8,-4.7,-0.86154324
11179,9,-4.9,-0.989089
11179,10,-4.1,-0.95979893
11179,11,-1.1,-0.84936035
11179,12,0.2,-0.70707726
11179,13,1.6,-0.3960518
11179,14,3.2,-0.18896021
11179,15,4.4,0.06824959
11179,16,4.7,0.3040715
11179,17,4.9,0.3340977
11179,18,4.2,0.2628302
11179,19,3.5,0.26627272
11179,20,3.1,0.21218476
11179,21,1.7,0.25137
11179,22,0.1,0.21232009
11179,23,1.0,0.27452177
11179,24,0.1,0.35361522
11297,1,7.3,4.3496704
11297,2,6.5,3.8028636
11297,3,5.4,3.0273182
11297,4,4.5,2.1742547
11297,5,4.6,1.3742887
11297,6,3.9,0.67983204
11297,7,3.5,0.03607072
11297,8,3.0,-0.42706183
11297,9,2.5,-0.9376129
11297,10,2.1,-1.3497195
11297,11,1.6,-1.7895348
11297,12,1.5,-2.1537015
11297,13,1.2,-2.3457828
11297,14,1.0,-2.4911544
11297,15,0.9,-2.3919337
11297,16,2.3,-1.8704991
11297,17,5.0,-1.075827
11297,18,8.0,-0.033238906
11297,19,10.8,1.2891806
11297,20,12.9,2.551801
11297,21,14.1,3.6644607
11297,22,14.9,4.614979
11297,23,15.0,5.1069813
11297,24,14.6,5.2171407
11657,1,10.8,10.595219
11657,2,10.6,9.97893
11657,3,10.2,9.439357
11657,4,9.9,8.881924
11657,5,9.7,8.562928
11657,6,9.6,8.195408
11657,7,9.5,7.902455
11657,8,9.7,7.5629067
11657,9,9.8,7.3001223
11657,10,9.9,7.109704
11657,11,10.2,7.0577493
11657,12,10.7,7.091151
11657,13,11.5,7.474237
11657,14,12.6,8.033197
11657,15,13.9,8.852358
11657,16,16.1,9.79043
11657,17,14.0,10.762229
11657,18,14.1,11.755751
11657,19,14.7,12.467525
11657,20,15.0,12.961784
11657,21,16.0,13.079118
11657,22,18.2,12.89361
11657,23,20.0,12.460978
11657,24,20.3,11.944128
11906,1,27.2,21.960808
11906,2,26.0,21.328201
11906,3,25.3,20.881159
11906,4,25.0,20.278715
11906,5,24.3,19.970951
11906,6,23.3,19.550325
11906,7,22.8,19.152845
11906,8,22.0,18.761766
11906,9,21.2,18.606565
11906,10,20.5,18.660038
11906,11,20.4,19.103933
11906,12,21.6,19.635933
11906,13,23.0,20.645311
11906,14,23.4,21.68106
11906,15,23.6,22.987192
11906,16,24.0,24.180004
11906,17,24.6,25.083897
11906,18,23.7,25.835257
11906,19,23.2,26.064938
11906,20,23.3,26.003553
11906,21,23.0,25.585247
11906,22,20.3,24.834753
11906,23,18.9,24.028975
11906,24,17.4,23.279816
11909,1,20.5,17.966585
11909,2,20.4,18.466656
11909,3,21.6,19.53839
11909,4,23.0,20.840712
11909,5,23.4,22.446062
11909,6,23.6,24.08304
11909,7,24.0,25.627943
11909,8,24.6,26.858553
11909,9,23.7,27.748713
11909,10,23.2,28.128649
11909,11,23.3,28.177261
11909,12,23.0,27.618809
11909,13,20.3,26.813698
11909,14,18.9,25.799618
11909,15,17.4,24.881773
11909,16,17.3,23.805962
11909,17,18.8,22.817972
11909,18,18.5,21.94345
11909,19,17.4,21.215052
11909,20,17.1,20.46945
11909,21,17.5,19.762125
11909,22,17.5,19.13278
11909,23,18.1,18.620546
11909,24,18.6,18.382547
11958,1,22.0,18.520748
11958,2,24.3,20.080772
11958,3,25.7,21.882605
11958,4,26.7,23.32834
11958,5,27.2,24.650087
11958,6,27.6,25.5183
11958,7,27.4,25.721992
11958,8,27.3,25.476196
11958,9,26.6,24.904636
11958,10,25.9,23.865177
11958,11,25.2,22.912657
11958,12,24.0,21.73345
11958,13,22.2,20.608368
11958,14,21.9,19.564543
11958,15,20.9,18.789446
11958,16,19.9,18.083065
11958,17,18.8,17.36506
11958,18,17.7,16.780754
11958,19,16.9,16.228045
11958,20,15.9,15.776882
11958,21,15.0,15.623272
11958,22,14.6,15.625928
11958,23,14.8,16.054811
11958,24,15.0,16.94525
12015,1,26.1,21.299501
12015,2,28.3,22.262913
12015,3,29.6,23.136114
12015,4,30.9,23.51172
12015,5,31.0,23.723587
12015,6,30.1,23.591986
12015,7,29.0,23.059082
12015,8,28.2,22.426758
12015,9,27.8,21.754873
12015,10,26.5,21.02403
12015,11,26.0,20.507046
12015,12,24.9,19.883682
12015,13,24.3,19.419403
12015,14,24.1,18.881407
12015,15,23.6,18.486475
12015,16,23.2,18.05378
12015,17,22.8,17.593601
12015,18,22.3,17.290379
12015,19,21.8,17.136242
12015,20,21.6,17.16192
12015,21,20.6,17.483694
12015,22,20.6,18.071066
12015,23,22.1,18.862902
12015,24,22.8,19.88165
13995,1,-3.4,-3.313367
13995,2,-4.3,-3.5974169
13995,3,-5.9,-3.8231342
13995,4,-5.2,-4.1193385
13995,5,-3.6,-4.3484845
13995,6,-3.3,-4.3899446
13995,7,-3.4,-4.348587
13995,8,-3.7,-4.3063235
13995,9,-4.1,-3.9304705
13995,10,-3.8,-3.4480271
13995,11,-2.9,-3.0037522
13995,12,-2.0,-2.3251767
13995,13,-0.3,-1.7790749
13995,14,0.9,-1.2054358
13995,15,1.1,-0.8476424
13995,16,0.8,-0.5421485
13995,17,0.8,-0.3034989
13995,18,0.9,-0.28028306
13995,19,0.8,-0.47264498
13995,20,0.6,-0.71607465
13995,21,0.5,-0.92630506
13995,22,0.8,-1.4576936
13995,23,0.8,-1.7858932
13995,24,0.7,-2.1853704
14030,1,-2.5,-1.950814
14030,2,-1.4,-1.0855019
14030,3,0.2,-0.058686674
14030,4,1.2,1.0506508
14030,5,1.9,2.1162245
14030,6,2.5,2.917509
14030,7,3.7,3.4020116
14030,8,3.9,3.5697994
14030,9,3.7,3.3056738
14030,10,3.4,2.5410469
14030,11,2.1,1.8064917
14030,12,0.7,0.86012566
14030,13,0.1,-0.06733659
14030,14,-0.8,-0.82031024
14030,15,-1.9,-1.2917973
14030,16,-2.9,-1.5942895
14030,17,-3.7,-1.8376722
14030,18,-4.6,-1.9845809
14030,19,-4.2,-2.0607352
14030,20,-5.0,-2.1642158
14030,21,-6.1,-2.3271718
14030,22,-6.8,-2.3647914
14030,23,-7.2,-2.2780359
14030,24,-8.9,-2.0235026
14673,1,30.4,23.309769
14673,2,28.9,22.808323
14673,3,27.6,22.18805
14673,4,26.2,21.238194
14673,5,25.1,20.409775
14673,6,24.0,19.544765
14673,7,22.4,18.64547
14673,8,21.0,17.923576
14673,9,20.4,17.19569
14673,10,18.8,16.64868
14673,11,17.3,16.154005
14673,12,16.6,15.635331
14673,13,16.1,15.478751
14673,14,15.5,15.278366
14673,15,16.1,15.478493
14673,16,17.3,16.009706
14673,17,18.5,16.735651
14673,18,19.7,17.765139
14673,19,20.4,19.14276
14673,20,20.2,20.420677
14673,21,19.7,21.653233
14673,22,19.7,22.67961
14673,23,19.2,23.273464
14673,24,19.9,23.58088
14775,1,8.3,7.4461193
14775,2,8.2,7.6216207
14775,3,8.5,7.76386
14775,4,8.1,7.8094063
14775,5,8.2,7.835314
14775,6,8.9,7.923222
14775,7,9.0,7.920512
14775,8,9.3,7.7946196
14775,9,9.6,7.8416305
14775,10,9.5,7.835743
14775,11,8.8,7.7754836
14775,12,8.1,7.7819467
14775,13,7.7,7.687685
14775,14,7.4,7.66956
14775,15,7.4,7.5450306
14775,16,5.8,7.367314
14775,17,5.7,7.357426
14775,18,5.4,7.3774214
14775,19,5.4,7.312276
14775,20,6.2,7.31398
14775,21,7.9,7.3514104
14775,22,10.9,7.3964696
14775,23,13.5,7.487478
14775,24,16.1,7.6274424
15658,1,5.7,4.4360676
15658,2,5.0,4.153998
15658,3,3.8,3.6050384
15658,4,3.3,3.0029595
15658,5,3.4,2.3774107
15658,6,3.7,1.8408664
15658,7,3.6,1.3854526
15658,8,3.7,0.9941386
15658,9,3.6,0.66339856
15658,10,3.6,0.3963787
15658,11,3.7,0.054118045
15658,12,3.7,-0.21743038
15658,13,3.7,-0.42417642
15658,14,3.7,-0.5413031
15658,15,3.8,-0.608661
15658,16,3.9,-0.46980923
15658,17,4.6,0.0055298954
15658,18,4.5,0.68732065
15658,19,3.5,1.5993271
15658,20,2.5,2.5437772
15658,21,3.2,3.3719883
15658,22,3.2,4.2352905
15658,23,2.7,4.7520695
15658,24,2.2,5.002286
15874,1,-1.2,-1.5659716
15874,2,-1.6,-2.1694155
15874,3,-2.7,-2.636048
15874,4,-3.3,-3.76589
15874,5,-3.5,-4.266859
15874,6,-4.2,-4.876351
15874,7,-4.9,-5.563675
15874,8,-5.6,-5.77228
15874,9,-6.1,-6.118079
15874,10,-6.5,-6.6066813
15874,11,-6.9,-6.6697636
15874,12,-7.1,-7.0174828
15874,13,-7.1,-7.2905755
15874,14,-7.1,-7.852096
15874,15,-7.0,-7.70348
15874,16,-6.8,-6.841017
15874,17,-7.4,-6.343416
15874,18,-6.6,-5.43485
15874,19,-5.1,-4.4525084
15874,20,-3.4,-3.2560067
15874,21,-1.5,-1.793641
15874,22,0.4,-1.2929531
15874,23,2.0,-0.77066034
15874,24,3.0,-0.68490696
15956,1,-1.2,-1.8562958
15956,2,-1.2,-2.2625473
15956,3,-1.2,-2.664523
15956,4,-1.0,-2.85761
15956,5,-0.9,-3.0794547
15956,6,-0.8,-3.2880538
15956,7,-0.8,-3.288621
15956,8,-0.6,-3.2408168
15956,9,-0.4,-3.2343898
15956,10,-0.4,-3.0473936
15956,11,-1.2,-2.8824112
15956,12,-0.8,-2.6232092
15956,13,-0.1,-2.110632
15956,14,0.3,-1.5623479
15956,15,0.8,-1.0184972
15956,16,1.9,-0.5303842
15956,17,2.2,-0.07789635
15956,18,2.2,0.19530208
15956,19,2.7,0.5155561
15956,20,2.6,0.5799383
15956,21,2.3,0.36010757
15956,22,2.2,0.19956936
15956,23,1.4,-0.13081151
15956,24,0.9,-0.5484506
16789,1,10.3,8.818149
16789,2,10.3,8.45345
16789,3,10.1,8.2096405
16789,4,10.1,8.067305
16789,5,9.9,8.029479
16789,6,9.9,8.265868
16789,7,10.1,8.74858
16789,8,10.0,9.385195
16789,9,10.1,10.355129
16789,10,10.1,11.448189
16789,11,10.3,12.553115
16789,12,10.4,13.553001
16789,13,11.3,14.345538
16789,14,11.5,14.85535
16789,15,12.1,15.092271
16789,16,11.9,14.800932
16789,17,11.6,14.342389
16789,18,10.9,13.668437
16789,19,10.3,12.945193
16789,20,10.0,12.187402
16789,21,9.7,11.461269
16789,22,9.5,10.835188
16789,23,9.4,10.322381
16789,24,9.3,9.829393
17511,1,22.8,19.808023
17511,2,23.5,20.619644
17511,3,23.8,21.810125
17511,4,24.3,22.916983
17511,5,23.3,24.146763
17511,6,23.1,25.224949
17511,7,23.0,25.927687
17511,8,23.5,26.281263
17511,9,23.1,26.375679
17511,10,22.9,26.097527
17511,11,22.7,25.691458
17511,12,22.6,24.978151
17511,13,22.3,24.22124
17511,14,22.0,23.410189
17511,15,21.8,22.75509
17511,16,21.9,22.133492
17511,17,21.8,21.567686
17511,18,21.6,21.11805
17511,19,21.4,20.616228
17511,20,21.1,20.139614
17511,21,21.0,19.775974
17511,22,21.1,19.424332
17511,23,21.1,19.274147
17511,24,21.1,19.472437
18092,1,7.0,6.234948
18092,2,6.9,5.691581
18092,3,6.5,5.185253
18092,4,6.4,4.7851353
18092,5,6.0,4.403527
18092,6,5.8,4.1451626
18092,7,5.6,4.055429
18092,8,5.2,4.0913334
18092,9,5.2,4.4389997
18092,10,5.5,5.1131763
18092,11,5.8,5.983477
18092,12,6.4,7.051036
18092,13,7.3,8.293515
18092,14,8.7,9.461787
18092,15,9.9,10.467436
18092,16,11.1,11.09246
18092,17,11.4,11.463324
18092,18,11.1,11.498168
18092,19,10.6,11.1544895
18092,20,10.1,10.593148
18092,21,9.1,9.799468
18092,22,8.5,9.022356
18092,23,7.7,8.254254
18092,24,7.5,7.557619
18116,1,7.7,5.6415305
18116,2,7.5,5.1983356
18116,3,6.8,4.774042
18116,4,6.6,4.428886
18116,5,6.3,4.1166778
18116,6,6.1,3.8544974
18116,7,5.3,3.705406
18116,8,5.5,3.595386
18116,9,5.9,3.7039309
18116,10,6.6,4.039562
18116,11,6.8,4.5360413
18116,12,7.3,5.2144217
18116,13,8.5,6.106049
18116,14,10.4,7.0344787
18116,15,11.9,7.9017897
18116,16,13.7,8.545431
18116,17,14.6,9.055326
18116,18,14.8,9.34027
18116,19,14.4,9.286366
18116,20,13.4,9.035945
18116,21,11.8,8.519466
18116,22,10.8,7.9780602
18116,23,10.3,7.38295
18116,24,9.6,6.835071
18158,1,8.5,5.813998
18158,2,8.2,5.9090405
18158,3,8.0,6.2222347
18158,4,7.7,6.749117
18158,5,7.5,7.416741
18158,6,7.6,8.225331
18158,7,7.8,9.117273
18158,8,7.9,9.93627
18158,9,7.6,10.616145
18158,10,7.2,11.1151495
18158,11,7.1,11.329683
18158,12,7.0,11.2318125
18158,13,7.0,10.921606
18158,14,6.9,10.44083
18158,15,6.6,9.853863
18158,16,6.6,9.122216
18158,17,6.4,8.530668
18158,18,5.8,8.013336
18158,19,5.0,7.618375
18158,20,4.4,7.283267
18158,21,4.7,6.9545226
18158,22,4.8,6.7798615
18158,23,4.9,6.560258
18158,24,4.9,6.4433904
18376,1,-10.3,-9.321164
18376,2,-9.0,-8.900186
18376,3,-7.9,-8.486335
18376,4,-5.6,-7.677146
18376,5,-4.8,-7.7427034
18376,6,-4.4,-7.3542733
18376,7,-4.0,-7.309112
18376,8,-4.0,-7.3223877
18376,9,-4.5,-7.6303873
18376,10,-4.0,-7.813876
18376,11,-4.4,-8.704627
18376,12,-4.7,-9.01714
18376,13,-4.5,-9.472356
18376,14,-3.9,-9.857105
18376,15,-3.4,-10.409681
18376,16,-2.2,-10.573227
18376,17,-1.9,-10.469457
18376,18,-1.7,-10.884614
18376,19,-1.5,-10.109478
18376,20,-2.1,-10.095013
18376,21,-2.9,-9.791792
18376,22,-3.5,-9.4305315
18376,23,-4.0,-9.056247
18376,24,-3.7,-9.028687
18422,1,-4.4,-4.9534845
18422,2,-4.4,-4.9049015
18422,3,-4.7,-4.5364256
18422,4,-5.3,-4.334139
18422,5,-5.9,-3.8099225
18422,6,-6.0,-3.3733819
18422,7,-5.3,-2.9041805
18422,8,-4.7,-2.3121204
18422,9,-4.2,-1.8901433
18422,10,-3.9,-1.67291
18422,11,-3.6,-1.3774703
18422,12,-3.5,-1.4088522
18422,13,-3.4,-1.5447681
18422,14,-3.8,-1.9249376
18422,15,-4.0,-2.119598
18422,16,-3.7,-2.2522175
18422,17,-4.0,-2.6999903
18422,18,-4.3,-3.1157737
18422,19,-3.8,-3.460211
18422,20,-4.2,-3.706081
18422,21,-4.2,-3.7432885
18422,22,-3.5,-4.1040993
18422,23,-3.9,-4.186024
18422,24,-3.6,-4.2784147
18442,1,-11.6,-12.546386
18442,2,-12.1,-12.313925
18442,3,-12.5,-13.046398
18442,4,-12.4,-13.344963
18442,5,-13.2,-14.560086
18442,6,-14.3,-14.941454
18442,7,-15.0,-15.207785
18442,8,-15.5,-16.220217
18442,9,-15.9,-16.363655
18442,10,-16.3,-16.444477
18442,11,-17.0,-17.56033
18442,12,-17.2,-17.48606
18442,13,-17.5,-18.068354
18442,14,-17.7,-17.722519
18442,15,-18.0,-18.513994
18442,16,-18.4,-18.904236
18442,17,-18.7,-17.790045
18442,18,-18.8,-16.953505
18442,19,-18.1,-15.58843
18442,20,-17.2,-14.425467
18442,21,-16.2,-13.54872
18442,22,-14.5,-12.383558
18442,23,-13.9,-11.472694
18442,24,-13.4,-11.302486
18546,1,7.6,5.0351195
18546,2,7.2,4.911636
18546,3,6.8,4.6016364
18546,4,6.1,4.167087
18546,5,5.8,3.705934
18546,6,5.2,3.3133934
18546,7,4.6,2.920888
18546,8,4.0,2.5565548
18546,9,3.5,2.3016346
18546,10,3.4,2.0759535
18546,11,3.5,1.8070285
18546,12,3.4,1.6209689
18546,13,3.3,1.4415127
18546,14,3.2,1.3432189
18546,15,3.1,1.2705859
18546,16,3.3,1.331399
18546,17,3.5,1.6447191
18546,18,3.5,2.1096642
18546,19,4.1,2.7220995
18546,20,4.6,3.3838263
18546,21,5.0,4.033695
18546,22,4.4,4.659816
18546,23,5.1,5.1006713
18546,24,5.1,5.3695736
18600,1,-8.5,-7.168636
18600,2,-8.4,-6.720454
18600,3,-8.0,-6.217503
18600,4,-6.4,-5.480518
18600,5,-6.2,-5.6050673
18600,6,-5.8,-5.2574916
18600,7,-5.8,-5.3904376
18600,8,-6.3,-5.493143
18600,9,-7.1,-5.844587
18600,10,-6.8,-6.0630693
18600,11,-7.5,-6.9046993
18600,12,-7.9,-7.1426797
18600,13,-8.3,-7.574244
18600,14,-8.6,-8.0037
18600,15,-8.6,-8.526056
18600,16,-7.3,-8.646218
18600,17,-7.6,-8.613107
18600,18,-7.4,-9.091603
18600,19,-7.3,-8.412771
18600,20,-7.3,-8.471906
18600,21,-7.3,-8.060205
18600,22,-7.0,-7.753473
18600,23,-7.1,-7.327599
18600,24,-7.1,-7.2130017
19137,1,3.5,4.4287243
19137,2,3.9,5.042938
19137,3,4.1,5.457737
19137,4,4.4,5.373249
19137,5,4.2,5.148251
19137,6,4.2,4.6450043
19137,7,3.7,3.9252493
19137,8,3.9,3.2661276
19137,9,3.8,2.648068
19137,10,3.6,2.0746088
19137,11,4.0,1.7170619
19137,12,4.2,1.3821666
19137,13,5.2,1.1433535
19137,14,5.1,0.86937296
19137,15,4.9,0.6512109
19137,16,4.4,0.4728974
19137,17,4.2,0.23239066
19137,18,4.0,0.118619785
19137,19,2.9,0.13487238
19137,20,2.6,0.39997476
19137,21,2.6,0.97716945
19137,22,3.0,1.6596633
19137,23,3.2,2.5415094
19137,24,3.9,3.488749
19357,1,0.9,-0.08769396
19357,2,0.6,-0.47218832
19357,3,0.2,-0.5627309
19357,4,-0.3,-0.66955674
19357,5,-0.7,-0.73110497
19357,6,-1.2,-0.57769567
19357,7,-0.7,-0.29689083
19357,8,-0.4,0.31447574
19357,9,0.0,0.96489954
19357,10,0.5,1.9741323
19357,11,0.9,2.807358
19357,12,1.2,3.6523547
19357,13,1.6,4.4442415
19357,14,1.9,4.7992673
19357,15,1.9,4.9459505
19357,16,1.8,4.8927436
19357,17,1.4,4.4812665
19357,18,1.0,3.780671
19357,19,1.1,3.1932905
19357,20,0.7,2.4893513
19357,21,0.7,2.0785422
19357,22,1.0,1.481937
19357,23,1.5,1.0744026
19357,24,2.2,0.73994243
20349,1,10.7,9.715068
20349,2,10.1,8.681335
20349,3,9.2,7.792618
20349,4,8.6,6.9797306
20349,5,8.1,6.4252357
20349,6,7.4,5.7855453
20349,7,7.1,5.3595166
20349,8,6.8,4.999156
20349,9,6.7,4.90375
20349,10,6.7,5.138626
20349,11,4.2,5.837462
20349,12,5.4,6.783446
20349,13,7.6,8.324903
20349,14,10.4,10.00887
20349,15,13.1,11.916512
20349,16,15.1,13.620887
20349,17,16.4,14.945477
20349,18,17.2,15.935435
20349,19,17.6,16.242676
20349,20,17.4,16.101357
20349,21,15.6,15.35548
20349,22,13.8,14.280979
20349,23,14.8,13.067816
20349,24,13.8,11.861471
20556,1,18.2,13.685204
20556,2,18.3,13.45874
20556,3,17.7,13.254299
20556,4,17.1,12.885868
20556,5,16.0,12.662702
20556,6,15.7,12.436742
20556,7,15.4,12.188343
20556,8,15.0,11.872903
20556,9,14.3,11.71404
20556,10,14.0,11.515947
20556,11,13.8,11.389439
20556,12,13.7,11.27901
20556,13,14.1,11.276121
20556,14,11.8,11.381057
20556,15,11.9,11.65517
20556,16,13.3,11.983528
20556,17,15.6,12.430055
20556,18,17.6,12.969505
20556,19,19.6,13.465476
20556,20,21.9,13.891986
20556,21,23.4,14.21832
20556,22,23.7,14.334279
20556,23,23.5,14.352299
20556,24,22.2,14.274775
20733,1,0.5,0.7505408
20733,2,0.2,0.0056706965
20733,3,0.1,-0.59628546
20733,4,-0.7,-0.9199169
20733,5,-0.9,-1.3122137
20733,6,-1.7,-1.744525
20733,7,-1.6,-1.9607251
20733,8,-1.7,-2.0532873
20733,9,-2.0,-2.2742739
20733,10,-2.5,-2.0079029
20733,11,-2.7,-1.7568123
20733,12,-2.8,-1.2377582
20733,13,-2.4,-0.11393523
20733,14,-1.7,1.0164349
20733,15,-1.2,2.2063289
20733,16,0.3,3.3539407
20733,17,0.8,4.262682
20733,18,2.2,4.778018
20733,19,2.9,5.224423
20733,20,3.1,5.1270647
20733,21,2.7,4.6184354
20733,22,1.8,4.0589137
20733,23,1.9,3.2616284
20733,24,1.1,2.4699602
21097,1,0.3,-0.0044124275
21097,2,1.9,0.5718119
21097,3,3.4,1.0683833
21097,4,4.7,1.6333153
21097,5,5.9,2.0529332
21097,6,6.9,2.3420203
21097,7,7.7,2.5713677
21097,8,7.9,2.538668
21097,9,7.7,2.4422166
21097,10,6.4,2.1447518
21097,11,6.9,1.7835003
21097,12,6.5,1.3877904
21097,13,5.7,0.96965814
21097,14,5.1,0.7342699
21097,15,5.2,0.41437656
21097,16,5.5,0.0039339066
21097,17,5.6,-0.19837624
21097,18,5.2,-0.3766906
21097,19,4.5,-0.49515182
21097,20,4.5,-0.5578652
21097,21,4.3,-0.70232344
21097,22,4.4,-0.53119606
21097,23,4.4,-0.31202918
21097,24,4.4,0.013263106
21304,1,8.2,6.691185
21304,2,6.1,7.170486
21304,3,7.7,8.1630945
21304,4,9.6,9.539701
21304,5,11.5,11.205336
21304,6,13.2,12.889987
21304,7,14.7,14.610512
21304,8,15.8,15.957149
21304,9,16.5,16.90467
21304,10,17.1,17.218988
21304,11,17.2,17.142271
21304,12,16.9,16.437387
21304,13,16.2,15.422091
21304,14,15.1,14.344747
21304,15,14.3,13.341701
21304,16,12.6,12.180682
21304,17,11.4,11.228809
21304,18,10.6,10.422912
21304,19,9.8,9.824919
21304,20,9.4,9.234167
21304,21,9.0,8.576447
21304,22,8.5,8.064411
21304,23,8.2,7.608188
21304,24,8.0,7.355737
21455,1,8.4,7.196188
21455,2,7.9,6.7300487
21455,3,7.6,6.8022814
21455,4,7.4,7.606778
21455,5,8.2,8.816338
21455,6,10.7,10.472871
21455,7,13.5,12.7835455
21455,8,16.4,15.258347
21455,9,18.6,17.458654
21455,10,19.8,19.368704
21455,11,20.6,20.734022
21455,12,21.1,21.154606
21455,13,21.3,21.052513
21455,14,21.1,20.286581
21455,15,20.6,19.288347
21455,16,19.2,17.59788
21455,17,17.7,15.9241705
21455,18,16.4,14.254982
21455,19,15.5,13.235779
21455,20,14.8,12.191594
21455,21,14.3,11.1154995
21455,22,13.9,10.502786
21455,23,13.6,9.726095
21455,24,13.2,8.927889
21541,1,26.3,21.244217
21541,2,25.9,20.959911
21541,3,25.2,20.83993
21541,4,24.7,20.477127
21541,5,24.2,20.294918
21541,6,23.7,20.099674
21541,7,23.2,19.83209
21541,8,21.1,19.600866
21541,9,21.4,19.739363
21541,10,21.0,20.098381
21541,11,19.3,20.806257
21541,12,19.7,21.625402
21541,13,20.6,22.662638
21541,14,22.1,23.586187
21541,15,23.6,24.53833
21541,16,24.9,25.218046
21541,17,25.7,25.551443
21541,18,25.3,25.66167
21541,19,25.6,25.249014
21541,20,24.6,24.69748
21541,21,24.8,24.06306
21541,22,23.6,23.20127
21541,23,21.1,22.524893
21541,24,19.2,22.011993
21838,1,22.5,19.285854
21838,2,22.7,19.001743
21838,3,22.2,18.909943
21838,4,22.6,18.676535
21838,5,21.5,18.604147
21838,6,21.2,18.707613
21838,7,21.3,18.851734
21838,8,19.8,19.175255
21838,9,20.1,19.87463
21838,10,20.4,20.823696
21838,11,20.9,21.954855
21838,12,22.7,23.052187
21838,13,23.6,24.109003
21838,14,25.4,24.795696
21838,15,26.4,25.30118
21838,16,27.1,25.358814
21838,17,27.3,25.05473
21838,18,26.9,24.509693
21838,19,26.3,23.65129
21838,20,21.4,22.757608
21838,21,21.3,21.9658
21838,22,21.3,21.110674
21838,23,21.2,20.480564
21838,24,21.2,20.010319
22150,1,24.5,21.528557
22150,2,24.3,21.305752
22150,3,24.1,21.300976
22150,4,23.7,21.150564
22150,5,23.5,21.182129
22150,6,23.0,21.37564
22150,7,23.2,21.588604
22150,8,23.6,21.953424
22150,9,25.1,22.635305
22150,10,24.8,23.514925
22150,11,26.8,24.533583
22150,12,27.0,25.45411
22150,13,29.1,26.328083
22150,14,30.6,26.821827
22150,15,30.9,27.175879
22150,16,30.4,27.122982
22150,17,29.4,26.754541
22150,18,28.9,26.201569
22150,19,28.1,25.405338
22150,20,25.3,24.584305
22150,21,25.1,23.879015
22150,22,25.0,23.11889
22150,23,25.1,22.558151
22150,24,24.9,22.155727
22553,1,29.9,24.644697
22553,2,32.2,25.96155
22553,3,33.9,27.581451
22553,4,34.9,28.926313
22553,5,36.0,30.251348
22553,6,37.2,31.192219
22553,7,37.0,31.563904
22553,8,36.4,31.522898
22553,9,35.8,31.141861
22553,10,34.7,30.359623
22553,11,33.2,29.595081
22553,12,32.2,28.51751
22553,13,31.5,27.53392
22553,14,30.7,26.528254
22553,15,29.9,25.779926
22553,16,29.8,25.075325
22553,17,29.2,24.373714
22553,18,29.0,23.824413
22553,19,28.1,23.297659
22553,20,27.5,22.838623
22553,21,26.9,22.59106
22553,22,26.4,22.513344
22553,23,25.2,22.74109
22553,24,26.8,23.422586
23096,1,7.4,7.452179
23096,2,7.0,8.021199
23096,3,8.3,9.077722
23096,4,10.2,10.508533
23096,5,12.3,12.190752
23096,6,14.1,13.8288
23096,7,16.0,15.450627
23096,8,17.0,16.63701
23096,9,17.5,17.398115
23096,10,17.6,17.52519
23096,11,17.5,17.282183
23096,12,16.7,16.457897
23096,13,15.5,15.400053
23096,14,14.8,14.352592
23096,15,14.1,13.406293
23096,16,13.7,12.344403
23096,17,13.2,11.518974
23096,18,12.6,10.841899
23096,19,10.2,10.322866
23096,20,9.5,9.791054
23096,21,8.9,9.141867
23096,22,8.5,8.662222
23096,23,7.4,8.223676
23096,24,6.1,8.022707
23106,1,19.0,16.934652
23106,2,20.7,17.95955
23106,3,21.2,18.590757
23106,4,21.4,18.487118
23106,5,21.1,18.046915
23106,6,19.7,17.20667
23106,7,18.1,15.97661
23106,8,16.8,14.909649
23106,9,15.9,13.823191
23106,10,15.4,12.860215
23106,11,14.7,12.207285
23106,12,13.9,11.49801
23106,13,12.3,10.976888
23106,14,11.9,10.279359
23106,15,11.7,9.715118
23106,16,11.6,9.171185
23106,17,11.4,8.600873
23106,18,11.2,8.306851
23106,19,11.5,8.469829
23106,20,11.5,8.987902
23106,21,11.9,10.023503
23106,22,13.5,11.482825
23106,23,15.0,13.082103
23106,24,15.2,14.768488
23887,1,9.1,6.549395
23887,2,8.9,5.6647525
23887,3,8.6,5.132132
23887,4,8.0,5.2129755
23887,5,7.6,5.615545
23887,6,7.9,6.599271
23887,7,10.2,8.402762
23887,8,13.3,10.699624
23887,9,16.3,13.108623
23887,10,21.4,15.651061
23887,11,23.5,17.887112
23887,12,24.9,19.391048
23887,13,25.5,20.389977
23887,14,26.0,20.515123
23887,15,24.2,20.151882
23887,16,21.5,18.781467
23887,17,20.9,17.13712
23887,18,19.7,15.265881
23887,19,18.2,13.873643
23887,20,16.8,12.4840145
23887,21,15.4,11.140842
23887,22,14.2,10.325161
23887,23,12.9,9.434097
23887,24,11.9,8.480713
23941,1,18.9,16.089502
23941,2,18.2,14.940427
23941,3,17.6,14.007765
23941,4,16.5,13.024282
23941,5,16.2,12.434124
23941,6,15.9,11.69453
23941,7,15.4,11.114178
23941,8,15.0,10.579598
23941,9,14.7,10.349095
23941,10,14.4,10.450472
23941,11,13.8,11.1296
23941,12,14.2,12.054656
23941,13,16.6,13.688444
23941,14,19.1,15.483235
23941,15,20.8,17.63989
23941,16,22.0,19.672972
23941,17,23.9,21.255594
23941,18,24.9,22.53363
23941,19,25.4,22.967838
23941,20,25.2,22.9251
23941,21,25.0,22.232096
23941,22,23.7,21.015545
23941,23,22.9,19.671885
23941,24,22.4,18.343832
24579,1,26.4,23.448284
24579,2,26.0,22.924435
24579,3,25.3,22.165834
24579,4,23.9,20.981688
24579,5,21.6,19.848413
24579,6,20.4,18.698156
24579,7,19.9,17.506329
24579,8,19.2,16.620314
24579,9,18.5,15.69944
24579,10,17.6,15.031973
24579,11,17.2,14.388088
24579,12,17.0,13.7228565
24579,13,16.7,13.418128
24579,14,16.4,13.002061
24579,15,16.0,13.017749
24579,16,16.1,13.456861
24579,17,17.1,14.146839
24579,18,18.4,15.233323
24579,19,20.4,16.908905
24579,20,22.5,18.535704
24579,21,24.2,20.237993
24579,22,24.9,21.767826
24579,23,26.7,22.778303
24579,24,27.6,23.395367
24793,1,27.7,23.337234
24793,2,28.8,24.508106
24793,3,30.3,25.821539
24793,4,31.6,26.754747
24793,5,32.4,27.57212
24793,6,32.6,28.057817
24793,7,32.7,27.994787
24793,8,32.4,27.65596
24793,9,32.1,27.134026
24793,10,29.7,26.393772
24793,11,29.6,25.746872
24793,12,28.8,24.947079
24793,13,28.1,24.259264
24793,14,27.6,23.527168
24793,15,27.2,22.976734
24793,16,25.8,22.452593
24793,17,25.3,21.900782
24793,18,25.1,21.460024
24793,19,25.1,21.05162
24793,20,25.0,20.73227
24793,21,24.8,20.687403
24793,22,24.7,20.811705
24793,23,25.9,21.227472
24793,24,27.5,22.018341
24839,1,23.0,19.944643
24839,2,23.1,19.906235
24839,3,22.7,20.2907
24839,4,22.3,20.789652
24839,5,23.2,21.603065
24839,6,23.6,22.604618
24839,7,24.5,23.708899
24839,8,27.4,24.862123
24839,9,28.1,25.928942
24839,10,27.1,26.846035
24839,11,28.8,27.55879
24839,12,29.3,27.741581
24839,13,28.3,27.69334
24839,14,27.8,27.180046
24839,15,27.1,26.633827
24839,16,25.4,25.77148
24839,17,23.6,24.818195
24839,18,23.2,23.905123
24839,19,23.3,23.1714
24839,20,23.5,22.4604
24839,21,23.4,21.87849
24839,22,23.8,21.372683
24839,23,22.8,20.922798
24839,24,22.4,20.606123
25300,1,7.5,3.9493334
25300,2,7.6,3.1092772
25300,3,6.5,2.0854983
25300,4,4.3,0.5023932
25300,5,2.6,-0.30634528
25300,6,1.8,-1.4716268
25300,7,0.3,-2.2688396
25300,8,-0.7,-2.5047364
25300,9,-1.3,-2.9636972
25300,10,-2.0,-3.5670698
25300,11,-2.5,-3.5601525
25300,12,-2.8,-4.2462034
25300,13,-2.9,-4.600166
25300,14,-3.1,-5.2613792
25300,15,-3.2,-5.1174574
25300,16,-3.2,-4.5022645
25300,17,-3.6,-4.0679946
25300,18,-3.3,-2.8912184
25300,19,-1.9,-1.4627662
25300,20,0.9,0.40497434
25300,21,3.8,2.1587715
25300,22,6.4,3.552981
25300,23,8.8,4.515484
25300,24,10.5,4.924636
25726,1,-3.8,-5.02367
25726,2,-4.3,-6.437046
25726,3,-4.7,-6.8912883
25726,4,-4.7,-7.424321
25726,5,-5.0,-7.908028
25726,6,-5.4,-8.235145
25726,7,-5.3,-8.997807
25726,8,-5.7,-8.7256975
25726,9,-6.2,-9.302142
25726,10,-6.6,-9.250641
25726,11,-8.2,-8.921501
25726,12,-8.5,-8.323572
25726,13,-7.9,-6.9293065
25726,14,-7.0,-6.284462
25726,15,-4.7,-4.4990234
25726,16,-2.6,-1.9122806
25726,17,-0.1,-0.7299784
25726,18,2.3,-0.26065075
25726,19,3.0,0.8760072
25726,20,2.3,0.7004851
25726,21,1.1,0.89401263
25726,22,-0.9,-0.33583087
25726,23,-0.7,-1.4914138
25726,24,-1.1,-2.9906166
26163,1,11.8,8.623433
26163,2,15.1,10.916018
26163,3,17.0,12.07867
26163,4,17.8,11.815958
26163,5,17.9,11.784009
26163,6,17.4,9.615243
26163,7,15.0,7.6501393
26163,8,11.7,5.7122126
26163,9,10.0,3.484105
26163,10,8.1,1.1934217
26163,11,6.4,0.57767045
26163,12,4.1,-1.0770961
26163,13,1.5,-1.5959132
26163,14,-0.4,-2.2240765
26163,15,-1.6,-2.5072773
26163,16,-2.3,-3.2408578
26163,17,-2.7,-4.467543
26163,18,-2.7,-4.7009106
26163,19,-2.7,-5.4311266
26163,20,-2.5,-4.484872
26163,21,-2.0,-3.6638012
26163,22,-0.1,-1.1260959
26163,23,3.4,1.6864281
26163,24,6.8,5.1014185
26232,1,-1.8,-2.3349829
26232,2,-2.0,-3.3763309
26232,3,-1.9,-3.5938954
26232,4,-1.5,-2.675004
26232,5,-2.0,-1.2129136
26232,6,-1.8,1.0957772
26232,7,1.0,4.4871993
26232,8,6.3,8.361277
26232,9,12.0,12.028067
26232,10,16.1,15.402401
26232,11,18.5,18.091713
26232,12,19.9,19.536175
26232,13,20.6,20.041578
26232,14,20.9,19.454897
26232,15,20.2,18.402582
26232,16,18.2,16.132782
26232,17,15.9,13.580894
26232,18,13.5,10.763625
26232,19,9.6,8.880376
26232,20,6.4,6.8626146
26232,21,4.6,4.931272
26232,22,3.0,3.5221605
26232,23,1.1,2.0692997
26232,24,-0.1,0.48669285
26873,1,9.5,7.930818
26873,2,10.6,8.834505
26873,3,11.3,10.283063
26873,4,12.1,11.935451
26873,5,12.8,13.845793
26873,6,14.5,15.604242
26873,7,15.4,17.178907
26873,8,16.1,18.23584
26873,9,16.9,18.883476
26873,10,17.4,18.762854
26873,11,16.7,18.381819
26873,12,16.7,17.4122
26873,13,16.8,16.161224
26873,14,16.6,14.966388
26873,15,15.4,13.9465275
26873,16,14.2,12.833386
26873,17,13.4,11.873987
26873,18,12.0,11.071359
26873,19,10.9,10.349798
26873,20,10.0,9.674587
26873,21,9.1,9.014365
26873,22,8.3,8.418766
26873,23,7.8,8.075048
26873,24,7.4,8.047956
27009,1,13.9,13.07323
27009,2,15.5,14.425403
27009,3,18.4,16.793509
27009,4,22.4,19.83542
27009,5,26.3,23.295237
27009,6,29.5,26.525177
27009,7,32.5,29.589201
27009,8,34.5,31.8773
27009,9,35.4,33.148487
27009,10,34.4,33.235313
27009,11,31.8,32.71213
27009,12,32.4,31.01387
27009,13,32.1,28.97189
27009,14,30.6,26.821001
27009,15,29.4,24.9688
27009,16,27.9,22.936434
27009,17,24.7,21.111158
27009,18,22.4,19.513742
27009,19,20.7,18.258913
27009,20,19.3,16.947392
27009,21,17.5,15.527672
27009,22,16.4,14.477202
27009,23,15.4,13.6299715
27009,24,14.5,13.35298
27574,1,19.6,17.564405
27574,2,19.3,16.957336
27574,3,19.1,16.498085
27574,4,18.9,15.9075
27574,5,18.2,15.553587
27574,6,17.2,15.144672
27574,7,16.6,14.763719
27574,8,16.0,14.397237
27574,9,16.0,14.3667145
27574,10,16.2,14.5990925
27574,11,15.8,15.22559
27574,12,16.6,16.041124
27574,13,17.6,17.25591
27574,14,18.9,18.502659
27574,15,19.9,19.871769
27574,16,20.5,21.048168
27574,17,21.9,21.902548
27574,18,22.2,22.515404
27574,19,20.9,22.478935
27574,20,21.3,22.185364
27574,21,19.8,21.560091
27574,22,18.5,20.62938
27574,23,17.0,19.725834
27574,24,16.9,18.92445
27968,1,8.2,4.623263
27968,2,7.3,3.9222493
27968,3,6.4,3.8464823
27968,4,5.0,4.7147985
27968,5,4.1,6.0216174
27968,6,5.3,7.960308
27968,7,8.3,10.742734
27968,8,10.1,13.823833
27968,9,11.1,16.628773
27968,10,8.0,19.203974
27968,11,10.9,21.112003
27968,12,12.8,21.95325
27968,13,14.6,22.121628
27968,14,14.3,21.415297
27968,15,14.8,20.315962
27968,16,10.6,18.3149
27968,17,9.6,16.256853
27968,18,9.1,14.106788
27968,19,8.7,12.712987
27968,20,8.5,11.270965
27968,21,8.2,9.816898
27968,22,8.1,8.943462
27968,23,7.9,7.888247
27968,24,7.8,6.799664
28596,1,6.6,3.9701867
28596,2,6.0,3.1849132
28596,3,3.3,2.2256947
28596,4,2.2,0.11831927
28596,5,2.0,-0.67455727
28596,6,0.8,-2.3151464
28596,7,-0.5,-3.391406
28596,8,-1.5,-3.5752332
28596,9,-2.1,-4.070351
28596,10,-2.1,-4.874214
28596,11,-2.2,-4.4608836
28596,12,-2.4,-5.3762193
28596,13,-2.4,-5.8435664
28596,14,-2.4,-6.967052
28596,15,-2.2,-6.8841352
28596,16,-2.5,-6.3775744
28596,17,-2.1,-6.5345182
28596,18,-1.9,-5.5575643
28596,19,-0.9,-4.3595953
28596,20,1.4,-2.1892948
28596,21,4.9,0.07972515
28596,22,10.1,1.8787656
28596,23,12.8,3.4589055
28596,24,14.3,4.440511
28839,1,-0.4,-2.4791412
28839,2,-0.8,-3.4294674
28839,3,-1.1,-3.878074
28839,4,-1.2,-4.241458
28839,5,-1.8,-4.761859
28839,6,-2.4,-5.042962
28839,7,-2.2,-5.123841
28839,8,-2.5,-4.6489472
28839,9,-2.9,-4.0958705
28839,10,-2.3,-2.4498532
28839,11,0.9,-0.9917908
28839,12,4.0,0.9597672
28839,13,6.2,3.3491898
28839,14,7.6,5.1262608
28839,15,8.3,6.5044737
28839,16,8.8,7.560791
28839,17,8.8,7.7196302
28839,18,8.4,6.950086
28839,19,6.2,6.0632286
28839,20,4.5,4.551942
28839,21,2.1,3.2671628
28839,22,1.0,1.614792
28839,23,-0.4,0.28170228
28839,24,-1.6,-0.8115566
29202,1,-6.6,-5.8844924
29202,2,-4.4,-4.9792333
29202,3,-1.3,-3.8402078
29202,4,0.9,-2.0164104
29202,5,3.8,-0.93897724
29202,6,6.4,0.2764324
29202,7,8.8,0.9954442
29202,8,10.2,1.4550346
29202,9,10.4,1.1004659
29202,10,11.0,0.38496518
29202,11,9.7,-0.8225103
29202,12,10.0,-1.924314
29202,13,8.5,-3.0205011
29202,14,7.2,-3.974494
29202,15,6.3,-4.667364
29202,16,6.0,-5.09373
29202,17,5.6,-5.317087
29202,18,5.9,-5.876268
29202,19,5.5,-5.3648357
29202,20,6.0,-5.6488905
29202,21,5.9,-5.926509
29202,22,5.6,-5.8175435
29202,23,5.4,-5.8044376
29202,24,5.8,-5.840195
29392,1,8.7,5.275208
29392,2,7.4,4.6074824
29392,3,6.4,4.4902396
29392,4,5.8,5.1429
29392,5,5.4,6.188492
29392,6,6.3,7.8335643
29392,7,9.5,10.216384
29392,8,12.5,12.9380045
29392,9,16.6,15.491758
29392,10,20.6,17.914152
29392,11,23.1,19.785625
29392,12,23.9,20.741213
29392,13,24.1,21.074183
29392,14,23.8,20.556664
29392,15,19.4,19.64704
29392,16,17.5,17.895758
29392,17,16.8,16.021244
29392,18,15.4,14.032063
29392,19,14.7,12.668762
29392,20,13.8,11.289255
29392,21,13.0,9.969186
29392,22,11.5,9.130192
29392,23,9.9,8.181531
29392,24,8.9,7.2136784
29598,1,12.4,10.162989
29598,2,11.3,9.090092
29598,3,10.4,8.146664
29598,4,9.8,7.2452545
29598,5,9.5,6.5219464
29598,6,8.9,5.904806
29598,7,8.9,5.500159
29598,8,8.7,5.2801795
29598,9,6.2,5.5722194
29598,10,5.7,6.359283
29598,11,3.2,7.6157317
29598,12,3.2,9.241012
29598,13,3.4,11.275852
29598,14,4.1,13.288759
29598,15,4.3,15.261382
29598,16,3.7,16.817783
29598,17,4.1,17.859653
29598,18,4.4,18.390127
29598,19,4.7,18.135271
29598,20,4.3,17.46802
29598,21,3.8,16.36862
29598,22,1.8,14.95911
29598,23,1.7,13.587217
29598,24,1.5,12.27273
30001,1,16.7,13.91241
30001,2,17.0,14.782375
30001,3,18.9,16.459433
30001,4,21.4,18.643953
30001,5,23.8,21.226688
30001,6,25.8,23.70886
30001,7,26.1,26.109488
30001,8,27.2,27.932293
30001,9,28.5,29.045149
30001,10,28.9,29.254452
30001,11,29.3,28.962385
30001,12,28.2,27.744576
30001,13,27.8,26.226507
30001,14,24.7,24.595428
30001,15,24.8,23.190083
30001,16,23.4,21.636486
30001,17,21.7,20.28151
30001,18,21.7,19.126839
30001,19,18.2,18.237083
30001,20,17.9,17.299631
30001,21,17.4,16.268408
30001,22,16.3,15.4473095
30001,23,15.6,14.74094
30001,24,15.5,14.4244
30149,1,32.2,26.650295
30149,2,31.5,26.572529
30149,3,30.1,26.291233
30149,4,28.3,25.499542
30149,5,27.6,24.676619
30149,6,26.8,23.817287
30149,7,26.3,22.799383
30149,8,25.9,22.029108
30149,9,25.5,21.29602
30149,10,25.0,20.758686
30149,11,24.0,20.273102
30149,12,23.4,19.722952
30149,13,22.8,19.385418
30149,14,22.3,18.847595
30149,15,21.7,18.605412
30149,16,21.3,18.603573
30149,17,20.9,18.766623
30149,18,22.5,19.259695
30149,19,24.7,20.316137
30149,20,26.9,21.42253
30149,21,28.8,22.791924
30149,22,30.3,24.126364
30149,23,31.4,25.188713
30149,24,32.3,26.011763
30324,1,18.1,16.79044
30324,2,19.2,17.694548
30324,3,19.7,18.220703
30324,4,19.8,18.05789
30324,5,19.1,17.582848
30324,6,17.3,16.765526
30324,7,15.5,15.599188
30324,8,16.4,14.58464
30324,9,15.6,13.592622
30324,10,15.1,12.714672
30324,11,14.7,12.115183
30324,12,14.3,11.476073
30324,13,14.0,10.994574
30324,14,13.7,10.361509
30324,15,13.4,9.8494005
30324,16,13.1,9.349148
30324,17,13.0,8.854425
30324,18,12.9,8.619319
30324,19,12.7,8.837113
30324,20,11.4,9.372643
30324,21,12.0,10.388495
30324,22,13.7,11.780378
30324,23,16.2,13.2875395
30324,24,18.7,14.841009
30654,1,13.4,11.145578
30654,2,13.1,10.552169
30654,3,12.4,9.951957
30654,4,12.2,9.253383
30654,5,12.0,8.721802
30654,6,11.4,8.234711
30654,7,10.4,7.782543
30654,8,9.3,7.369363
30654,9,8.7,7.0106597
30654,10,8.4,6.7203
30654,11,8.4,6.4419193
30654,12,8.3,6.2404604
30654,13,8.8,6.2746334
30654,14,8.9,6.4305043
30654,15,9.0,6.8612843
30654,16,10.2,7.540594
30654,17,12.5,8.39391
30654,18,15.5,9.387944
30654,19,17.9,10.417493
30654,20,19.1,11.282396
30654,21,19.7,11.948311
30654,22,20.2,12.295836
30654,23,19.9,12.322022
30654,24,17.6,12.1280155
30723,1,13.9,12.392009
30723,2,14.9,13.182318
30723,3,14.6,14.086539
30723,4,15.7,14.80315
30723,5,16.9,15.437505
30723,6,17.6,15.942967
30723,7,18.6,16.068666
30723,8,18.3,15.927636
30723,9,18.8,15.726221
30723,10,18.7,15.315748
30723,11,18.1,14.873553
30723,12,17.9,14.4024315
30723,13,17.9,13.8879175
30723,14,18.1,13.432439
30723,15,18.2,13.006525
30723,16,18.5,12.604105
30723,17,19.0,12.285284
30723,18,19.1,12.015362
30723,19,18.4,11.67646
30723,20,17.9,11.401549
30723,21,17.9,11.290341
30723,22,18.2,11.235075
30723,23,17.0,11.398611
30723,24,6.7,11.823648
31077,1,11.7,9.148401
31077,2,12.1,8.765001
31077,3,11.9,7.956379
31077,4,10.8,7.106502
31077,5,10.7,6.231505
31077,6,10.3,5.4790354
31077,7,9.9,4.8524637
31077,8,9.4,4.249184
31077,9,9.7,3.802564
31077,10,9.4,3.364062
31077,11,9.0,2.8813457
31077,12,9.7,2.4655259
31077,13,10.3,2.1070516
31077,14,10.4,1.948343
31077,15,10.5,1.8766403
31077,16,10.2,2.0107434
31077,17,9.3,2.684285
31077,18,9.3,3.6924284
31077,19,9.6,4.977197
31077,20,10.6,6.3247776
31077,21,11.0,7.4368153
31077,22,11.8,8.67366
31077,23,12.2,9.385573
31077,24,9.2,9.717541
31303,1,23.6,19.253704
31303,2,23.1,18.39762
31303,3,22.2,17.742508
31303,4,20.9,16.921953
31303,5,19.8,16.384148
31303,6,18.9,15.832081
31303,7,18.1,15.349724
31303,8,17.5,14.978754
31303,9,17.1,15.103205
31303,10,16.7,15.622205
31303,11,15.5,16.692144
31303,12,16.6,18.03065
31303,13,18.4,19.817505
31303,14,20.5,21.5669
31303,15,22.5,23.417473
31303,16,24.3,24.934544
31303,17,25.5,25.911188
31303,18,26.6,26.487396
31303,19,27.6,26.231392
31303,20,28.2,25.633432
31303,21,28.1,24.684448
31303,22,27.1,23.319029
31303,23,25.5,22.075241
31303,24,24.3,20.947863
31480,1,14.5,11.6926985
31480,2,14.2,10.762863
31480,3,13.9,10.022621
31480,4,13.5,9.560447
31480,5,13.2,9.245969
31480,6,12.9,9.409887
31480,7,12.6,10.12105
31480,8,13.6,11.261595
31480,9,15.8,12.978402
31480,10,18.2,15.140239
31480,11,20.9,17.431198
31480,12,23.1,19.60266
31480,13,25.0,21.561993
31480,14,26.6,22.919384
31480,15,27.8,23.764605
31480,16,28.5,23.596977
31480,17,28.6,22.91336
31480,18,27.9,21.69784
31480,19,26.5,20.31524
31480,20,25.8,18.7684
31480,21,24.5,17.188509
31480,22,23.6,15.845095
31480,23,22.7,14.663614
31480,24,21.9,13.519413
32045,1,35.5,30.2708
32045,2,35.9,30.175709
32045,3,35.5,29.89872
32045,4,34.9,29.087223
32045,5,32.5,28.284142
32045,6,31.4,27.382797
32045,7,30.6,26.314545
32045,8,29.7,25.500126
32045,9,28.0,24.664516
32045,10,24.3,24.04414
32045,11,25.4,23.510225
32045,12,26.7,22.86422
32045,13,26.4,22.531017
32045,14,25.9,21.971752
32045,15,25.7,21.782627
32045,16,25.6,21.86376
32045,17,26.9,22.082521
32045,18,28.5,22.663515
32045,19,30.1,23.800705
32045,20,31.8,24.972748
32045,21,33.4,26.36844
32045,22,34.7,27.73617
32045,23,36.1,28.787546
32045,24,35.3,29.61874
32212,1,31.0,27.181812
32212,2,31.9,27.864836
32212,3,32.8,28.342644
32212,4,33.2,28.184826
32212,5,33.3,27.875675
32212,6,30.7,27.286085
32212,7,27.9,26.352743
32212,8,26.1,25.528778
32212,9,26.2,24.704556
32212,10,26.3,23.989605
32212,11,26.2,23.488052
32212,12,26.0,22.863657
32212,13,25.6,22.45251
32212,14,25.0,21.823719
32212,15,24.4,21.395596
32212,16,23.9,21.015863
32212,17,23.6,20.63929
32212,18,23.4,20.531536
32212,19,23.5,20.805645
32212,20,24.8,21.291172
32212,21,26.7,22.16377
32212,22,28.7,23.275995
32212,23,30.6,24.428934
32212,24,32.7,25.645395
32350,1,30.5,24.628586
32350,2,31.3,23.877142
32350,3,31.8,23.383774
32350,4,31.0,22.758629
32350,5,30.0,22.530275
32350,6,29.2,22.168957
32350,7,28.5,21.825388
32350,8,27.9,21.52052
32350,9,27.4,21.243235
32350,10,27.1,21.145996
32350,11,26.9,21.34198
32350,12,26.5,21.502657
32350,13,26.3,22.226307
32350,14,26.2,22.923796
32350,15,28.1,24.0535
32350,16,29.8,25.273043
32350,17,31.1,26.270779
32350,18,33.0,27.2588
32350,19,34.9,27.850954
32350,20,35.7,28.133575
32350,21,35.8,28.02608
32350,22,35.3,27.513128
32350,23,35.4,26.774954
32350,24,35.3,26.049082
32575,1,30.9,26.149876
32575,2,30.4,25.139534
32575,3,29.6,24.430292
32575,4,28.8,23.59617
32575,5,28.5,23.068848
32575,6,28.0,22.61609
32575,7,27.4,22.224657
32575,8,26.8,22.060858
32575,9,26.3,22.332441
32575,10,25.8,23.134663
32575,11,24.6,24.427233
32575,12,26.1,25.940115
32575,13,28.3,27.945889
32575,14,30.6,29.70912
32575,15,32.9,31.569174
32575,16,34.5,33.08044
32575,17,35.1,33.955746
32575,18,35.6,34.38467
32575,19,36.0,34.03092
32575,20,36.2,33.25788
32575,21,35.7,32.17208
32575,22,34.4,30.67343
32575,23,33.9,29.242775
32575,24,33.1,27.963776
32602,1,22.3,19.29115
32602,2,22.5,19.950287
32602,3,23.8,21.255972
32602,4,25.8,22.846214
32602,5,28.4,24.77981
32602,6,30.7,26.641249
32602,7,32.1,28.369568
32602,8,33.8,29.666517
32602,9,34.8,30.459389
32602,10,35.1,30.613678
32602,11,33.9,30.402157
32602,12,31.8,29.47955
32602,13,31.7,28.376196
32602,14,31.5,27.123688
32602,15,31.0,26.074362
32602,16,30.4,24.93512
32602,17,29.6,23.935484
32602,18,29.1,23.114147
32602,19,28.6,22.4567
32602,20,28.2,21.761549
32602,21,27.8,21.028282
32602,22,27.2,20.406418
32602,23,26.8,19.866753
32602,24,26.5,19.656044
32781,1,35.2,31.41195
32781,2,34.7,31.06855
32781,3,33.4,30.579515
32781,4,32.3,29.622114
32781,5,30.1,28.71921
32781,6,30.2,27.798498
32781,7,30.0,26.746897
32781,8,29.3,25.973028
32781,9,28.9,25.163506
32781,10,28.2,24.606792
32781,11,27.5,24.067776
32781,12,26.7,23.442894
32781,13,26.1,23.159082
32781,14,25.5,22.652224
32781,15,25.1,22.552116
32781,16,24.7,22.801207
32781,17,24.5,23.233255
32781,18,25.3,24.031185
32781,19,27.1,25.399893
32781,20,26.5,26.720655
32781,21,29.8,28.19752
32781,22,33.0,29.547112
32781,23,34.4,30.469843
32781,24,35.2,31.10735
33079,1,17.3,15.6796
33079,2,16.9,15.095789
33079,3,16.5,14.652829
33079,4,15.9,14.099741
33079,5,15.5,13.7338085
33079,6,15.6,13.379898
33079,7,15.5,13.088289
33079,8,15.4,12.887634
33079,9,15.2,13.087729
33079,10,16.0,13.614734
33079,11,15.9,14.537756
33079,12,16.2,15.654182
33079,13,17.2,17.077433
33079,14,18.8,18.42562
33079,15,20.9,19.765816
33079,16,21.8,20.771711
33079,17,22.9,21.369417
33079,18,23.4,21.642363
33079,19,23.7,21.270248
33079,20,23.6,20.673758
33079,21,23.0,19.831259
33079,22,21.5,18.766232
33079,23,20.6,17.813663
33079,24,20.0,16.997717
33178,1,18.6,16.177725
33178,2,18.4,17.181967
33178,3,19.5,18.751337
33178,4,21.4,20.384554
33178,5,22.0,22.25327
33178,6,22.1,23.918879
33178,7,24.1,25.218493
33178,8,25.8,26.026917
33178,9,25.9,26.372984
33178,10,26.3,26.078402
33178,11,26.2,25.554373
33178,12,25.4,24.505459
33178,13,23.4,23.317768
33178,14,22.8,22.106335
33178,15,21.6,21.126461
33178,16,20.2,20.187443
33178,17,19.2,19.33955
33178,18,18.4,18.664495
33178,19,16.9,17.974903
33178,20,15.8,17.321705
33178,21,14.9,16.743263
33178,22,14.3,16.17984
33178,23,13.8,15.863314
33178,24,13.6,15.963064
33289,1,16.7,14.976806
33289,2,16.8,14.965194
33289,3,16.6,15.291096
33289,4,16.3,15.696877
33289,5,16.0,16.372616
33289,6,16.3,17.225197
33289,7,17.0,18.160042
33289,8,18.6,19.125282
33289,9,20.7,20.045755
33289,10,22.9,20.818188
33289,11,24.0,21.400461
33289,12,24.0,21.554928
33289,13,24.0,21.464714
33289,14,23.4,21.007982
33289,15,21.4,20.491732
33289,16,19.5,19.724451
33289,17,18.3,18.919336
33289,18,17.3,18.168303
33289,19,16.8,17.539415
33289,20,16.0,16.975185
33289,21,15.3,16.538387
33289,22,14.2,16.144003
33289,23,13.3,15.810149
33289,24,12.7,15.585426
33623,1,18.0,13.865408
33623,2,17.4,13.136781
33623,3,16.9,12.54494
33623,4,16.3,11.870275
33623,5,16.3,11.454961
33623,6,16.2,10.949079
33623,7,16.3,10.540465
33623,8,16.5,10.145253
33623,9,16.4,10.068024
33623,10,15.6,10.230902
33623,11,14.8,10.832328
33623,12,15.0,11.626875
33623,13,16.7,12.875728
33623,14,18.9,14.229905
33623,15,20.7,15.766451
33623,16,22.9,17.113955
33623,17,24.0,18.134985
33623,18,24.5,18.907732
33623,19,24.5,19.030392
33623,20,24.0,18.85058
33623,21,22.0,18.246227
33623,22,20.1,17.312437
33623,23,18.5,16.360952
33623,24,17.3,15.4596615
33765,1,10.9,9.586861
33765,2,10.0,9.391916
33765,3,8.7,8.638846
33765,4,6.9,7.7513433
33765,5,5.8,6.744137
33765,6,5.0,5.843896
33765,7,4.3,5.0437775
33765,8,3.5,4.293159
33765,9,3.1,3.738656
33765,10,1.6,3.197168
33765,11,0.8,2.6216006
33765,12,0.2,2.1123738
33765,13,-0.2,1.6044545
33765,14,-0.6,1.2758375
33765,15,-1.1,0.9833885
33765,16,-1.3,0.8834044
33765,17,-1.4,1.3810806
33765,18,-1.4,2.2695928
33765,19,-0.3,3.5736732
33765,20,1.6,5.04004
33765,21,3.6,6.376797
33765,22,5.6,7.9648285
33765,23,8.3,9.045691
33765,24,10.0,9.711517
33801,1,-0.6,0.40031198
33801,2,-1.4,0.23914132
33801,3,-1.9,0.115857765
33801,4,-3.6,0.33597088
33801,5,-4.1,0.60904443
33801,6,-4.6,1.1234766
33801,7,-4.5,1.9377769
33801,8,-4.3,2.788828
33801,9,-4.3,3.6316485
33801,10,-5.4,4.4463687
33801,11,-5.1,4.9762974
33801,12,-4.8,5.268961
33801,13,-4.6,5.327
33801,14,-4.2,5.1971993
33801,15,-4.3,4.7790217
33801,16,-7.0,4.0553927
33801,17,-7.0,3.5035083
33801,18,-7.3,2.9506805
33801,19,-7.6,2.5696664
33801,20,-7.7,2.2539358
33801,21,-7.4,1.8494766
33801,22,-8.6,1.7926425
33801,23,-8.7,1.5881348
33801,24,-8.8,1.3840044
34016,1,11.6,10.184711
34016,2,10.3,9.320508
34016,3,9.3,8.585486
34016,4,8.3,8.066344
34016,5,7.4,7.6240063
34016,6,6.8,7.652402
34016,7,6.1,8.148857
34016,8,5.2,9.079415
34016,9,5.2,10.637479
34016,10,6.0,12.720009
34016,11,7.4,14.967368
34016,12,9.0,17.229935
34016,13,10.5,19.305525
34016,14,12.0,20.811228
34016,15,13.2,21.751854
34016,16,13.9,21.720829
34016,17,14.3,21.153442
34016,18,14.1,20.01597
34016,19,14.3,18.591774
34016,20,13.3,17.023684
34016,21,12.2,15.451173
34016,22,11.8,14.0951185
34016,23,11.2,12.942409
34016,24,10.6,11.870281
34137,1,19.9,15.3073225
34137,2,19.2,15.439914
34137,3,18.7,15.94823
34137,4,18.5,16.51357
34137,5,18.6,17.325518
34137,6,12.5,18.296461
34137,7,10.2,19.245045
34137,8,11.5,20.171978
34137,9,13.4,21.008102
34137,10,11.6,21.65893
34137,11,10.6,22.096155
34137,12,10.6,22.132904
34137,13,11.4,21.919096
34137,14,11.6,21.362959
34137,15,11.7,20.767347
34137,16,9.3,19.98993
34137,17,9.4,19.18126
34137,18,9.3,18.42773
34137,19,9.4,17.761438
34137,20,9.5,17.154099
34137,21,9.7,16.711483
34137,22,9.0,16.270105
34137,23,8.7,15.933167
34137,24,8.5,15.75783
34461,1,28.0,23.57563
34461,2,27.3,23.343586
34461,3,27.2,23.041842
34461,4,27.0,22.426691
34461,5,25.3,21.896214
34461,6,24.5,21.342018
34461,7,24.0,20.705746
34461,8,23.8,20.1705
34461,9,23.4,19.681072
34461,10,23.4,19.310318
34461,11,22.7,18.977837
34461,12,22.0,18.59599
34461,13,21.4,18.448645
34461,14,20.9,18.223879
34461,15,20.5,18.268847
34461,16,20.2,18.498222
34461,17,20.6,18.879194
34461,18,21.8,19.492538
34461,19,23.2,20.374006
34461,20,24.3,21.210648
34461,21,25.0,22.078365
34461,22,24.6,22.830738
34461,23,25.5,23.319244
34461,24,26.5,23.64362
35225,1,22.1,19.608837
35225,2,21.4,19.609604
35225,3,21.1,19.767885
35225,4,21.0,19.727287
35225,5,21.1,19.811947
35225,6,21.7,20.008883
35225,7,22.0,20.12294
35225,8,21.7,20.329529
35225,9,23.2,20.763876
35225,10,23.5,21.336472
35225,11,24.5,21.980253
35225,12,25.2,22.545898
35225,13,27.0,23.051039
35225,14,25.7,23.244467
35225,15,24.4,23.319569
35225,16,24.6,23.144287
35225,17,24.6,22.778172
35225,18,24.3,22.332495
35225,19,23.1,21.697783
35225,20,23.2,21.116121
35225,21,23.3,20.703424
35225,22,23.2,20.25377
35225,23,23.5,19.977425
35225,24,23.5,19.870556
35445,1,13.2,12.070022
35445,2,14.2,12.628512
35445,3,14.8,12.896192
35445,4,15.0,12.67106
35445,5,14.5,12.232149
35445,6,13.6,11.619566
35445,7,12.3,10.780713
35445,8,11.8,10.052095
35445,9,11.1,9.416104
35445,10,10.4,8.86598
35445,11,9.7,8.477688
35445,12,9.1,8.101313
35445,13,8.5,7.782062
35445,14,7.9,7.377804
35445,15,7.4,7.0164347
35445,16,6.9,6.6592865
35445,17,6.4,6.3695264
35445,18,6.1,6.2703476
35445,19,5.9,6.48587
35445,20,5.3,6.9367685
35445,21,6.2,7.7298903
35445,22,8.0,8.750308
35445,23,9.2,9.832413
35445,24,11.3,10.908344
36008,1,20.9,19.078915
36008,2,20.9,18.925238
36008,3,20.6,18.921228
36008,4,20.4,18.707083
36008,5,20.4,18.673985
36008,6,20.7,18.596823
36008,7,21.2,18.44344
36008,8,21.3,18.307045
36008,9,20.7,18.398333
36008,10,20.1,18.645317
36008,11,20.4,19.141525
36008,12,20.9,19.657776
36008,13,22.5,20.36624
36008,14,24.1,20.950394
36008,15,25.2,21.574215
36008,16,26.5,22.013943
36008,17,27.4,22.206884
36008,18,28.0,22.286999
36008,19,28.1,21.948143
36008,20,27.6,21.55064
36008,21,26.4,21.089945
36008,22,24.6,20.482903
36008,23,23.9,19.99491
36008,24,22.9,19.679394
36247,1,13.4,10.756009
36247,2,12.3,9.957867
36247,3,12.0,9.23488
36247,4,11.5,8.463434
36247,5,11.0,7.9592166
36247,6,10.3,7.4425526
36247,7,9.9,7.0134735
36247,8,9.5,6.592109
36247,9,9.0,6.251832
36247,10,8.7,5.9933414
36247,11,8.4,5.8716583
36247,12,8.0,5.8557324
36247,13,7.8,6.206614
36247,14,6.5,6.745187
36247,15,8.5,7.6328287
36247,16,11.4,8.727972
36247,17,14.6,9.876165
36247,18,17.0,11.078654
36247,19,18.5,12.089337
36247,20,19.5,12.832656
36247,21,20.1,13.206151
36247,22,20.5,13.151609
36247,23,20.5,12.786164
36247,24,20.0,12.230761
36423,1,25.8,21.18737
36423,2,24.7,20.66051
36423,3,23.6,20.252813
36423,4,22.6,19.65256
36423,5,21.9,19.335337
36423,6,21.1,18.907587
36423,7,20.9,18.48532
36423,8,20.5,18.057566
36423,9,19.9,17.73874
36423,10,19.5,17.505339
36423,11,19.1,17.514322
36423,12,18.7,17.512804
36423,13,18.9,17.910366
36423,14,20.6,18.363708
36423,15,21.5,19.171532
36423,16,22.9,20.052164
36423,17,24.9,20.864376
36423,18,26.1,21.730612
36423,19,25.9,22.385443
36423,20,26.4,22.834875
36423,21,26.7,23.01471
36423,22,27.3,22.876335
36423,23,27.5,22.558212
36423,24,26.6,22.174747
36805,1,33.5,27.722364
36805,2,33.9,28.38905
36805,3,33.0,28.859486
36805,4,32.3,28.6727
36805,5,31.6,28.345655
36805,6,30.8,27.737576
36805,7,29.4,26.784866
36805,8,28.1,25.963175
36805,9,27.5,25.147594
36805,10,26.7,24.447327
36805,11,26.4,23.979097
36805,12,26.5,23.377817
36805,13,26.7,22.990623
36805,14,26.4,22.364077
36805,15,26.1,21.952656
36805,16,26.0,21.58376
36805,17,25.7,21.191326
36805,18,25.3,21.066442
36805,19,25.4,21.333021
36805,20,26.4,21.81064
36805,21,27.9,22.694378
36805,22,29.4,23.799963
36805,23,30.4,24.957998
36805,24,31.3,26.17335
36826,1,24.5,20.467936
36826,2,24.0,20.612324
36826,3,23.1,21.231266
36826,4,22.3,21.949417
36826,5,22.0,22.9832
36826,6,22.7,24.15801
36826,7,24.9,25.339048
36826,8,27.1,26.47003
36826,9,28.4,27.459938
36826,10,29.1,28.206446
36826,11,29.7,28.730492
36826,12,29.8,28.719091
36826,13,29.7,28.468872
36826,14,29.7,27.813427
36826,15,28.8,27.166561
36826,16,27.3,26.265867
36826,17,26.0,25.301527
36826,18,25.3,24.397217
36826,19,25.1,23.629944
36826,20,24.9,22.885878
36826,21,24.5,22.280876
36826,22,24.2,21.71361
36826,23,23.9,21.253054
36826,24,23.5,20.982317
37932,1,26.5,22.687754
37932,2,28.3,24.264772
37932,3,30.0,26.06939
37932,4,30.2,27.482378
37932,5,31.8,28.755234
37932,6,32.3,29.557434
37932,7,29.6,29.670399
37932,8,29.3,29.366444
37932,9,29.3,28.726067
37932,10,28.4,27.694138
37932,11,27.8,26.763384
37932,12,27.1,25.602005
37932,13,26.3,24.557344
37932,14,25.8,23.53036
37932,15,25.4,22.767471
37932,16,25.5,22.068058
37932,17,24.7,21.330233
37932,18,24.3,20.728619
37932,19,24.0,20.157091
37932,20,23.7,19.690044
37932,21,23.4,19.531761
37932,22,23.1,19.583511
37932,23,23.4,20.037916
37932,24,24.8,20.987505
38421,1,15.7,14.579682
38421,2,17.1,15.26047
38421,3,17.8,15.624438
38421,4,18.0,15.426105
38421,5,18.1,14.975113
38421,6,17.7,14.290942
38421,7,16.2,13.334384
38421,8,15.1,12.518253
38421,9,15.0,11.75657
38421,10,14.9,11.107891
38421,11,14.9,10.660333
38421,12,15.0,10.19653
38421,13,16.2,9.836885
38421,14,16.3,9.342503
38421,15,15.9,8.920302
38421,16,14.9,8.500695
38421,17,14.4,8.113709
38421,18,15.6,7.939752
38421,19,15.4,8.144561
38421,20,15.6,8.60945
38421,21,16.2,9.473172
38421,22,17.6,10.6320305
38421,23,19.1,11.865307
38421,24,19.8,13.11771
38428,1,17.6,15.230512
38428,2,19.1,16.182035
38428,3,19.8,17.20669
38428,4,21.2,17.937346
38428,5,21.8,18.546644
38428,6,22.9,18.922329
38428,7,22.8,18.868088
38428,8,21.9,18.581036
38428,9,18.0,18.195232
38428,10,15.7,17.62475
38428,11,13.0,17.109375
38428,12,12.6,16.52435
38428,13,12.3,15.971263
38428,14,11.8,15.430179
38428,15,11.2,14.972144
38428,16,11.6,14.523929
38428,17,11.3,14.099257
38428,18,10.1,13.754519
38428,19,9.3,13.404586
38428,20,8.6,13.1578865
38428,21,7.9,13.135992
38428,22,7.8,13.253279
38428,23,7.2,13.618409
38428,24,7.4,14.275969
38826,1,-3.3,-2.4171336
38826,2,-3.1,-2.566983
38826,3,-2.8,-2.6521156
38826,4,-3.1,-2.6588876
38826,5,-3.0,-2.5856636
38826,6,-3.0,-2.2335083
38826,7,-2.6,-1.6855273
38826,8,-2.2,-1.1423521
38826,9,-1.3,-0.35255745
38826,10,-0.8,0.36253166
38826,11,1.1,0.86492634
38826,12,2.6,1.3242649
38826,13,3.5,1.4164889
38826,14,3.8,1.4331044
38826,15,3.3,1.1663818
38826,16,2.2,0.69628
38826,17,1.1,0.3310441
38826,18,0.4,-0.112861976
38826,19,-0.1,-0.45929658
38826,20,-0.7,-0.7416211
38826,21,-1.3,-0.9220177
38826,22,-2.4,-1.1628083
38826,23,-3.0,-1.279012
38826,24,-3.3,-1.4977932
39403,1,15.3,14.277851
39403,2,16.2,15.031444
39403,3,18.8,16.357325
39403,4,21.3,17.95703
39403,5,23.4,19.819086
39403,6,24.6,21.575489
39403,7,25.3,23.149809
39403,8,25.8,24.241169
39403,9,25.2,24.850256
39403,10,25.3,24.81488
39403,11,25.4,24.435165
39403,12,24.4,23.467178
39403,13,23.4,22.32939
39403,14,22.0,21.166067
39403,15,21.4,20.182138
39403,16,20.9,19.158672
39403,17,20.6,18.315426
39403,18,20.2,17.630106
39403,19,19.5,17.038391
39403,20,19.0,16.415422
39403,21,18.8,15.734795
39403,22,18.6,15.159416
39403,23,18.5,14.689886
39403,24,18.4,14.556522
39629,1,26.7,23.065565
39629,2,28.9,23.62576
39629,3,29.5,24.032665
39629,4,29.8,23.920673
39629,5,29.1,23.698267
39629,6,29.3,23.269503
39629,7,27.9,22.563093
39629,8,26.8,21.909048
39629,9,26.0,21.319342
39629,10,25.6,20.791176
39629,11,21.7,20.442005
39629,12,21.5,20.007236
39629,13,20.8,19.709553
39629,14,20.5,19.26292
39629,15,20.2,18.951805
39629,16,19.9,18.632244
39629,17,19.6,18.328238
39629,18,18.9,18.220903
39629,19,18.5,18.376965
39629,20,18.2,18.701878
39629,21,17.7,19.332058
39629,22,18.3,20.138102
39629,23,19.4,21.012403
39629,24,20.3,21.946566
39797,1,21.8,21.810045
39797,2,21.0,22.32128
39797,3,21.0,22.701136
39797,4,21.6,22.619122
39797,5,22.0,22.444155
39797,6,22.0,22.088232
39797,7,22.6,21.477287
39797,8,22.3,20.883488
39797,9,21.6,20.361988
39797,10,21.3,19.87953
39797,11,21.0,19.548084
39797,12,20.9,19.14437
39797,13,20.7,18.861023
39797,14,20.8,18.46612
39797,15,20.7,18.189795
39797,16,20.7,17.90184
39797,17,20.7,17.653782
39797,18,20.6,17.584206
39797,19,19.7,17.73351
39797,20,21.0,18.028145
39797,21,22.7,18.579063
39797,22,24.9,19.283443
39797,23,26.3,20.046206
39797,24,27.2,20.868217
39988,1,27.5,23.65265
39988,2,27.3,24.415989
39988,3,26.6,25.214441
39988,4,29.0,25.657284
39988,5,29.6,26.024527
39988,6,25.9,26.162971
39988,7,25.4,25.939882
39988,8,25.6,25.561487
39988,9,25.7,25.153557
39988,10,24.0,24.67394
39988,11,24.5,24.30088
39988,12,24.6,23.818134
39988,13,24.7,23.460838
39988,14,24.4,23.026594
39988,15,24.2,22.701952
39988,16,24.7,22.336306
39988,17,25.5,21.973717
39988,18,24.7,21.717566
39988,19,24.5,21.505293
39988,20,23.5,21.380987
39988,21,23.3,21.451605
39988,22,24.0,21.6949
39988,23,24.3,22.098482
39988,24,24.4,22.744658
40167,1,28.7,24.819803
40167,2,29.1,25.42893
40167,3,29.1,25.655977
40167,4,28.8,25.112274
40167,5,27.1,24.29919
40167,6,25.2,23.245193
40167,7,25.4,21.855658
40167,8,22.9,20.769726
40167,9,22.0,19.704357
40167,10,21.9,18.857243
40167,11,22.7,18.231693
40167,12,22.1,17.535276
40167,13,21.7,17.032915
40167,14,21.2,16.248182
40167,15,20.8,15.691931
40167,16,20.3,15.266075
40167,17,17.6,14.882417
40167,18,17.2,14.844049
40167,19,17.2,15.498225
40167,20,18.8,16.412996
40167,21,21.1,17.883072
40167,22,23.1,19.615408
40167,23,24.8,21.309072
40167,24,26.2,22.895752
40218,1,13.2,11.564027
40218,2,13.4,10.53508
40218,3,12.9,9.630345
40218,4,12.2,8.828819
40218,5,11.7,8.120894
40218,6,11.4,7.6579137
40218,7,11.0,7.482096
40218,8,9.8,7.57962
40218,9,7.7,8.275973
40218,10,8.2,9.506832
40218,11,10.6,11.136771
40218,12,12.4,13.069885
40218,13,14.0,15.232974
40218,14,15.8,17.20452
40218,15,17.5,18.963564
40218,16,19.0,20.072231
40218,17,20.4,20.628994
40218,18,21.6,20.589657
40218,19,21.5,19.960243
40218,20,18.6,18.934233
40218,21,16.9,17.61662
40218,22,14.9,16.16617
40218,23,13.2,14.8271885
40218,24,12.6,13.535519
40318,1,15.7,12.607
40318,2,17.0,14.349484
40318,3,18.0,15.864968
40318,4,18.7,16.640516
40318,5,19.0,17.084446
40318,6,18.7,16.816383
40318,7,17.7,15.956942
40318,8,15.4,14.931959
40318,9,14.1,13.7273245
40318,10,12.8,12.307343
40318,11,11.5,11.346085
40318,12,10.3,10.236339
40318,13,9.2,9.344094
40318,14,8.2,8.482626
40318,15,7.5,7.8598475
40318,16,6.7,7.196762
40318,17,6.0,6.394663
40318,18,5.5,5.821785
40318,19,5.3,5.4392242
40318,20,4.2,5.4419374
40318,21,4.0,5.9160614
40318,22,4.9,6.860372
40318,23,8.2,8.256877
40318,24,11.8,10.020573
40797,1,-1.1,2.1036072
40797,2,1.7,3.1304398
40797,3,5.9,4.670557
40797,4,11.5,6.629016
40797,5,14.1,8.759985
40797,6,15.2,10.637678
40797,7,15.7,12.348901
40797,8,15.5,13.398854
40797,9,15.0,13.851228
40797,10,14.2,13.501629
40797,11,12.7,12.813861
40797,12,11.2,11.573783
40797,13,10.4,10.189603
40797,14,8.9,9.022252
40797,15,8.0,8.021812
40797,16,7.2,6.9823685
40797,17,6.4,6.208895
40797,18,5.7,5.5814004
40797,19,4.8,4.968821
40797,20,3.6,4.340687
40797,21,3.8,3.5066705
40797,22,3.9,2.9169211
40797,23,4.3,2.4558005
40797,24,4.2,2.3935795
40812,1,3.6,2.3268642
40812,2,3.7,2.3175993
40812,3,3.5,2.6716917
40812,4,3.1,3.6141076
40812,5,4.4,4.8044925
40812,6,6.9,6.14154
40812,7,8.6,7.833289
40812,8,9.8,9.4039755
40812,9,10.8,10.575099
40812,10,11.4,11.376065
40812,11,11.7,11.718573
40812,12,11.7,11.40318
40812,13,11.1,10.835227
40812,14,9.0,10.039138
40812,15,8.1,9.169496
40812,16,6.9,7.9943647
40812,17,4.9,7.0338645
40812,18,3.8,6.185994
40812,19,3.2,5.725551
40812,20,2.8,5.2566214
40812,21,2.3,4.6038623
40812,22,1.7,4.3524127
40812,23,1.1,3.8968866
40812,24,1.5,3.5164676
41059,1,5.7,3.4112537
41059,2,5.5,2.6786156
41059,3,5.2,2.0696826
41059,4,5.4,1.9255013
41059,5,5.4,1.8611976
41059,6,4.8,2.2605784
41059,7,4.2,3.253043
41059,8,4.1,4.638709
41059,9,4.2,6.257896
41059,10,5.0,8.18306
41059,11,5.3,9.948638
41059,12,6.2,11.430677
41059,13,7.1,12.635609
41059,14,8.0,13.26383
41059,15,9.1,13.391718
41059,16,9.2,12.701897
41059,17,8.6,11.785541
41059,18,8.1,10.552165
41059,19,8.1,9.50322
41059,20,8.0,8.390191
41059,21,8.5,7.2367773
41059,22,10.1,6.547349
41059,23,10.0,5.79166
41059,24,9.0,5.023135
41369,1,23.3,19.695734
41369,2,21.5,18.189476
41369,3,19.9,16.947878
41369,4,18.2,15.676211
41369,5,17.0,14.896556
41369,6,16.2,13.944216
41369,7,15.6,13.20618
41369,8,14.6,12.546358
41369,9,13.2,12.151583
41369,10,12.4,12.1290045
41369,11,12.4,12.74101
41369,12,12.0,13.604282
41369,13,14.5,15.36126
41369,14,18.7,17.324974
41369,15,22.4,19.841927
41369,16,24.9,22.3346
41369,17,26.8,24.357014
41369,18,28.2,26.088366
41369,19,29.2,26.984028
41369,20,29.8,27.247786
41369,21,30.0,26.705389
41369,22,29.7,25.484388
41369,23,28.9,23.984758
41369,24,26.8,22.399172
41983,1,40.5,37.351948
41983,2,40.7,38.07629
41983,3,40.8,38.46533
41983,4,40.8,37.85517
41983,5,40.3,37.07572
41983,6,39.3,35.798176
41983,7,36.3,34.041683
41983,8,34.5,32.60973
41983,9,33.3,30.980368
41983,10,32.8,29.56712
41983,11,30.5,28.52159
41983,12,29.5,27.248875
41983,13,27.2,26.480543
41983,14,25.9,25.370049
41983,15,25.1,24.831776
41983,16,24.4,24.630995
41983,17,26.0,24.40218
41983,18,28.3,24.700373
41983,19,31.2,25.782194
41983,20,34.3,27.115028
41983,21,36.6,29.001919
41983,22,38.4,31.101175
41983,23,39.7,33.064457
41983,24,40.7,34.94741
41992,1,41.2,35.9775
41992,2,41.0,34.864117
41992,3,40.3,33.743523
41992,4,37.9,32.32647
41992,5,35.8,31.162685
41992,6,34.2,29.922644
41992,7,32.7,28.66707
41992,8,30.8,27.715534
41992,9,29.0,26.618402
41992,10,27.6,25.953445
41992,11,27.0,25.42637
41992,12,26.9,24.910097
41992,13,26.0,25.206474
41992,14,26.7,25.39142
41992,15,28.6,26.275623
41992,16,31.8,27.678331
41992,17,34.5,29.153679
41992,18,36.6,30.90978
41992,19,38.4,32.955074
41992,20,40.2,34.596622
41992,21,41.6,35.92876
41992,22,42.3,36.867554
41992,23,42.8,37.06612
41992,24,43.4,36.917725
42350,1,34.1,29.102007
42350,2,35.8,31.090778
42350,3,37.0,33.074654
42350,4,37.6,34.310966
42350,5,38.0,35.217728
42350,6,38.0,35.426674
42350,7,37.8,34.79416
42350,8,37.1,33.893154
42350,9,36.2,32.633205
42350,10,33.9,31.123175
42350,11,31.4,29.930002
42350,12,30.4,28.499182
42350,13,28.9,27.349638
42350,14,27.8,26.103653
42350,15,26.2,25.207476
42350,16,24.7,24.382265
42350,17,23.8,23.424007
42350,18,22.7,22.70485
42350,19,21.6,22.25508
42350,20,22.0,22.055647
42350,21,23.4,22.401209
42350,22,25.7,23.18692
42350,23,28.6,24.424128
42350,24,31.5,26.171404
42466,1,34.6,29.186268
42466,2,32.5,28.127562
42466,3,31.0,27.412556
42466,4,29.8,26.720102
42466,5,28.7,26.284197
42466,6,27.7,26.122442
42466,7,26.9,26.145082
42466,8,26.9,26.526688
42466,9,28.2,27.350056
42466,10,30.7,28.766146
42466,11,33.8,30.5019
42466,12,36.8,32.30841
42466,13,40.0,34.414097
42466,14,42.0,36.01215
42466,15,42.4,37.519222
42466,16,42.8,38.4481
42466,17,42.7,38.72914
42466,18,42.3,38.503143
42466,19,41.7,37.77071
42466,20,41.2,36.623215
42466,21,40.2,35.293438
42466,22,38.5,33.77602
42466,23,37.4,32.316113
42466,24,35.5,30.994093
43144,1,27.1,22.848475
43144,2,24.6,21.56399
43144,3,23.2,20.231417
43144,4,21.5,18.674494
43144,5,20.0,17.42816
43144,6,18.7,16.224722
43144,7,17.3,15.110498
43144,8,16.2,14.264608
43144,9,15.4,13.308131
43144,10,13.8,12.593868
43144,11,13.2,11.883417
43144,12,13.1,11.206996
43144,13,13.5,11.112771
43144,14,12.8,11.080664
43144,15,12.3,11.74701
43144,16,13.6,13.069809
43144,17,17.1,14.671272
43144,18,20.6,16.655313
43144,19,22.8,19.037184
43144,20,25.1,21.076105
43144,21,26.5,22.812637
43144,22,27.4,23.961824
43144,23,27.9,24.325823
43144,24,27.8,24.145546
43251,1,17.5,12.505869
43251,2,17.5,12.090814
43251,3,16.7,11.903638
43251,4,16.7,11.908422
43251,5,16.9,12.098652
43251,6,16.5,12.668329
43251,7,17.0,13.586121
43251,8,17.6,14.782479
43251,9,18.3,16.204887
43251,10,19.6,17.75884
43251,11,20.0,19.184605
43251,12,22.3,20.256802
43251,13,23.3,20.999464
43251,14,23.8,21.179758
43251,15,23.2,21.021584
43251,16,23.1,20.22835
43251,17,21.8,19.230783
43251,18,21.4,18.062534
43251,19,21.1,17.04659
43251,20,20.0,16.058632
43251,21,19.3,15.20818
43251,22,19.1,14.58963
43251,23,18.9,14.047091
43251,24,18.4,13.541315
43414,1,10.8,9.617276
43414,2,12.5,11.335905
43414,3,13.3,12.846571
43414,4,13.9,13.677685
43414,5,14.0,14.198718
43414,6,13.9,14.014307
43414,7,12.7,13.262885
43414,8,11.4,12.28155
43414,9,10.3,11.135953
43414,10,9.4,9.720092
43414,11,8.0,8.750052
43414,12,7.1,7.654382
43414,13,6.1,6.7521987
43414,14,5.1,5.961077
43414,15,4.4,5.3944216
43414,16,3.8,4.7838078
43414,17,3.3,4.063897
43414,18,3.0,3.5531821
43414,19,3.0,3.1550455
43414,20,2.4,3.1259785
43414,21,2.1,3.5024257
43414,22,1.9,4.3138385
43414,23,4.4,5.587668
43414,24,7.5,7.23135
44273,1,30.5,23.583508
44273,2,29.0,22.515327
44273,3,26.9,21.66833
44273,4,24.8,20.665152
44273,5,23.9,20.054852
44273,6,22.9,19.286018
44273,7,22.9,18.621002
44273,8,22.7,18.018225
44273,9,21.9,17.711033
44273,10,20.9,17.709543
44273,11,19.6,18.279108
44273,12,19.0,19.018398
44273,13,20.7,20.461712
44273,14,23.7,22.002876
44273,15,27.3,23.983532
44273,16,29.7,25.863836
44273,17,31.7,27.321596
44273,18,33.2,28.546206
44273,19,34.3,29.110205
44273,20,34.7,29.201271
44273,21,34.7,28.740772
44273,22,34.2,27.759487
44273,23,33.3,26.642326
44273,24,30.4,25.498878
44278,1,29.7,23.026937
44278,2,31.7,25.398893
44278,3,33.2,27.644684
44278,4,34.3,28.9766
44278,5,34.7,29.874529
44278,6,34.7,29.834055
44278,7,34.2,28.908558
44278,8,33.3,27.779661
44278,9,30.4,26.228474
44278,10,28.7,24.41358
44278,11,27.3,23.141172
44278,12,26.0,21.58073
44278,13,25.0,20.375315
44278,14,23.2,19.059616
44278,15,21.5,18.141071
44278,16,20.3,17.20847
44278,17,19.5,15.982657
44278,18,18.5,15.014603
44278,19,18.0,14.369777
44278,20,16.9,14.115273
44278,21,16.4,14.523267
44278,22,18.6,15.55782
44278,23,22.2,17.191198
44278,24,26.0,19.402157
44387,1,14.0,11.202052
44387,2,13.4,10.086848
44387,3,12.8,9.366728
44387,4,12.0,9.211
44387,5,11.4,9.401946
44387,6,11.4,10.234682
44387,7,14.4,11.923161
44387,8,18.7,14.197148
44387,9,22.1,16.801725
44387,10,24.9,19.701607
44387,11,26.8,22.459578
44387,12,28.3,24.580778
44387,13,29.3,26.236795
44387,14,29.9,26.928127
44387,15,29.8,27.067917
44387,16,29.0,26.00218
44387,17,28.8,24.43627
44387,18,26.1,22.455616
44387,19,24.6,20.761814
44387,20,23.5,18.979746
44387,21,22.0,17.2383
44387,22,20.3,15.946399
44387,23,19.5,14.696246
44387,24,18.3,13.41268
44716,1,23.7,18.42994
44716,2,22.5,18.620485
44716,3,23.9,19.628496
44716,4,26.3,21.326279
44716,5,28.5,23.4832
44716,6,30.5,25.877176
44716,7,31.5,28.554983
44716,8,32.4,31.047102
44716,9,33.6,32.972507
44716,10,34.3,34.31177
44716,11,34.4,35.03994
44716,12,34.5,34.693382
44716,13,33.6,33.915447
44716,14,32.4,32.574238
44716,15,31.2,31.221535
44716,16,29.6,29.380062
44716,17,29.7,27.595266
44716,18,29.0,25.893179
44716,19,27.9,24.714272
44716,20,26.5,23.450924
44716,21,25.0,22.154955
44716,22,23.3,21.244781
44716,23,23.5,20.300901
44716,24,23.6,19.606253
44900,1,23.7,20.459106
44900,2,23.7,20.718813
44900,3,25.7,21.775915
44900,4,28.1,23.43524
44900,5,30.5,25.540033
44900,6,32.0,27.840803
44900,7,33.1,30.35126
44900,8,34.7,32.638657
44900,9,35.8,34.403675
44900,10,36.4,35.58276
44900,11,36.6,36.20604
44900,12,36.4,35.815407
44900,13,36.0,35.02977
44900,14,35.2,33.73371
44900,15,34.1,32.45805
44900,16,32.9,30.734348
44900,17,32.2,29.064365
44900,18,31.6,27.480034
44900,19,30.8,26.354645
44900,20,29.2,25.144983
44900,21,27.8,23.914864
44900,22,26.8,23.015081
44900,23,25.9,22.119183
44900,24,25.1,21.486275
45030,1,30.4,27.333918
45030,2,32.0,29.13134
45030,3,33.4,31.179417
45030,4,34.8,32.75212
45030,5,35.4,34.1709
45030,6,35.3,35.006626
45030,7,36.7,35.072548
45030,8,36.5,34.73776
45030,9,35.5,33.96123
45030,10,34.5,32.795864
45030,11,33.6,31.785448
45030,12,32.8,30.44898
45030,13,33.3,29.308123
45030,14,32.4,28.094997
45030,15,31.4,27.212395
45030,16,30.4,26.390419
45030,17,29.3,25.45518
45030,18,28.4,24.694815
45030,19,27.5,24.019684
45030,20,27.5,23.485466
45030,21,29.7,23.327433
45030,22,31.9,23.474337
45030,23,33.7,24.058546
45030,24,35.7,25.220142
45587,1,11.5,10.198104
45587,2,10.8,9.723488
45587,3,10.0,9.309801
45587,4,8.8,8.88447
45587,5,7.9,8.505167
45587,6,7.2,8.290477
45587,7,6.5,8.215581
45587,8,6.4,8.286747
45587,9,6.2,8.819763
45587,10,7.1,9.670335
45587,11,9.0,10.775612
45587,12,11.4,12.059724
45587,13,13.4,13.405346
45587,14,15.0,14.599954
45587,15,16.3,15.572686
45587,16,17.6,16.05248
45587,17,18.5,16.202154
45587,18,18.8,15.984726
45587,19,17.4,15.355154
45587,20,14.9,14.5673895
45587,21,13.7,13.677301
45587,22,12.8,12.760309
45587,23,12.1,12.000157
45587,24,10.9,11.330246
45680,1,17.4,14.636779
45680,2,18.3,14.883416
45680,3,18.1,14.786798
45680,4,17.2,14.162642
45680,5,15.1,13.3431635
45680,6,14.5,12.453338
45680,7,13.8,11.392398
45680,8,13.0,10.571687
45680,9,12.2,9.852221
45680,10,11.5,9.295563
45680,11,11.7,8.833779
45680,12,11.1,8.392686
45680,13,10.5,8.019042
45680,14,10.4,7.509993
45680,15,9.9,7.1222377
45680,16,9.5,6.8621216
45680,17,9.6,6.7542415
45680,18,9.8,6.9196844
45680,19,9.4,7.6270995
45680,20,10.4,8.525165
45680,21,12.6,9.799183
45680,22,13.3,11.199472
45680,23,13.9,12.49328
45680,24,14.8,13.597628
45866,1,11.9,10.666983
45866,2,11.4,9.650038
45866,3,10.7,8.786546
45866,4,10.0,7.9515824
45866,5,9.5,7.4633665
45866,6,9.0,6.8199573
45866,7,8.4,6.354456
45866,8,8.2,5.8878646
45866,9,7.9,5.539381
45866,10,7.8,5.377777
45866,11,7.0,5.6107965
45866,12,7.2,5.9971666
45866,13,7.2,7.0170703
45866,14,7.8,8.270967
45866,15,9.3,9.934937
45866,16,11.2,11.63409
45866,17,13.6,13.118681
45866,18,15.3,14.467967
45866,19,16.5,15.265961
45866,20,16.7,15.647711
45866,21,16.4,15.397981
45866,22,15.4,14.712857
45866,23,13.1,13.75956
45866,24,11.8,12.7276535
46260,1,7.0,6.1210465
46260,2,6.7,5.1995587
46260,3,6.8,4.5859985
46260,4,7.5,4.581697
46260,5,6.4,4.8780074
46260,6,6.1,5.708947
46260,7,7.6,7.367745
46260,8,11.6,9.502171
46260,9,15.2,11.781882
46260,10,18.0,14.239746
46260,11,20.0,16.457935
46260,12,21.5,18.012854
46260,13,22.2,19.14965
46260,14,22.6,19.476763
46260,15,21.8,19.322634
46260,16,19.7,18.152832
46260,17,18.2,16.692783
46260,18,15.2,14.973712
46260,19,13.8,13.645015
46260,20,13.3,12.289873
46260,21,12.4,10.90394
46260,22,11.6,10.055717
46260,23,11.0,9.116818
46260,24,10.8,8.123842
46410,1,14.5,13.057312
46410,2,14.2,12.120947
46410,3,14.5,11.347384
46410,4,14.6,10.5487175
46410,5,14.4,10.046087
46410,6,14.1,9.449598
46410,7,13.4,8.998039
46410,8,12.9,8.602451
46410,9,12.6,8.508545
46410,10,12.4,8.743541
46410,11,12.3,9.458401
46410,12,12.5,10.40794
46410,13,13.5,11.921816
46410,14,15.2,13.535148
46410,15,17.2,15.355447
46410,16,19.1,16.993515
46410,17,21.0,18.23262
46410,18,22.8,19.169243
46410,19,21.4,19.343185
46410,20,20.0,19.142406
46410,21,20.4,18.410223
46410,22,20.4,17.306116
46410,23,18.6,16.127327
46410,24,16.7,15.007175
46951,1,23.7,20.556107
46951,2,23.0,21.733358
46951,3,22.6,22.625883
46951,4,21.3,22.839273
46951,5,20.3,22.743553
46951,6,21.0,22.194193
46951,7,21.1,21.187881
46951,8,19.0,20.201307
46951,9,18.8,19.144184
46951,10,17.3,18.121595
46951,11,16.9,17.399998
46951,12,16.2,16.5902
46951,13,15.8,16.004658
46951,14,15.3,15.295146
46951,15,15.1,14.748415
46951,16,15.1,14.201637
46951,17,15.1,13.621346
46951,18,15.0,13.281898
46951,19,14.9,13.286897
46951,20,15.3,13.588373
46951,21,15.9,14.333529
46951,22,16.4,15.505443
46951,23,17.1,16.868895
46951,24,18.0,18.426376
47502,1,19.5,18.336798
47502,2,22.0,20.744951
47502,3,24.9,23.577595
47502,4,27.9,26.05915
47502,5,30.7,28.396404
47502,6,32.8,29.961079
47502,7,33.2,30.600672
47502,8,32.7,30.47814
47502,9,32.0,29.67841
47502,10,30.6,28.04631
47502,11,28.0,26.512152
47502,12,25.6,24.53973
47502,13,23.8,22.665016
47502,14,22.7,20.991444
47502,15,22.2,19.75735
47502,16,21.9,18.65255
47502,17,21.3,17.525362
47502,18,20.6,16.606512
47502,19,20.0,15.691323
47502,20,19.6,14.92619
47502,21,19.0,14.479468
47502,22,18.5,14.329041
47502,23,17.7,14.802795
47502,24,17.6,16.013523
47551,1,25.4,21.702894
47551,2,28.1,23.27242
47551,3,29.7,24.620874
47551,4,29.7,25.246384
47551,5,29.0,25.521004
47551,6,28.0,25.197424
47551,7,26.9,24.271147
47551,8,26.1,23.246965
47551,9,24.1,22.03958
47551,10,22.2,20.747389
47551,11,21.1,19.804161
47551,12,20.2,18.72282
47551,13,19.6,17.90184
47551,14,19.4,16.998219
47551,15,19.2,16.326462
47551,16,18.9,15.6606655
47551,17,18.7,14.914953
47551,18,18.2,14.410228
47551,19,17.6,14.223747
47551,20,17.9,14.3425455
47551,21,18.0,14.94464
47551,22,19.6,16.029852
47551,23,21.9,17.428558
47551,24,24.5,19.150524
47589,1,22.1,17.87299
47589,2,21.3,18.73306
47589,3,21.6,20.403496
47589,4,23.4,22.546324
47589,5,26.0,25.059057
47589,6,29.4,27.51306
47589,7,32.8,29.891163
47589,8,35.8,31.776924
47589,9,38.1,32.992424
47589,10,38.8,33.37598
47589,11,37.6,33.273926
47589,12,34.7,32.215466
47589,13,32.6,30.835623
47589,14,30.4,29.217144
47589,15,28.6,27.78982
47589,16,27.1,26.122047
47589,17,26.1,24.58138
47589,18,25.5,23.204123
47589,19,25.3,22.18136
47589,20,24.9,21.104364
47589,21,24.3,20.019503
47589,22,23.5,19.202297
47589,23,22.8,18.52925
47589,24,22.3,18.245321
48301,1,8.3,7.349547
48301,2,7.7,7.6635914
48301,3,7.7,8.423334
48301,4,8.3,9.611246
48301,5,10.4,11.067054
48301,6,12.5,12.566552
48301,7,14.1,14.199084
48301,8,15.4,15.5502825
48301,9,16.2,16.50428
48301,10,16.4,16.94531
48301,11,16.3,16.990757
48301,12,15.7,16.403433
48301,13,14.9,15.568313
48301,14,13.6,14.606175
48301,15,12.9,13.680675
48301,16,12.5,12.552073
48301,17,12.0,11.631416
48301,18,11.3,10.852093
48301,19,10.2,10.341571
48301,20,9.8,9.828455
48301,21,9.6,9.2010565
48301,22,9.8,8.8244095
48301,23,9.9,8.396485
48301,24,9.7,8.133261
48444,1,12.7,8.689352
48444,2,12.4,8.152027
48444,3,12.1,7.85233
48444,4,10.4,7.9533277
48444,5,9.0,8.292769
48444,6,9.0,9.015941
48444,7,9.8,10.295273
48444,8,12.0,11.865355
48444,9,14.6,13.522585
48444,10,16.9,15.237318
48444,11,19.2,16.721878
48444,12,21.1,17.660084
48444,13,22.3,18.2532
48444,14,22.7,18.255484
48444,15,22.2,17.919518
48444,16,19.8,16.86934
48444,17,16.9,15.697751
48444,18,15.7,14.415423
48444,19,15.2,13.473686
48444,20,15.1,12.56201
48444,21,14.4,11.666758
48444,22,13.9,11.184381
48444,23,13.4,10.628797
48444,24,13.6,10.049486
49165,1,13.4,7.7477326
49165,2,13.1,8.106285
49165,3,12.5,9.221839
49165,4,14.0,11.104395
49165,5,18.2,13.406561
49165,6,20.1,15.857229
49165,7,22.0,18.586838
49165,8,23.1,20.965261
49165,9,24.2,22.68508
49165,10,24.9,23.618332
49165,11,25.2,23.894394
49165,12,25.2,23.132046
49165,13,25.0,21.909052
49165,14,23.8,20.386536
49165,15,21.0,18.907076
49165,16,19.7,17.06558
49165,17,17.9,15.457711
49165,18,17.3,14.007564
49165,19,16.0,13.095116
49165,20,15.9,12.12274
49165,21,15.7,11.020981
49165,22,16.1,10.296564
49165,23,16.3,9.510649
49165,24,15.0,8.932034
49190,1,13.9,12.62775
49190,2,14.6,13.979513
49190,3,16.4,15.622297
49190,4,17.2,17.108622
49190,5,18.8,18.525455
49190,6,20.1,19.615929
49190,7,21.9,20.144005
49190,8,21.9,20.168428
49190,9,20.4,19.874207
49190,10,19.6,19.076258
49190,11,18.2,18.225363
49190,12,16.6,17.178514
49190,13,15.8,16.093481
49190,14,15.0,15.155639
49190,15,14.4,14.390219
49190,16,14.0,13.702278
49190,17,13.7,13.0983715
49190,18,13.2,12.592893
49190,19,12.7,12.016636
49190,20,12.3,11.506729
49190,21,11.9,11.171052
49190,22,11.7,10.939672
49190,23,11.1,11.067394
49190,24,11.2,11.63665
49615,1,20.0,18.993307
49615,2,22.6,20.577312
49615,3,24.1,21.877895
49615,4,25.1,22.430027
49615,5,25.0,22.596645
49615,6,24.1,22.147367
49615,7,22.6,21.108618
49615,8,21.2,20.011616
49615,9,19.4,18.737886
49615,10,17.5,17.411297
49615,11,16.6,16.459482
49615,12,15.9,15.392726
49615,13,16.0,14.590813
49615,14,15.4,13.707138
49615,15,15.0,13.035558
49615,16,14.9,12.370478
49615,17,14.7,11.62006
49615,18,14.9,11.119233
49615,19,14.9,10.952295
49615,20,14.8,11.129947
49615,21,15.0,11.811914
49615,22,15.8,13.014149
49615,23,16.7,14.527046
49615,24,17.1,16.349566
49817,1,18.3,15.983037
49817,2,17.6,14.972305
49817,3,16.8,14.074927
49817,4,15.9,13.129655
49817,5,15.5,12.53892
49817,6,15.0,11.884814
49817,7,14.6,11.3460865
49817,8,14.4,10.83899
49817,9,14.0,10.366234
49817,10,13.6,10.049768
49817,11,13.3,9.925584
49817,12,13.0,9.88756
49817,13,12.2,10.398509
49817,14,12.5,11.083024
49817,15,14.0,12.230414
49817,16,15.7,13.641272
49817,17,17.0,15.062705
49817,18,17.9,16.554749
49817,19,18.8,17.783794
49817,20,19.6,18.66788
49817,21,20.0,19.053974
49817,22,20.8,18.957302
49817,23,21.5,18.436586
49817,24,20.6,17.720617
49835,1,16.6,14.016438
49835,2,16.2,13.318194
49835,3,15.8,12.7823515
49835,4,15.5,12.352309
49835,5,15.1,12.055977
49835,6,14.6,12.103736
49835,7,14.2,12.492304
49835,8,14.1,13.189691
49835,9,15.3,14.421672
49835,10,17.0,16.03827
49835,11,18.9,17.839376
49835,12,21.1,19.618916
49835,13,22.7,21.28979
49835,14,25.7,22.510279
49835,15,26.9,23.35161
49835,16,26.5,23.40952
49835,17,25.8,23.01571
49835,18,25.5,22.180712
49835,19,25.0,21.063978
49835,20,23.7,19.80951
49835,21,22.2,18.534485
49835,22,20.7,17.357452
49835,23,19.6,16.36665
49835,24,18.8,15.456142
50024,1,27.2,23.819223
50024,2,27.2,24.226713
50024,3,26.9,24.24437
50024,4,26.4,23.520895
50024,5,24.8,22.59695
50024,6,22.9,21.430773
50024,7,20.9,19.995
50024,8,19.7,18.871344
50024,9,18.9,17.739727
50024,10,18.5,16.820728
50024,11,18.0,16.111341
50024,12,17.5,15.32206
50024,13,17.0,14.783421
50024,14,16.7,14.0127535
50024,15,16.4,13.545218
50024,16,16.7,13.293843
50024,17,16.7,13.139913
50024,18,17.3,13.387597
50024,19,18.2,14.336365
50024,20,19.7,15.519776
50024,21,21.5,17.16586
50024,22,22.9,18.998703
50024,23,24.8,20.680492
50024,24,26.4,22.178408
50195,1,24.7,21.530676
50195,2,24.8,21.51574
50195,3,24.9,21.654501
50195,4,24.9,21.519306
50195,5,25.1,21.541548
50195,6,25.1,21.556671
50195,7,24.7,21.446026
50195,8,24.3,21.361467
50195,9,23.5,21.544168
50195,10,24.0,21.864079
50195,11,25.6,22.404425
50195,12,26.4,22.936405
50195,13,27.4,23.55978
50195,14,27.9,23.990444
50195,15,28.1,24.40904
50195,16,27.9,24.608492
50195,17,27.1,24.562475
50195,18,26.3,24.415777
50195,19,25.7,23.912176
50195,20,25.3,23.408194
50195,21,25.0,22.967957
50195,22,24.9,22.40241
50195,23,25.0,22.031372
50195,24,25.2,21.85118
50319,1,27.7,22.909962
50319,2,28.1,23.426355
50319,3,28.1,23.9041
50319,4,28.2,24.01326
50319,5,28.3,24.06535
50319,6,27.3,23.949621
50319,7,26.9,23.584526
50319,8,26.2,23.204494
50319,9,25.4,22.86146
50319,10,25.3,22.572426
50319,11,25.1,22.408405
50319,12,25.4,22.1424
50319,13,25.3,22.008572
50319,14,25.3,21.713911
50319,15,25.3,21.484417
50319,16,25.1,21.179552
50319,17,24.8,20.85377
50319,18,24.1,20.641361
50319,19,23.1,20.514372
50319,20,23.2,20.505009
50319,21,23.0,20.695602
50319,22,23.0,21.074167
50319,23,25.4,21.537811
50319,24,26.8,22.164877
50493,1,14.8,11.734127
50493,2,14.2,11.76867
50493,3,13.9,12.1609
50493,4,13.6,12.777431
50493,5,14.5,13.631862
50493,6,16.1,14.691383
50493,7,18.3,15.860707
50493,8,20.4,17.02038
50493,9,22.1,18.00676
50493,10,23.2,18.78475
50493,11,23.7,19.23792
50493,12,23.5,19.21169
50493,13,22.8,18.9047
50493,14,21.7,18.248482
50493,15,20.6,17.51466
50493,16,19.5,16.561739
50493,17,18.9,15.669599
50493,18,17.7,14.856109
50493,19,17.0,14.274596
50493,20,16.6,13.737438
50493,21,16.4,13.288355
50493,22,16.0,12.971662
50493,23,15.7,12.638137
50493,24,15.3,12.412479
50858,1,20.6,19.056026
50858,2,20.3,18.80772
50858,3,20.3,18.710537
50858,4,20.2,18.426023
50858,5,19.5,18.381618
50858,6,19.4,18.22649
50858,7,19.5,18.029629
50858,8,19.6,17.789934
50858,9,19.7,17.694695
50858,10,19.7,17.658033
50858,11,20.0,17.868162
50858,12,20.4,18.051481
50858,13,20.8,18.513596
50858,14,20.4,18.971727
50858,15,21.0,19.631172
50858,16,21.2,20.221891
50858,17,21.6,20.664679
50858,18,21.1,21.08694
50858,19,21.6,21.178608
50858,20,22.1,21.156473
50858,21,21.8,20.957966
50858,22,21.6,20.548555
50858,23,21.4,20.138351
50858,24,21.2,19.808067
50910,1,15.7,14.357633
50910,2,15.1,14.980888
50910,3,15.7,15.787281
50910,4,16.6,16.429707
50910,5,18.3,17.069208
50910,6,19.7,17.654411
50910,7,20.2,17.89436
50910,8,20.2,17.920307
50910,9,19.0,17.892326
50910,10,18.0,17.689007
50910,11,17.3,17.414919
50910,12,16.4,17.074377
50910,13,15.5,16.663929
50910,14,12.0,16.226328
50910,15,11.5,15.811364
50910,16,11.4,15.423747
50910,17,11.3,15.087724
50910,18,11.2,14.79738
50910,19,11.1,14.414429
50910,20,11.0,14.082799
50910,21,10.7,13.920762
50910,22,10.6,13.740435
50910,23,10.5,13.755601
50910,24,10.5,14.02285
51031,1,25.5,21.51869
51031,2,26.3,22.365215
51031,3,26.8,23.14199
51031,4,26.8,23.466833
51031,5,26.5,23.66772
51031,6,26.1,23.566038
51031,7,25.6,23.118166
51031,8,24.8,22.573183
51031,9,24.0,22.028349
51031,10,23.7,21.438639
51031,11,23.6,21.052761
51031,12,23.4,20.557133
51031,13,23.2,20.207489
51031,14,23.0,19.776958
51031,15,22.8,19.458855
51031,16,22.6,19.06227
51031,17,22.4,18.634083
51031,18,22.1,18.338291
51031,19,22.0,18.142672
51031,20,22.0,18.110044
51031,21,21.8,18.327436
51031,22,21.7,18.794529
51031,23,22.8,19.450941
51031,24,24.4,20.325993
51705,1,27.6,22.951544
51705,2,26.9,22.57511
51705,3,25.9,22.306433
51705,4,25.1,21.817944
51705,5,24.8,21.579945
51705,6,24.6,21.25168
51705,7,24.5,20.888844
51705,8,24.4,20.509632
51705,9,24.5,20.215631
51705,10,24.4,19.967316
51705,11,24.2,19.89123
51705,12,23.8,19.756268
51705,13,23.1,19.942965
51705,14,22.8,20.144875
51705,15,22.9,20.673304
51705,16,23.8,21.28559
51705,17,25.5,21.891636
51705,18,25.5,22.603529
51705,19,26.2,23.21939
51705,20,26.8,23.684706
51705,21,27.2,23.972649
51705,22,27.4,23.999218
51705,23,27.7,23.858616
51705,24,27.6,23.656141
51859,1,26.6,22.89899
51859,2,26.7,22.721481
51859,3,26.5,22.730005
51859,4,26.3,22.553904
51859,5,25.9,22.523972
51859,6,25.6,22.580584
51859,7,25.3,22.573156
51859,8,25.1,22.672255
51859,9,25.0,23.04618
51859,10,26.2,23.65463
51859,11,28.4,24.437084
51859,12,30.4,25.20692
51859,13,32.2,26.062473
51859,14,33.3,26.618876
51859,15,33.0,27.100739
51859,16,32.3,27.285788
51859,17,31.6,27.176357
51859,18,30.0,26.894438
51859,19,29.2,26.29214
51859,20,29.6,25.6269
51859,21,28.2,25.016327
51859,22,27.8,24.325397
51859,23,26.1,23.789349
51859,24,26.0,23.440289
51974,1,27.4,22.845053
51974,2,27.6,23.477701
51974,3,28.2,24.330034
51974,4,29.0,24.951073
51974,5,28.9,25.647968
51974,6,28.9,26.214539
51974,7,29.0,26.443686
51974,8,28.7,26.439268
51974,9,28.7,26.380013
51974,10,28.8,26.131598
51974,11,28.5,25.880259
51974,12,28.0,25.453596
51974,13,27.5,25.043755
51974,14,27.1,24.561
51974,15,27.1,24.185806
51974,16,27.0,23.795664
51974,17,26.8,23.424332
51974,18,26.7,23.144749
51974,19,26.6,22.784382
51974,20,26.4,22.472725
51974,21,26.6,22.300224
51974,22,26.8,22.132969
51974,23,26.8,22.147587
51974,24,26.9,22.431318
52068,1,28.5,23.64903
52068,2,28.2,23.593676
52068,3,27.8,23.828138
52068,4,27.5,23.930618
52068,5,27.4,24.296192
52068,6,27.3,24.80092
52068,7,28.3,25.305325
52068,8,29.2,25.907127
52068,9,29.8,26.63025
52068,10,30.2,27.366476
52068,11,30.7,28.086815
52068,12,31.0,28.485777
52068,13,31.2,28.755352
52068,14,31.3,28.60246
52068,15,31.1,28.408134
52068,16,30.6,27.931652
52068,17,30.2,27.285204
52068,18,29.7,26.644957
52068,19,29.2,25.992048
52068,20,29.0,25.397095
52068,21,28.8,24.983324
52068,22,28.7,24.539068
52068,23,27.6,24.223152
52068,24,26.9,24.042423
52604,1,25.4,21.894669
52604,2,25.3,21.828506
52604,3,25.3,22.079063
52604,4,25.0,22.297508
52604,5,24.8,22.796688
52604,6,24.9,23.437136
52604,7,25.5,24.138083
52604,8,29.4,24.931164
52604,9,30.3,25.75805
52604,10,31.4,26.562487
52604,11,31.5,27.289719
52604,12,29.5,27.614182
52604,13,29.6,27.79992
52604,14,30.5,27.542347
52604,15,30.2,27.23865
52604,16,30.4,26.634457
52604,17,25.8,25.889048
52604,18,25.6,25.169008
52604,19,25.8,24.497475
52604,20,25.4,23.882786
52604,21,25.3,23.406229
52604,22,25.3,22.975021
52604,23,25.4,22.619972
52604,24,25.4,22.403648
53477,1,21.9,19.59932
53477,2,21.8,19.908415
53477,3,21.2,20.422554
53477,4,21.6,20.818842
53477,5,22.4,21.324156
53477,6,23.7,21.852385
53477,7,24.8,22.177736
53477,8,25.6,22.393276
53477,9,25.8,22.577824
53477,10,26.1,22.689611
53477,11,25.8,22.69606
53477,12,25.8,22.539375
53477,13,25.6,22.342543
53477,14,24.9,21.977987
53477,15,23.8,21.615955
53477,16,23.5,21.228014
53477,17,22.9,20.879614
53477,18,22.3,20.60554
53477,19,21.1,20.265745
53477,20,19.9,19.975697
53477,21,18.8,19.797865
53477,22,17.4,19.621655
53477,23,16.6,19.515999
53477,24,15.7,19.614527
53576,1,25.3,22.081406
53576,2,25.1,22.481102
53576,3,25.5,22.732313
53576,4,25.2,22.536398
53576,5,24.3,22.219906
53576,6,23.9,21.791212
53576,7,24.3,21.132156
53576,8,24.3,20.589264
53576,9,24.2,20.111223
53576,10,24.2,19.761684
53576,11,24.0,19.522411
53576,12,23.8,19.220682
53576,13,24.0,19.03102
53576,14,23.9,18.640146
53576,15,23.6,18.338694
53576,16,23.5,18.029057
53576,17,23.4,17.744268
53576,18,23.4,17.62722
53576,19,24.0,17.815203
53576,20,24.5,18.134377
53576,21,25.3,18.754276
53576,22,24.8,19.545216
53576,23,24.6,20.345049
53576,24,24.3,21.168856
53580,1,24.0,19.918007
53580,2,23.9,19.992008
53580,3,23.6,20.22228
53580,4,23.5,20.247686
53580,5,23.4,20.395403
53580,6,23.4,20.627274
53580,7,24.0,20.739172
53580,8,24.5,20.912432
53580,9,25.3,21.246365
53580,10,24.8,21.683271
53580,11,24.6,22.154362
53580,12,24.3,22.527641
53580,13,25.4,22.8556
53580,14,24.7,22.894085
53580,15,25.1,22.851215
53580,16,24.8,22.63301
53580,17,23.6,22.278236
53580,18,23.3,21.89785
53580,19,23.4,21.364376
53580,20,23.1,20.898466
53580,21,22.5,20.602636
53580,22,22.6,20.274467
53580,23,22.4,20.086363
53580,24,21.9,20.072311
53669,1,12.9,11.739916
53669,2,12.4,11.553292
53669,3,12.1,11.7975235
53669,4,12.1,12.472149
53669,5,12.9,13.473627
53669,6,16.4,14.738605
53669,7,20.3,16.36288
53669,8,22.0,18.040823
53669,9,23.0,19.504007
53669,10,24.0,20.729086
53669,11,24.3,21.580086
53669,12,24.2,21.731007
53669,13,23.7,21.554468
53669,14,22.7,20.901352
53669,15,21.6,20.133026
53669,16,20.6,18.91731
53669,17,19.7,17.725893
53669,18,18.9,16.584717
53669,19,18.3,15.835745
53669,20,17.9,15.09247
53669,21,17.7,14.344149
53669,22,17.7,13.89581
53669,23,17.6,13.356024
53669,24,17.6,12.876913
53743,1,22.1,18.281916
53743,2,22.6,19.000168
53743,3,23.3,19.71843
53743,4,23.2,20.084234
53743,5,22.9,20.368486
53743,6,23.0,20.443367
53743,7,22.5,20.194345
53743,8,22.1,19.853567
53743,9,21.6,19.490751
53743,10,21.1,19.084866
53743,11,21.2,18.793005
53743,12,21.5,18.409914
53743,13,21.6,18.111877
53743,14,21.5,17.717392
53743,15,21.0,17.388193
53743,16,20.8,17.016298
53743,17,20.9,16.621304
53743,18,20.2,16.32835
53743,19,20.1,16.063147
53743,20,20.0,15.936996
53743,21,20.5,16.035904
53743,22,20.7,16.305874
53743,23,20.9,16.747623
53743,24,21.6,17.417028
53768,1,21.9,19.706076
53768,2,20.3,20.07691
53768,3,19.2,20.317097
53768,4,17.8,20.163883
53768,5,16.7,19.909048
53768,6,15.3,19.555971
53768,7,14.2,19.002281
53768,8,13.8,18.515385
53768,9,13.3,18.122375
53768,10,12.3,17.815722
53768,11,10.8,17.613453
53768,12,9.9,17.365925
53768,13,8.8,17.20081
53768,14,8.2,16.893803
53768,15,7.8,16.651926
53768,16,7.5,16.375145
53768,17,7.2,16.138601
53768,18,6.9,16.041325
53768,19,6.1,16.1806
53768,20,6.6,16.436499
53768,21,8.8,16.940084
53768,22,11.7,17.591473
53768,23,13.9,18.269672
53768,24,15.8,18.974548
54776,1,30.5,25.407717
54776,2,29.4,25.528913
54776,3,29.2,25.61925
54776,4,28.9,25.38364
54776,5,28.5,25.180786
54776,6,27.9,24.923029
54776,7,27.9,24.504848
54776,8,27.6,24.108051
54776,9,27.6,23.783295
54776,10,27.6,23.533491
54776,11,27.5,23.329548
54776,12,27.3,23.039658
54776,13,27.2,22.897001
54776,14,27.1,22.624792
54776,15,26.9,22.49556
54776,16,26.8,22.40318
54776,17,26.7,22.401749
54776,18,26.8,22.5706
54776,19,27.9,22.912525
54776,20,28.5,23.284016
54776,21,29.0,23.770739
54776,22,28.9,24.281559
54776,23,29.4,24.703714
54776,24,29.7,25.124928
55011,1,26.4,23.486525
55011,2,26.6,23.325478
55011,3,26.3,23.358643
55011,4,26.3,23.20539
55011,5,25.8,23.213608
55011,6,26.1,23.318928
55011,7,26.6,23.374514
55011,8,26.4,23.540432
55011,9,26.6,23.98705
55011,10,28.8,24.652645
55011,11,29.7,25.479837
55011,12,30.8,26.257149
55011,13,31.8,27.086348
55011,14,32.2,27.588749
55011,15,32.0,28.00053
55011,16,30.1,28.090181
55011,17,31.1,27.888103
55011,18,30.8,27.525822
55011,19,30.3,26.864094
55011,20,30.8,26.164314
55011,21,30.7,25.540771
55011,22,25.5,24.854092
55011,23,25.5,24.333708
55011,24,25.8,24.00192
55404,1,11.7,9.337086
55404,2,11.4,8.661785
55404,3,10.7,8.058388
55404,4,9.7,7.5055776
55404,5,8.7,7.0219164
55404,6,9.4,6.6634016
55404,7,9.2,6.4819517
55404,8,8.5,6.436456
55404,9,7.9,6.823665
55404,10,7.3,7.5699763
55404,11,10.4,8.625208
55404,12,11.7,9.920701
55404,13,12.9,11.428876
55404,14,14.4,12.870771
55404,15,15.5,14.17988
55404,16,15.9,15.041389
55404,17,15.9,15.549344
55404,18,15.2,15.650741
55404,19,13.9,15.261361
55404,20,12.9,14.596089
55404,21,12.2,13.6709385
55404,22,12.2,12.656745
55404,23,12.4,11.711883
55404,24,12.5,10.829195
56254,1,11.8,9.427956
56254,2,10.6,10.216742
56254,3,8.9,11.285616
56254,4,7.7,12.222123
56254,5,11.1,13.249197
56254,6,11.2,14.168737
56254,7,11.6,14.777992
56254,8,11.9,15.084404
56254,9,12.1,15.296349
56254,10,12.0,15.1084175
56254,11,12.2,14.863006
56254,12,12.2,14.398514
56254,13,11.6,13.731776
56254,14,9.6,13.07906
56254,15,6.6,12.479473
56254,16,4.2,11.837123
56254,17,4.0,11.228397
56254,18,2.9,10.695864
56254,19,2.4,10.069263
56254,20,1.3,9.562939
56254,21,0.7,9.248106
56254,22,0.5,8.893919
56254,23,0.7,8.861608
56254,24,0.8,9.106623
56399,1,4.8,4.461193
56399,2,4.9,5.110251
56399,3,6.5,5.97248
56399,4,7.4,6.911601
56399,5,8.8,7.8723416
56399,6,10.4,8.742742
56399,7,10.5,9.403228
56399,8,10.2,9.696248
56399,9,10.2,9.827344
56399,10,10.3,9.574403
56399,11,10.6,9.167672
56399,12,10.1,8.613805
56399,13,9.2,7.935763
56399,14,7.7,7.412441
56399,15,7.4,6.916341
56399,16,6.8,6.408306
56399,17,6.8,6.077501
56399,18,7.0,5.8021774
56399,19,6.9,5.461839
56399,20,6.6,5.1427507
56399,21,6.2,4.8111734
56399,22,6.0,4.5427732
56399,23,5.7,4.421416
56399,24,4.9,4.527981
56904,1,19.4,17.590303
56904,2,20.5,18.884079
56904,3,21.4,19.90245
56904,4,21.8,20.264717
56904,5,22.3,20.290483
56904,6,22.0,19.836319
56904,7,21.6,18.89443
56904,8,21.4,17.906599
56904,9,20.8,16.828373
56904,10,19.2,15.710081
56904,11,17.2,14.888245
56904,12,16.7,13.993433
56904,13,16.1,13.294125
56904,14,15.1,12.542944
56904,15,14.1,11.958096
56904,16,13.6,11.3786745
56904,17,13.1,10.786385
56904,18,12.6,10.423
56904,19,11.9,10.390788
56904,20,11.9,10.650717
56904,21,13.4,11.349144
56904,22,15.6,12.474049
56904,23,18.4,13.835634
56904,24,20.8,15.410114
56908,1,16.1,13.260086
56908,2,15.1,12.431764
56908,3,14.1,11.745285
56908,4,13.6,11.17489
56908,5,13.1,10.714964
56908,6,12.6,10.579683
56908,7,11.9,10.769255
56908,8,11.9,11.262064
56908,9,13.4,12.329136
56908,10,15.6,13.868852
56908,11,18.4,15.663611
56908,12,20.8,17.573175
56908,13,22.8,19.495552
56908,14,24.0,21.045393
56908,15,25.0,22.236809
56908,16,25.6,22.675816
56908,17,24.8,22.61988
56908,18,23.0,22.048107
56908,19,22.0,21.044872
56908,20,21.3,19.815928
56908,21,20.3,18.463575
56908,22,19.6,17.14508
56908,23,20.0,15.98646
56908,24,19.1,14.916077
57090,1,23.6,21.17069
57090,2,23.4,20.70614
57090,3,23.1,20.349993
57090,4,22.9,19.822788
57090,5,22.6,19.552467
57090,6,22.1,19.201813
57090,7,22.0,18.837435
57090,8,22.3,18.461794
57090,9,22.3,18.15545
57090,10,22.2,17.931337
57090,11,22.1,17.869469
57090,12,22.1,17.785255
57090,13,22.1,18.060127
57090,14,22.2,18.368881
57090,15,23.2,18.994465
57090,16,24.4,19.728054
57090,17,26.5,20.454664
57090,18,28.3,21.267443
57090,19,29.7,21.9196
57090,20,30.9,22.396431
57090,21,31.4,22.635746
57090,22,30.5,22.600103
57090,23,30.7,22.356985
57090,24,31.1,22.058002
57447,1,18.0,16.686518
57447,2,19.7,17.637896
57447,3,21.5,18.973793
57447,4,23.0,20.26883
57447,5,24.2,21.658842
57447,6,25.1,22.862608
57447,7,25.7,23.665373
57447,8,25.5,24.000519
57447,9,25.4,24.05913
57447,10,25.2,23.618647
57447,11,25.0,23.030941
57447,12,23.7,22.14888
57447,13,21.7,21.18518
57447,14,20.8,20.297913
57447,15,20.3,19.58408
57447,16,19.3,18.915176
57447,17,19.0,18.373755
57447,18,18.7,17.949734
57447,19,18.2,17.476902
57447,20,17.9,17.01267
57447,21,17.4,16.6251
57447,22,17.0,16.249037
57447,23,16.5,16.109762
57447,24,17.5,16.320986
57509,1,20.2,16.543192
57509,2,19.8,15.842343
57509,3,19.4,15.6009245
57509,4,18.8,15.754212
57509,5,18.4,16.322172
57509,6,19.4,17.331657
57509,7,21.4,18.938097
57509,8,23.4,20.920137
57509,9,26.8,23.007042
57509,10,29.4,25.152838
57509,11,31.1,27.115246
57509,12,32.5,28.355808
57509,13,33.3,29.215338
57509,14,33.2,29.258924
57509,15,32.4,29.009153
57509,16,31.4,27.902636
57509,17,30.1,26.45987
57509,18,28.8,24.843437
57509,19,27.4,23.532528
57509,20,26.6,22.20263
57509,21,26.2,20.946627
57509,22,25.5,19.997608
57509,23,24.7,19.07297
57509,24,23.9,18.173119
57587,1,20.6,18.12166
57587,2,20.3,17.452757
57587,3,20.0,16.952349
57587,4,19.8,16.348892
57587,5,19.7,16.031473
57587,6,19.1,15.6154375
57587,7,18.7,15.247786
57587,8,18.6,14.878157
57587,9,18.6,14.734807
57587,10,18.8,14.802913
57587,11,18.8,15.2366295
57587,12,19.2,15.792414
57587,13,19.7,16.816069
57587,14,19.7,17.90463
57587,15,20.4,19.23125
57587,16,22.4,20.461998
57587,17,22.7,21.429285
57587,18,22.3,22.234299
57587,19,22.4,22.474648
57587,20,22.3,22.42803
57587,21,22.3,21.98535
57587,22,21.8,21.212572
57587,23,21.0,20.363234
57587,24,20.5,19.568962
57655,1,17.8,15.427244
57655,2,19.1,16.43396
57655,3,21.6,17.87583
57655,4,23.8,19.329233
57655,5,25.5,20.894966
57655,6,26.5,22.270271
57655,7,27.1,23.23643
57655,8,26.9,23.706831
57655,9,26.4,23.83012
57655,10,26.4,23.407911
57655,11,25.9,22.794556
57655,12,25.1,21.841724
57655,13,24.3,20.787392
57655,14,22.9,19.80146
57655,15,22.0,18.990433
57655,16,21.2,18.236708
57655,17,20.8,17.61592
57655,18,20.4,17.119213
57655,19,20.1,16.568285
57655,20,19.7,16.029202
57655,21,19.1,15.559027
57655,22,18.7,15.113614
57655,23,18.2,14.909593
57655,24,18.0,15.092453
58257,1,3.6,3.2740066
58257,2,3.2,3.1188955
58257,3,4.2,2.6553438
58257,4,4.4,1.9928019
58257,5,3.9,1.3774432
58257,6,3.5,0.6452225
58257,7,3.6,0.065089166
58257,8,3.9,-0.3522667
58257,9,3.7,-0.7922379
58257,10,3.4,-1.1540681
58257,11,2.9,-1.4212689
58257,12,2.5,-1.7909288
58257,13,2.6,-1.9878646
58257,14,2.5,-2.2091832
58257,15,2.6,-2.304901
58257,16,2.5,-2.2427986
58257,17,2.6,-2.003643
58257,18,2.5,-1.4813468
58257,19,2.2,-0.68270034
58257,20,3.4,0.29419178
58257,21,4.2,1.205287
58257,22,5.2,2.2609682
58257,23,6.3,3.028377
58257,24,7.4,3.5542543
58280,1,7.6,6.834124
58280,2,9.1,7.624947
58280,3,9.5,8.228706
58280,4,9.6,8.4322605
58280,5,10.1,8.472116
58280,6,9.7,8.213867
58280,7,9.3,7.691424
58280,8,7.9,7.086215
58280,9,7.6,6.509362
58280,10,7.0,5.8627195
58280,11,6.9,5.4264483
58280,12,6.6,4.985285
58280,13,6.2,4.616813
58280,14,5.6,4.3047595
58280,15,4.4,4.031343
58280,16,4.5,3.7205572
58280,17,4.2,3.4313538
58280,18,3.8,3.2763062
58280,19,3.4,3.1514611
58280,20,2.8,3.2695885
58280,21,1.8,3.60251
58280,22,1.3,4.1646852
58280,23,2.5,4.916526
58280,24,3.7,5.8263545
58338,1,10.6,8.586359
58338,2,10.0,8.213186
58338,3,9.4,7.8591895
58338,4,8.8,7.4402375
58338,5,8.6,7.1679997
58338,6,8.4,6.9334316
58338,7,7.9,6.715972
58338,8,7.1,6.44502
58338,9,7.1,6.2743664
58338,10,7.8,6.0886183
58338,11,7.9,5.9113226
58338,12,7.8,5.7996783
58338,13,7.6,5.8136673
58338,14,7.4,5.977929
58338,15,7.5,6.3061757
58338,16,7.2,6.767671
58338,17,7.5,7.390154
58338,18,8.0,8.100534
58338,19,8.5,8.7399
58338,20,9.1,9.273491
58338,21,9.4,9.63217
58338,22,10.1,9.742608
58338,23,11.0,9.669168
58338,24,11.0,9.471155
58607,1,1.0,0.8337245
58607,2,1.3,1.4554383
58607,3,2.8,2.03107
58607,4,3.4,2.5706859
58607,5,4.9,3.0212255
58607,6,5.2,3.350497
58607,7,7.4,3.5082414
58607,8,8.0,3.3903477
58607,9,8.4,3.2564816
58607,10,6.0,2.908434
58607,11,3.9,2.5332375
58607,12,1.9,2.1732004
58607,13,2.0,1.7502321
58607,14,0.6,1.51466
58607,15,-0.5,1.2012016
58607,16,-1.6,0.8775475
58607,17,-2.7,0.73467493
58607,18,-3.2,0.6441853
58607,19,-2.8,0.4227352
58607,20,-3.4,0.3243135
58607,21,-4.0,0.20477948
58607,22,-4.5,0.25324363
58607,23,-5.1,0.4213128
58607,24,-5.5,0.7558993
58770,1,8.4,6.5507092
58770,2,6.9,6.1340933
58770,3,5.9,5.5438423
58770,4,6.2,4.960923
58770,5,6.9,4.452716
58770,6,7.5,4.0422225
58770,7,6.8,3.7162225
58770,8,6.6,3.3398607
58770,9,6.3,3.0899813
58770,10,6.6,2.8091426
58770,11,6.4,2.4972317
58770,12,6.0,2.2748578
58770,13,4.8,2.1326842
58770,14,4.4,2.2077835
58770,15,4.7,2.4001033
58770,16,4.6,2.7677512
58770,17,5.1,3.4868553
58770,18,4.2,4.3834004
58770,19,3.5,5.323592
58770,20,3.2,6.2084675
58770,21,2.9,6.8365664
58770,22,2.6,7.366421
58770,23,2.3,7.5492115
58770,24,1.5,7.482267
59956,1,28.6,24.291996
59956,2,28.3,23.997047
59956,3,27.8,23.894053
59956,4,26.6,23.548428
59956,5,26.0,23.349335
59956,6,25.0,23.27052
59956,7,24.4,23.105234
59956,8,24.2,23.057663
59956,9,24.9,23.435617
59956,10,26.4,24.107817
59956,11,26.8,25.049612
59956,12,27.8,26.097876
59956,13,29.3,27.246298
59956,14,31.9,28.12736
59956,15,33.7,28.92312
59956,16,33.4,29.37583
59956,17,33.7,29.45049
59956,18,30.6,29.255741
59956,19,30.8,28.608599
59956,20,26.9,27.835365
59956,21,26.8,27.111366
59956,22,28.5,26.18632
59956,23,27.5,25.490164
59956,24,26.8,24.970634
60622,1,12.8,9.532025
60622,2,11.6,8.449096
60622,3,10.6,7.4924393
60622,4,9.4,6.6721125
60622,5,8.2,5.926953
60622,6,7.9,5.430243
60622,7,7.5,5.2398434
60622,8,4.7,5.3619146
60622,9,4.0,6.0698004
60622,10,4.7,7.357887
60622,11,7.2,9.064468
60622,12,10.3,11.098516
60622,13,13.8,13.3905525
60622,14,16.4,15.472923
60622,15,18.1,17.332804
60622,16,19.0,18.520872
60622,17,19.8,19.10468
60622,18,19.4,19.047749
60622,19,17.2,18.381163
60622,20,15.7,17.289371
60622,21,14.8,15.889395
60622,22,14.4,14.368104
60622,23,13.8,12.95651
60622,24,13.1,11.600294
60643,1,25.9,20.642181
60643,2,26.6,21.137022
60643,3,26.0,21.082691
60643,4,22.5,20.143373
60643,5,21.9,18.860386
60643,6,21.4,17.351835
60643,7,20.7,15.542874
60643,8,19.8,14.216712
60643,9,19.2,12.9050455
60643,10,18.7,11.898974
60643,11,18.2,11.127442
60643,12,17.8,10.320627
60643,13,16.8,9.7087345
60643,14,15.5,8.777591
60643,15,14.4,8.123196
60643,16,13.5,7.7091494
60643,17,11.0,7.3833184
60643,18,10.4,7.5015025
60643,19,10.8,8.570907
60643,20,13.4,9.963671
60643,21,16.2,12.031006
60643,22,19.3,14.3591385
60643,23,22.2,16.547586
60643,24,24.2,18.460743
60692,1,21.0,17.77126
60692,2,19.5,16.71867
60692,3,19.0,15.581297
60692,4,18.0,14.231677
60692,5,17.1,13.104733
60692,6,15.9,12.047395
60692,7,14.8,11.056523
60692,8,14.7,10.326448
60692,9,14.5,9.513989
60692,10,14.6,8.920385
60692,11,13.2,8.2952585
60692,12,12.2,7.719109
60692,13,11.6,7.5831966
60692,14,12.2,7.4831743
60692,15,11.2,7.9333987
60692,16,10.7,8.952497
60692,17,12.2,10.244274
60692,18,14.2,11.880451
60692,19,15.9,13.911006
60692,20,17.3,15.694462
60692,21,18.3,17.284216
60692,22,18.9,18.397394
60692,23,19.3,18.844055
60692,24,19.1,18.811474
60801,1,6.3,6.234297
60801,2,8.9,7.6731963
60801,3,12.2,9.655125
60801,4,15.6,11.802075
60801,5,18.2,14.079014
60801,6,20.0,15.979734
60801,7,20.3,17.45021
60801,8,20.4,18.148447
60801,9,19.3,18.312069
60801,10,17.8,17.574347
60801,11,17.4,16.637726
60801,12,15.9,15.225628
60801,13,16.2,13.661327
60801,14,15.9,12.392476
60801,15,15.9,11.376163
60801,16,14.7,10.3849945
60801,17,14.5,9.58515
60801,18,14.4,8.927946
60801,19,14.2,8.171306
60801,20,13.3,7.438115
60801,21,12.2,6.658993
60801,22,11.8,5.9868946
60801,23,13.4,5.67814
60801,24,13.1,5.865441
60990,1,9.6,6.9714193
60990,2,8.8,5.943861
60990,3,7.9,5.015654
60990,4,7.0,4.2871976
60990,5,6.5,3.5714192
60990,6,5.8,3.1426277
60990,7,5.2,3.0370445
60990,8,4.9,3.2688105
60990,9,4.5,4.0361753
60990,10,4.9,5.3953233
60990,11,6.7,7.092974
60990,12,9.2,9.104996
60990,13,12.1,11.323706
60990,14,14.5,13.29565
60990,15,16.1,14.981323
60990,16,17.4,15.982698
60990,17,18.2,16.419685
60990,18,18.4,16.217585
60990,19,18.0,15.502465
60990,20,15.8,14.382172
60990,21,14.8,12.988836
60990,22,14.1,11.572554
60990,23,13.5,10.240513
60990,24,12.5,8.964958
61044,1,25.0,21.45745
61044,2,22.2,20.488253
61044,3,21.0,19.288412
61044,4,20.2,17.715986
61044,5,18.5,16.263092
61044,6,17.6,14.87646
61044,7,16.7,13.526939
61044,8,15.9,12.553702
61044,9,15.0,11.519781
61044,10,14.4,10.765505
61044,11,13.6,9.987117
61044,12,12.6,9.243594
61044,13,11.3,8.927319
61044,14,10.6,8.570007
61044,15,9.8,8.791568
61044,16,10.4,9.615728
61044,17,12.2,10.769198
61044,18,15.2,12.364171
61044,19,18.3,14.655911
61044,20,20.8,16.766897
61044,21,22.4,18.853111
61044,22,23.2,20.549774
61044,23,23.8,21.534006
61044,24,24.3,21.929869
61094,1,11.0,9.985358
61094,2,10.5,9.280958
61094,3,10.6,8.659723
61094,4,10.0,8.039093
61094,5,9.1,7.50912
61094,6,8.6,7.1048007
61094,7,8.3,6.8691444
61094,8,8.3,6.783685
61094,9,8.0,7.19871
61094,10,8.3,7.988632
61094,11,10.5,9.148599
61094,12,13.7,10.573762
61094,13,16.5,12.20688
61094,14,18.2,13.766425
61094,15,19.5,15.191317
61094,16,20.0,16.136225
61094,17,20.0,16.666801
61094,18,19.8,16.758987
61094,19,19.3,16.291243
61094,20,16.6,15.548708
61094,21,15.5,14.565118
61094,22,15.2,13.435818
61094,23,14.7,12.433455
61094,24,14.2,11.499592
61109,1,17.9,13.63134
61109,2,17.1,12.6887045
61109,3,16.0,11.887283
61109,4,15.1,11.023435
61109,5,13.9,10.49231
61109,6,13.0,9.837645
61109,7,12.2,9.314569
61109,8,11.7,8.787832
61109,9,11.1,8.464251
61109,10,10.0,8.304302
61109,11,9.5,8.545934
61109,12,9.1,8.948156
61109,13,9.3,9.906283
61109,14,11.6,11.082377
61109,15,13.6,12.653011
61109,16,15.5,14.23955
61109,17,17.1,15.624199
61109,18,18.6,16.88441
61109,19,19.8,17.643984
61109,20,20.6,18.01733
61109,21,20.7,17.858862
61109,22,20.4,17.230467
61109,23,19.5,16.399588
61109,24,18.0,15.467768
61216,1,13.3,9.9482
61216,2,13.1,9.788737
61216,3,11.6,10.205347
61216,4,13.1,11.287016
61216,5,15.9,12.740793
61216,6,19.2,14.51017
61216,7,22.3,16.714426
61216,8,24.0,18.942003
61216,9,25.1,20.7361
61216,10,25.8,22.173645
61216,11,26.2,23.046999
61216,12,26.2,23.018435
61216,13,25.5,22.58514
61216,14,24.2,21.589483
61216,15,22.1,20.476593
61216,16,21.4,18.886568
61216,17,19.8,17.372217
61216,18,19.7,15.930503
61216,19,19.1,15.047573
61216,20,17.6,14.131763
61216,21,16.3,13.172658
61216,22,15.3,12.6300125
61216,23,14.4,11.924128
61216,24,14.0,11.31023
61332,1,10.6,10.1499605
61332,2,10.9,9.169772
61332,3,10.8,8.251045
61332,4,10.4,7.3096075
61332,5,9.8,6.648671
61332,6,8.9,6.0203786
61332,7,8.4,5.49578
61332,8,7.7,5.0286055
61332,9,7.4,4.573534
61332,10,7.0,4.2293534
61332,11,6.8,3.9480042
61332,12,6.9,3.788781
61332,13,6.6,4.0341606
61332,14,7.5,4.475082
61332,15,6.6,5.3368645
61332,16,8.6,6.549944
61332,17,10.4,7.8935843
61332,18,12.0,9.353535
61332,19,13.5,10.72855
61332,20,14.6,11.792248
61332,21,16.0,12.461539
61332,22,16.9,12.626758
61332,23,17.3,12.343237
61332,24,17.5,11.776619
62357,1,33.0,28.052032
62357,2,32.3,27.20956
62357,3,31.8,26.621542
62357,4,31.4,25.859179
62357,5,31.0,25.45741
62357,6,30.6,24.912897
62357,7,30.3,24.386782
62357,8,29.2,23.941252
62357,9,28.7,23.688362
62357,10,28.8,23.762184
62357,11,30.1,24.300459
62357,12,31.0,24.920843
62357,13,32.0,26.19743
62357,14,33.4,27.420443
62357,15,35.2,29.022999
62357,16,36.2,30.543814
62357,17,37.6,31.65523
62357,18,38.5,32.583298
62357,19,39.4,32.92786
62357,20,40.3,32.878082
62357,21,39.6,32.4011
62357,22,39.3,31.520605
62357,23,37.9,30.516422
62357,24,34.6,29.58362
62872,1,25.8,22.271257
62872,2,25.8,22.40814
62872,3,26.0,23.041868
62872,4,27.5,23.84733
62872,5,30.0,24.983482
62872,6,32.5,26.240177
62872,7,34.5,27.551094
62872,8,36.1,28.777166
62872,9,37.2,29.809715
62872,10,37.9,30.564331
62872,11,38.2,31.070402
62872,12,38.1,30.969585
62872,13,37.6,30.662968
62872,14,36.6,29.955667
62872,15,35.6,29.281546
62872,16,34.8,28.316034
62872,17,33.8,27.31817
62872,18,33.2,26.391716
62872,19,32.7,25.661745
62872,20,32.0,24.91978
62872,21,31.3,24.248116
62872,22,29.8,23.689892
62872,23,28.5,23.18481
62872,24,27.9,22.867926
62925,1,29.4,24.829428
62925,2,28.4,23.546156
62925,3,27.5,22.57061
62925,4,26.6,21.513845
62925,5,26.0,20.878023
62925,6,25.1,20.159958
62925,7,24.2,19.56735
62925,8,23.6,19.103241
62925,9,22.7,18.998049
62925,10,22.0,19.360222
62925,11,21.3,20.331745
62925,12,21.4,21.556086
62925,13,23.0,23.540073
62925,14,25.7,25.525885
62925,15,28.5,27.864676
62925,16,30.9,30.00853
62925,17,32.8,31.560726
62925,18,34.1,32.71653
62925,19,34.5,32.976974
62925,20,34.5,32.67453
62925,21,34.3,31.758602
62925,22,34.7,30.274141
62925,23,33.8,28.68996
62925,24,32.8,27.168861
63294,1,21.3,16.910751
63294,2,19.5,15.823627
63294,3,18.2,14.9226
63294,4,17.4,14.091541
63294,5,17.2,13.333294
63294,6,16.3,12.944394
63294,7,15.9,12.827517
63294,8,15.0,13.113296
63294,9,14.2,14.124569
63294,10,15.5,15.828092
63294,11,17.9,17.954508
63294,12,20.7,20.40383
63294,13,23.3,23.01022
63294,14,25.3,25.203255
63294,15,27.1,27.044085
63294,16,26.5,28.058575
63294,17,22.9,28.339504
63294,18,23.1,27.883883
63294,19,22.9,26.785278
63294,20,22.6,25.275331
63294,21,22.9,23.60926
63294,22,20.4,21.82893
63294,23,20.1,20.281857
63294,24,19.6,18.853762
63299,1,26.5,24.037228
63299,2,22.9,24.620075
63299,3,23.1,24.782375
63299,4,22.9,24.138153
63299,5,22.6,23.210178
63299,6,22.9,22.040268
63299,7,20.4,20.540318
63299,8,20.1,19.394384
63299,9,19.6,18.262163
63299,10,20.3,17.373043
63299,11,20.4,16.713339
63299,12,20.0,15.985746
63299,13,19.6,15.457627
63299,14,18.7,14.6291485
63299,15,17.5,14.046895
63299,16,17.1,13.625149
63299,17,17.3,13.249158
63299,18,16.8,13.246298
63299,19,17.1,14.000337
63299,20,17.9,15.033622
63299,21,19.1,16.656757
63299,22,20.3,18.540203
63299,23,21.4,20.360956
63299,24,21.8,22.036
63674,1,15.9,13.648262
63674,2,17.2,14.416871
63674,3,17.6,15.114563
63674,4,17.5,15.521463
63674,5,18.7,15.76814
63674,6,18.8,15.812199
63674,7,17.9,15.54381
63674,8,16.7,15.124913
63674,9,16.2,14.703211
63674,10,15.8,14.217652
63674,11,15.7,13.813275
63674,12,15.1,13.3980875
63674,13,14.8,13.045313
63674,14,14.5,12.707144
63674,15,14.5,12.377213
63674,16,13.4,12.005426
63674,17,13.3,11.69578
63674,18,12.9,11.467325
63674,19,13.8,11.260756
63674,20,13.1,11.186496
63674,21,12.3,11.288833
63674,22,12.3,11.61753
63674,23,13.6,12.10125
63674,24,15.2,12.797665
64190,1,15.8,13.5768175
64190,2,14.4,12.707069
64190,3,14.2,11.968649
64190,4,13.6,11.219707
64190,5,12.5,10.567642
64190,6,11.4,10.155949
64190,7,11.5,9.949863
64190,8,11.0,10.013955
64190,9,11.9,10.731021
64190,10,13.9,11.969963
64190,11,16.2,13.63372
64190,12,18.8,15.599035
64190,13,21.0,17.725641
64190,14,22.8,19.615099
64190,15,24.2,21.255495
64190,16,25.3,22.237467
64190,17,25.5,22.632114
64190,18,25.6,22.443428
64190,19,25.1,21.612913
64190,20,24.0,20.468782
64190,21,22.4,19.150824
64190,22,21.5,17.671337
64190,23,20.3,16.41289
64190,24,19.4,15.254183
64242,1,26.9,22.23624
64242,2,29.6,24.811129
64242,3,31.3,27.275194
64242,4,32.4,28.80564
64242,5,33.0,29.870182
64242,6,33.0,29.930758
64242,7,32.2,29.036694
64242,8,31.2,27.861002
64242,9,28.7,26.223919
64242,10,27.5,24.23429
64242,11,26.3,22.803743
64242,12,25.1,21.07722
64242,13,24.9,19.698437
64242,14,23.7,18.271194
64242,15,22.6,17.275648
64242,16,21.3,16.277876
64242,17,19.7,14.995881
64242,18,18.6,13.977296
64242,19,17.3,13.287291
64242,20,16.3,12.992092
64242,21,15.6,13.378968
64242,22,17.0,14.405757
64242,23,19.6,16.095608
64242,24,22.8,18.402315
64317,1,32.8,27.460035
64317,2,31.6,26.082357
64317,3,30.2,24.970205
64317,4,29.1,23.72269
64317,5,27.6,22.95354
64317,6,26.2,22.03793
64317,7,25.1,21.242966
64317,8,24.3,20.591198
64317,9,22.9,20.129189
64317,10,22.3,20.08048
64317,11,21.1,20.575787
64317,12,20.6,21.23648
64317,13,22.4,22.76721
64317,14,25.1,24.345064
64317,15,28.1,26.49076
64317,16,30.7,28.698734
64317,17,33.5,30.48047
64317,18,35.1,32.079224
64317,19,35.9,33.01759
64317,20,36.4,33.39471
64317,21,36.3,33.124836
64317,22,35.9,32.222023
64317,23,35.0,30.99942
64317,24,32.9,29.702211
64865,1,24.1,19.354645
64865,2,26.1,20.701975
64865,3,27.9,22.645185
64865,4,28.8,24.613665
64865,5,30.3,26.782316
64865,6,31.3,28.595982
64865,7,32.2,29.919056
64865,8,32.7,30.585333
64865,9,32.8,30.708527
64865,10,32.4,30.059263
64865,11,31.9,29.22374
64865,12,31.0,27.831833
64865,13,29.9,26.370869
64865,14,29.2,24.995691
64865,15,28.5,23.94164
64865,16,27.4,22.95145
64865,17,26.6,22.079088
64865,18,25.8,21.404299
64865,19,25.2,20.694017
64865,20,24.7,20.005728
64865,21,24.1,19.365206
64865,22,22.6,18.793842
64865,23,22.4,18.535519
64865,24,24.0,18.784891
64942,1,31.3,26.906414
64942,2,30.3,25.656609
64942,3,29.6,24.751516
64942,4,28.4,23.92036
64942,5,27.4,23.345598
64942,6,26.3,23.104729
64942,7,25.4,23.121834
64942,8,25.4,23.571917
64942,9,27.0,24.55536
64942,10,29.1,26.24556
64942,11,31.3,28.306026
64942,12,33.2,30.508726
64942,13,34.2,33.01926
64942,14,36.1,34.978203
64942,15,37.4,36.760845
64942,16,38.5,37.859642
64942,17,39.1,38.202656
64942,18,39.1,37.923454
64942,19,38.6,37.014397
64942,20,37.9,35.650986
64942,21,36.9,34.065502
64942,22,35.5,32.283108
64942,23,34.4,30.583961
64942,24,33.5,29.03433
65158,1,9.3,7.646646
65158,2,10.3,8.334371
65158,3,10.0,8.574263
65158,4,9.1,8.236037
65158,5,8.8,7.6435823
65158,6,8.0,6.79008
65158,7,7.4,5.731178
65158,8,7.0,4.790646
65158,9,6.9,3.9599311
65158,10,6.8,3.1999404
65158,11,7.0,2.6794734
65158,12,6.5,2.1836548
65158,13,4.8,1.7532557
65158,14,3.6,1.2902579
65158,15,1.9,0.85889894
65158,16,0.5,0.47497964
65158,17,-0.8,0.19465937
65158,18,-2.5,0.1747033
65158,19,-3.6,0.49510902
65158,20,-4.6,1.1709467
65158,21,-4.3,2.1975474
65158,22,-2.3,3.5317192
65158,23,0.3,4.9333634
65158,24,1.1,6.2784357
65195,1,4.7,1.049147
65195,2,4.7,1.6312141
65195,3,3.6,2.1677325
65195,4,2.3,2.5814214
65195,5,1.2,2.932274
65195,6,0.6,3.126511
65195,7,0.8,3.1984584
65195,8,-0.1,3.1326683
65195,9,0.6,3.0351887
65195,10,1.1,2.7911584
65195,11,2.0,2.5853631
65195,12,2.6,2.3113792
65195,13,3.2,1.9944174
65195,14,3.5,1.7244526
65195,15,2.2,1.400728
65195,16,0.5,1.0128788
65195,17,-0.2,0.68121517
65195,18,-0.2,0.41254094
65195,19,-0.7,0.11416694
65195,20,-0.4,-0.012101278
65195,21,-0.7,-0.058308214
65195,22,-1.4,0.085249364
65195,23,-2.4,0.3821568
65195,24,-4.0,0.8283844
65546,1,-12.9,-15.622736
65546,2,-14.0,-15.183249
65546,3,-14.9,-15.405877
65546,4,-16.2,-15.369488
65546,5,-17.7,-15.198206
65546,6,-18.5,-15.539727
65546,7,-20.0,-14.897043
65546,8,-20.6,-14.981884
65546,9,-20.7,-14.731701
65546,10,-17.3,-14.5352745
65546,11,-13.1,-14.490935
65546,12,-11.9,-14.573573
65546,13,-11.7,-14.448667
65546,14,-10.8,-13.78137
65546,15,-11.0,-13.959398
65546,16,-12.0,-14.480065
65546,17,-12.8,-14.398862
65546,18,-13.7,-14.262694
65546,19,-14.5,-14.524173
65546,20,-16.2,-14.223712
65546,21,-17.3,-14.829035
65546,22,-18.1,-14.467852
65546,23,-17.4,-14.157491
65546,24,-18.0,-13.898016
65641,1,-19.6,-16.823975
65641,2,-19.3,-17.196325
65641,3,-19.6,-18.381083
65641,4,-19.8,-19.459274
65641,5,-20.0,-19.699533
65641,6,-20.1,-21.023123
65641,7,-20.3,-21.016157
65641,8,-20.4,-21.426254
65641,9,-20.5,-21.792532
65641,10,-20.5,-21.69372
65641,11,-20.4,-21.130215
65641,12,-20.3,-20.918037
65641,13,-18.3,-19.57792
65641,14,-14.8,-17.934296
65641,15,-12.6,-16.924532
65641,16,-11.2,-15.915968
65641,17,-10.5,-14.762646
65641,18,-10.8,-13.2477665
65641,19,-11.5,-13.407923
65641,20,-12.7,-12.570945
65641,21,-15.8,-13.385536
65641,22,-17.5,-13.215438
65641,23,-18.2,-13.54358
65641,24,-18.5,-13.650742
65826,1,-22.9,-21.219763
65826,2,-23.0,-21.11383
65826,3,-22.9,-22.252832
65826,4,-22.8,-23.438156
65826,5,-22.9,-23.6344
65826,6,-23.1,-24.608234
65826,7,-23.2,-23.762733
65826,8,-23.1,-24.123037
65826,9,-22.9,-23.25961
65826,10,-20.9,-22.744892
65826,11,-16.2,-22.064722
65826,12,-13.1,-21.775314
65826,13,-11.1,-21.508547
65826,14,-9.9,-20.233501
65826,15,-9.8,-20.338812
65826,16,-10.9,-20.968338
65826,17,-12.5,-20.484585
65826,18,-15.7,-19.405315
65826,19,-17.9,-19.930202
65826,20,-19.0,-18.838432
65826,21,-19.7,-19.32941
65826,22,-20.1,-18.80083
65826,23,-20.0,-18.324438
65826,24,-20.3,-18.058771
65931,1,-17.3,-17.162653
65931,2,-17.3,-17.40492
65931,3,-17.2,-16.63997
65931,4,-17.2,-16.709984
65931,5,-17.3,-15.085139
65931,6,-17.5,-14.05767
65931,7,-14.4,-12.604192
65931,8,-9.3,-10.747887
65931,9,-7.2,-9.284421
65931,10,-5.9,-8.720776
65931,11,-5.3,-7.4076056
65931,12,-5.2,-7.5655584
65931,13,-5.5,-8.007097
65931,14,-6.3,-9.235275
65931,15,-9.0,-9.571407
65931,16,-12.0,-9.6175165
65931,17,-13.2,-10.919154
65931,18,-14.3,-11.7894535
65931,19,-15.1,-12.872164
65931,20,-15.7,-13.256397
65931,21,-16.3,-13.164862
65931,22,-16.2,-14.452957
65931,23,-15.8,-14.765714
65931,24,-15.7,-15.286495
66137,1,-16.3,-17.611355
66137,2,-15.9,-17.550903
66137,3,-16.5,-18.734625
66137,4,-17.0,-19.550194
66137,5,-18.2,-20.300146
66137,6,-20.5,-21.376074
66137,7,-22.1,-21.252176
66137,8,-23.1,-22.113283
66137,9,-23.9,-22.183079
66137,10,-24.6,-22.035444
66137,11,-25.3,-22.228666
66137,12,-25.4,-22.047626
66137,13,-20.4,-21.61354
66137,14,-16.5,-20.220528
66137,15,-15.4,-20.168863
66137,16,-14.5,-20.211063
66137,17,-14.0,-19.027044
66137,18,-13.8,-17.694622
66137,19,-14.0,-17.295477
66137,20,-14.3,-16.142384
66137,21,-14.9,-16.40298
66137,22,-16.4,-15.556296
66137,23,-20.1,-15.153038
66137,24,-22.1,-14.974369
66218,1,-9.1,-7.635373
66218,2,-9.5,-8.005602
66218,3,-9.9,-8.136786
66218,4,-10.5,-8.8482275
66218,5,-11.1,-8.838572
66218,6,-11.6,-9.062091
66218,7,-11.5,-8.704571
66218,8,-11.1,-8.428525
66218,9,-9.2,-7.28169
66218,10,-4.9,-6.1974034
66218,11,-3.3,-4.622499
66218,12,-2.9,-3.1794891
66218,13,-3.0,-1.9386145
66218,14,-2.3,-0.7012006
66218,15,-1.4,0.22754315
66218,16,-0.8,0.5728097
66218,17,-0.9,0.3267675
66218,18,-1.1,-0.18159045
66218,19,-2.0,-1.4957641
66218,20,-2.9,-2.4157639
66218,21,-3.6,-3.2568097
66218,22,-4.1,-4.7667737
66218,23,-4.1,-5.38518
66218,24,-5.3,-6.0000567
66503,1,5.7,3.580489
66503,2,5.2,2.8849814
66503,3,4.1,2.027012
66503,4,2.2,0.54915273
66503,5,-1.2,-0.17814168
66503,6,-2.2,-1.3141719
66503,7,-2.9,-2.1217055
66503,8,-2.1,-2.3706834
66503,9,-1.4,-2.8413274
66503,10,-1.0,-3.4525075
66503,11,-1.1,-3.4203508
66503,12,-1.7,-4.085363
66503,13,-1.9,-4.421511
66503,14,-1.9,-5.0894237
66503,15,-2.6,-4.970912
66503,16,-2.4,-4.4262285
66503,17,-1.9,-4.132291
66503,18,-1.4,-3.125145
66503,19,-0.9,-1.883607
66503,20,-1.0,-0.17257765
66503,21,-1.0,1.4988048
66503,22,-0.6,2.8261013
66503,23,0.1,3.8216565
66503,24,1.0,4.326766
66564,1,2.3,-0.47625053
66564,2,3.6,0.98072374
66564,3,6.4,2.4749198
66564,4,8.1,4.2059402
66564,5,10.0,5.943326
66564,6,11.1,7.360258
66564,7,11.3,8.389102
66564,8,10.6,8.597396
66564,9,8.8,8.506409
66564,10,7.2,7.473327
66564,11,5.1,6.4509854
66564,12,1.9,5.1418905
66564,13,1.7,3.603299
66564,14,1.4,2.6079938
66564,15,1.3,1.7131226
66564,16,1.2,0.870051
66564,17,-0.6,0.49882728
66564,18,-3.0,0.40780625
66564,19,-3.6,-0.07283217
66564,20,-3.8,-0.30965292
66564,21,-3.9,-0.87865293
66564,22,-4.8,-1.0363795
66564,23,-5.7,-1.0465415
66564,24,-6.3,-0.6931579
66800,1,9.2,6.408247
66800,2,7.2,5.4281893
66800,3,4.5,4.7271557
66800,4,4.1,3.8624468
66800,5,4.9,3.2560072
66800,6,4.3,2.5979536
66800,7,3.2,1.9484572
66800,8,2.3,1.4784434
66800,9,1.1,1.0329232
66800,10,0.0,0.9442996
66800,11,-0.9,1.0387359
66800,12,-1.2,1.4166819
66800,13,-0.5,2.3441207
66800,14,3.4,3.317026
66800,15,8.1,4.674411
66800,16,10.4,6.3144836
66800,17,12.1,7.6309733
66800,18,13.1,8.758843
66800,19,13.9,9.575991
66800,20,14.4,9.9573555
66800,21,14.8,10.118288
66800,22,14.8,9.537575
66800,23,14.3,8.837321
66800,24,13.2,8.044439
67145,1,15.2,12.992586
67145,2,14.4,12.094568
67145,3,13.3,11.325037
67145,4,12.6,10.48395
67145,5,11.5,9.8177805
67145,6,10.5,9.303319
67145,7,10.0,8.932988
67145,8,10.3,8.751926
67145,9,10.5,9.165688
67145,10,11.7,10.048543
67145,11,14.4,11.378057
67145,12,17.7,13.051077
67145,13,19.7,14.989866
67145,14,20.7,16.82893
67145,15,21.8,18.54741
67145,16,22.6,19.817114
67145,17,23.3,20.574833
67145,18,23.7,20.849747
67145,19,23.4,20.353106
67145,20,21.8,19.55561
67145,21,21.6,18.493153
67145,22,20.7,17.113321
67145,23,18.6,15.886448
67145,24,16.6,14.749197
67374,1,18.8,17.286556
67374,2,19.0,17.669626
67374,3,19.1,17.882818
67374,4,19.6,17.663345
67374,5,19.7,17.368668
67374,6,17.9,16.927172
67374,7,16.7,16.303299
67374,8,16.5,15.707987
67374,9,16.5,15.235258
67374,10,16.6,14.787193
67374,11,16.2,14.488521
67374,12,16.2,14.148716
67374,13,16.0,13.888855
67374,14,15.8,13.574629
67374,15,15.6,13.360633
67374,16,15.6,13.136998
67374,17,15.5,12.9899235
67374,18,15.6,13.024757
67374,19,15.7,13.271001
67374,20,16.2,13.672172
67374,21,17.4,14.294471
67374,22,18.1,15.026796
67374,23,19.5,15.793627
67374,24,20.4,16.551601
67564,1,12.4,11.75601
67564,2,13.3,12.834833
67564,3,16.5,14.320151
67564,4,19.1,15.7999525
67564,5,20.7,17.368778
67564,6,22.0,18.715014
67564,7,22.8,19.63402
67564,8,23.0,20.00598
67564,9,22.8,20.065722
67564,10,22.3,19.52683
67564,11,21.8,18.834373
67564,12,21.0,17.854101
67564,13,19.8,16.751202
67564,14,18.1,15.812008
67564,15,16.3,15.047382
67564,16,15.8,14.345173
67564,17,15.1,13.789882
67564,18,14.6,13.347043
67564,19,13.9,12.800181
67564,20,13.8,12.277632
67564,21,13.8,11.815375
67564,22,15.0,11.349161
67564,23,15.1,11.176063
67564,24,15.4,11.386349
67620,1,16.8,14.487539
67620,2,17.0,15.387103
67620,3,17.5,16.595657
67620,4,18.2,17.690704
67620,5,19.9,18.852148
67620,6,20.8,19.828608
67620,7,20.9,20.416021
67620,8,20.3,20.596203
67620,9,20.6,20.59018
67620,10,20.3,20.149458
67620,11,19.8,19.635983
67620,12,19.2,18.90267
67620,13,18.7,18.087822
67620,14,18.4,17.356874
67620,15,18.3,16.770945
67620,16,18.4,16.211857
67620,17,18.6,15.740392
67620,18,18.6,15.365228
67620,19,18.4,14.906643
67620,20,18.4,14.488117
67620,21,18.5,14.180278
67620,22,18.3,13.860669
67620,23,18.1,13.807756
67620,24,18.1,14.072834
67918,1,13.3,11.962449
67918,2,12.4,12.794322
67918,3,12.0,13.255652
67918,4,10.8,13.02892
67918,5,10.8,12.5489235
67918,6,10.9,11.713218
67918,7,9.7,10.5720825
67918,8,7.9,9.589012
67918,9,7.1,8.643755
67918,10,6.8,7.7772927
67918,11,6.5,7.227436
67918,12,5.7,6.637554
67918,13,5.1,6.1831207
67918,14,4.9,5.615169
67918,15,4.7,5.179361
67918,16,4.4,4.7674813
67918,17,4.4,4.3351
67918,18,4.3,4.1693473
67918,19,4.1,4.3748116
67918,20,4.4,4.9317865
67918,21,6.5,5.9445395
67918,22,9.3,7.258069
67918,23,12.1,8.711316
67918,24,14.4,10.194437
67973,1,13.5,9.83523
67973,2,15.6,11.3438
67973,3,17.6,12.763489
67973,4,18.0,13.667311
67973,5,18.2,14.321195
67973,6,17.9,14.423424
67973,7,18.2,13.988993
67973,8,17.3,13.267651
67973,9,16.0,12.394079
67973,10,13.7,11.224901
67973,11,12.9,10.356036
67973,12,12.4,9.392764
67973,13,11.4,8.548285
67973,14,11.1,7.835769
67973,15,10.9,7.301564
67973,16,10.8,6.7468734
67973,17,10.9,6.14547
67973,18,10.4,5.6944804
67973,19,10.9,5.285387
67973,20,10.3,5.1383686
67973,21,9.3,5.313491
67973,22,8.6,5.8051515
67973,23,8.2,6.711926
67973,24,8.2,7.9773893
68480,1,-5.6,-9.373295
68480,2,-6.9,-9.859948
68480,3,-7.6,-10.309026
68480,4,-6.7,-11.193166
68480,5,-7.8,-12.359499
68480,6,-8.5,-12.713815
68480,7,-9.2,-13.598058
68480,8,-10.0,-14.195283
68480,9,-10.6,-14.469672
68480,10,-10.5,-14.533641
68480,11,-11.0,-15.093311
68480,12,-11.7,-14.775968
68480,13,-12.2,-14.968346
68480,14,-12.8,-15.205576
68480,15,-14.8,-15.45165
68480,16,-14.2,-14.610912
68480,17,-11.5,-13.65728
68480,18,-10.6,-12.97877
68480,19,-10.0,-11.649838
68480,20,-9.6,-10.746578
68480,21,-9.3,-9.090681
68480,22,-9.4,-8.804031
68480,23,-10.0,-8.253279
68480,24,-13.2,-8.456369
68764,1,-28.1,-23.967337
68764,2,-27.6,-23.146967
68764,3,-25.2,-22.911089
68764,4,-21.7,-21.670298
68764,5,-17.2,-21.151834
68764,6,-15.3,-20.644253
68764,7,-14.4,-19.56443
68764,8,-13.8,-19.392527
68764,9,-13.4,-19.459595
68764,10,-13.5,-19.617884
68764,11,-13.4,-20.7309
68764,12,-13.7,-21.494574
68764,13,-14.0,-22.156914
68764,14,-14.2,-22.13676
68764,15,-14.3,-22.983961
68764,16,-14.3,-23.653076
68764,17,-14.0,-23.325548
68764,18,-13.7,-23.387123
68764,19,-13.6,-22.708374
68764,20,-14.0,-22.366386
68764,21,-15.3,-22.89545
68764,22,-16.0,-22.294758
68764,23,-17.3,-21.983318
68764,24,-18.6,-22.023848
68766,1,-14.4,-14.05352
68766,2,-13.8,-13.202438
68766,3,-13.4,-13.056938
68766,4,-13.5,-12.862528
68766,5,-13.4,-14.324298
68766,6,-13.7,-15.226379
68766,7,-14.0,-16.45572
68766,8,-14.2,-17.780788
68766,9,-14.3,-18.746513
68766,10,-14.3,-19.45644
68766,11,-14.0,-20.78952
68766,12,-13.7,-20.92763
68766,13,-13.6,-21.391535
68766,14,-14.0,-21.445015
68766,15,-15.3,-21.934126
68766,16,-16.0,-22.148104
68766,17,-17.3,-21.868736
68766,18,-18.6,-22.440344
68766,19,-19.3,-20.814287
68766,20,-20.9,-20.178593
68766,21,-22.4,-18.916613
68766,22,-21.3,-17.396008
68766,23,-21.5,-15.567794
68766,24,-21.4,-14.743124
68916,1,-26.3,-22.792583
68916,2,-26.3,-21.896788
68916,3,-26.2,-20.99289
68916,4,-22.0,-19.03121
68916,5,-15.5,-17.940622
68916,6,-13.6,-16.757675
68916,7,-12.8,-15.506586
68916,8,-12.4,-14.744163
68916,9,-12.4,-14.893287
68916,10,-12.7,-15.183639
68916,11,-13.5,-16.43518
68916,12,-14.8,-17.494234
68916,13,-18.2,-18.398659
68916,14,-20.1,-19.090977
68916,15,-21.0,-20.043211
68916,16,-21.7,-20.578974
68916,17,-22.0,-20.695587
68916,18,-22.4,-21.399841
68916,19,-22.6,-20.702065
68916,20,-23.4,-20.872776
68916,21,-24.5,-21.410835
68916,22,-26.7,-21.19518
68916,23,-27.1,-21.134277
68916,24,-28.0,-21.382818
68949,1,-11.0,-14.140776
68949,2,-7.5,-12.966644
68949,3,-5.5,-11.812884
68949,4,-5.4,-9.737096
68949,5,-5.4,-9.70171
68949,6,-5.6,-9.266955
68949,7,-5.7,-9.497176
68949,8,-6.0,-9.677906
68949,9,-6.7,-10.9070215
68949,10,-7.3,-11.711064
68949,11,-7.6,-13.533561
68949,12,-7.6,-14.443064
68949,13,-7.5,-15.032053
68949,14,-7.1,-15.633219
68949,15,-6.7,-16.237679
68949,16,-6.3,-16.464699
68949,17,-5.9,-16.609823
68949,18,-5.7,-17.941114
68949,19,-5.8,-16.545631
68949,20,-5.8,-16.935547
68949,21,-6.0,-16.8738
68949,22,-6.1,-16.012285
68949,23,-6.1,-15.208583
68949,24,-6.2,-14.866503
69118,1,2.3,-0.30577976
69118,2,3.8,0.18049845
69118,3,4.1,0.6344291
69118,4,3.0,-0.2870391
69118,5,2.6,-1.1005465
69118,6,1.2,-2.3202872
69118,7,-2.0,-3.8058836
69118,8,-3.3,-4.576646
69118,9,-4.8,-5.177029
69118,10,-4.9,-6.033611
69118,11,-6.0,-5.9833107
69118,12,-6.4,-6.2921076
69118,13,-6.7,-6.765254
69118,14,-7.0,-7.72043
69118,15,-6.8,-7.866024
69118,16,-7.8,-7.886507
69118,17,-8.1,-8.773232
69118,18,-8.9,-9.483313
69118,19,-10.5,-9.05545
69118,20,-12.3,-8.378832
69118,21,-11.0,-6.506716
69118,22,-4.9,-5.3612175
69118,23,0.8,-3.3744338
69118,24,2.5,-1.9877856
69726,1,17.6,14.488741
69726,2,18.1,15.296733
69726,3,17.7,15.615075
69726,4,16.9,15.067741
69726,5,16.7,14.220846
69726,6,15.9,12.974646
69726,7,14.4,11.399951
69726,8,12.0,10.135589
69726,9,9.3,8.877862
69726,10,10.0,7.7726107
69726,11,9.4,7.0371194
69726,12,8.5,6.238017
69726,13,8.0,5.637092
69726,14,7.4,4.8473763
69726,15,7.0,4.3062835
69726,16,6.7,3.8932116
69726,17,6.1,3.4682074
69726,18,5.5,3.4275398
69726,19,5.2,4.0230913
69726,20,8.3,5.0173254
69726,21,12.2,6.600051
69726,22,15.6,8.488008
69726,23,16.7,10.435504
69726,24,17.8,12.288261
69932,1,7.2,5.921854
69932,2,7.4,7.006392
69932,3,7.8,8.409699
69932,4,8.0,9.76801
69932,5,8.5,11.193169
69932,6,8.9,12.356064
69932,7,9.2,13.125394
69932,8,9.3,13.347865
69932,9,10.6,13.33362
69932,10,10.3,12.716813
69932,11,9.4,12.026593
69932,12,9.9,11.117167
69932,13,9.5,10.073857
69932,14,8.7,9.280497
69932,15,7.8,8.632403
69932,16,7.7,8.027503
69932,17,7.6,7.563392
69932,18,7.5,7.2035813
69932,19,7.2,6.6658926
69932,20,7.0,6.2072268
69932,21,7.0,5.795157
69932,22,6.3,5.37138
69932,23,6.5,5.282269
69932,24,6.2,5.551584
69941,1,7.5,6.8980064
69941,2,8.1,8.018343
69941,3,9.9,9.104641
69941,4,11.3,9.835096
69941,5,11.4,10.4039
69941,6,11.4,10.610006
69941,7,12.5,10.403526
69941,8,11.5,9.921445
69941,9,11.2,9.363778
69941,10,10.3,8.534147
69941,11,9.0,7.877593
69941,12,6.8,7.1786165
69941,13,7.0,6.5067725
69941,14,6.4,5.9866276
69941,15,6.4,5.5655174
69941,16,5.4,5.137786
69941,17,5.4,4.735662
69941,18,5.8,4.440892
69941,19,5.2,4.1078086
69941,20,4.6,3.9690757
69941,21,4.3,4.0495024
69941,22,4.6,4.3077307
69941,23,7.1,4.8897505
69941,24,8.7,5.7500076
70074,1,11.5,10.395737
70074,2,10.6,10.073231
70074,3,10.9,9.892241
70074,4,11.0,9.672731
70074,5,11.1,9.559878
70074,6,11.1,9.766983
70074,7,11.2,10.108204
70074,8,12.4,10.6128235
70074,9,14.9,11.591655
70074,10,16.9,12.72402
70074,11,17.6,13.927092
70074,12,18.4,15.133797
70074,13,18.6,16.062988
70074,14,18.6,16.69663
70074,15,17.8,17.019
70074,16,18.9,16.827078
70074,17,17.9,16.392548
70074,18,16.1,15.691725
70074,19,15.4,14.797184
70074,20,14.0,13.894709
70074,21,13.0,13.142445
70074,22,11.8,12.328975
70074,23,11.4,11.773353
70074,24,10.8,11.269815
71087,1,14.6,12.690142
71087,2,14.1,12.169916
71087,3,13.7,11.743355
71087,4,13.8,11.158646
71087,5,13.7,10.7695265
71087,6,13.4,10.325912
71087,7,13.2,9.918857
71087,8,13.1,9.533132
71087,9,12.9,9.56161
71087,10,12.8,9.853307
71087,11,11.5,10.580915
71087,12,11.5,11.546216
71087,13,12.1,12.8354
71087,14,12.6,14.175988
71087,15,12.9,15.547288
71087,16,14.5,16.658043
71087,17,15.6,17.416386
71087,18,16.6,17.896334
71087,19,16.9,17.659534
71087,20,16.4,17.237415
71087,21,16.2,16.532688
71087,22,16.3,15.552201
71087,23,12.2,14.692845
71087,24,12.8,13.957233
71136,1,13.2,9.492321
71136,2,11.5,9.137029
71136,3,10.0,8.789056
71136,4,8.7,8.376973
71136,5,7.9,7.934077
71136,6,6.5,7.781061
71136,7,5.3,7.727326
71136,8,4.4,7.841982
71136,9,4.0,8.547047
71136,10,4.6,9.583535
71136,11,6.0,10.795843
71136,12,7.9,12.244639
71136,13,9.8,13.554892
71136,14,11.4,14.661223
71136,15,12.6,15.380592
71136,16,13.5,15.557642
71136,17,13.9,15.454317
71136,18,13.6,14.967875
71136,19,12.4,14.115372
71136,20,10.8,13.195878
71136,21,9.6,12.34423
71136,22,8.5,11.484772
71136,23,7.5,10.87779
71136,24,6.5,10.356243
71164,1,2.0,2.385533
71164,2,3.6,3.0033238
71164,3,4.9,3.477026
71164,4,5.3,3.4806385
71164,5,5.2,3.3718793
71164,6,4.7,2.9641006
71164,7,3.7,2.3469098
71164,8,0.5,1.7800401
71164,9,-0.9,1.1847225
71164,10,-2.0,0.60833246
71164,11,-2.6,0.22553018
71164,12,-2.9,-0.1626141
71164,13,-3.0,-0.43933758
71164,14,-3.0,-0.7578956
71164,15,-3.3,-0.9918416
71164,16,-3.7,-1.1443766
71164,17,-3.8,-1.3899268
71164,18,-3.8,-1.5210094
71164,19,-3.8,-1.5120839
71164,20,-4.8,-1.277711
71164,21,-5.1,-0.7423347
71164,22,-4.0,-0.14093214
71164,23,-2.1,0.67603654
71164,24,-0.5,1.5623033
71211,1,12.0,12.0831
71211,2,14.5,13.964451
71211,3,16.9,16.12909
71211,4,19.1,17.979103
71211,5,20.8,19.70829
71211,6,22.2,20.859018
71211,7,23.1,21.293373
71211,8,23.4,21.093204
71211,9,23.0,20.485575
71211,10,21.3,19.187311
71211,11,20.3,17.989922
71211,12,19.2,16.52219
71211,13,17.8,15.060877
71211,14,16.4,13.84934
71211,15,15.4,12.940182
71211,16,14.8,12.108387
71211,17,14.2,11.309236
71211,18,13.5,10.665274
71211,19,12.8,9.970143
71211,20,11.7,9.42184
71211,21,11.5,9.127589
71211,22,11.6,9.008969
71211,23,14.3,9.425819
71211,24,14.8,10.382824
71232,1,13.5,10.433357
71232,2,13.1,9.631351
71232,3,12.4,8.921654
71232,4,12.1,8.303813
71232,5,11.7,7.709843
71232,6,11.2,7.5267973
71232,7,10.8,7.6635733
71232,8,9.4,8.162885
71232,9,11.0,9.360558
71232,10,14.0,11.090397
71232,11,16.9,13.082932
71232,12,19.6,15.278671
71232,13,21.2,17.372765
71232,14,22.3,19.054565
71232,15,23.2,20.249277
71232,16,23.8,20.59673
71232,17,23.9,20.404388
71232,18,23.6,19.611525
71232,19,22.5,18.391623
71232,20,21.4,16.970427
71232,21,20.7,15.534546
71232,22,19.1,14.151475
71232,23,18.7,13.026553
71232,24,17.9,11.984076
71458,1,17.2,15.363693
71458,2,17.9,16.207794
71458,3,17.9,17.407207
71458,4,18.4,18.499407
71458,5,18.7,19.718191
71458,6,20.4,20.7604
71458,7,21.3,21.441631
71458,8,22.5,21.773676
71458,9,22.6,21.870691
71458,10,23.0,21.555687
71458,11,23.8,21.156107
71458,12,23.4,20.458864
71458,13,23.0,19.680864
71458,14,20.8,18.889057
71458,15,20.3,18.248476
71458,16,20.0,17.630762
71458,17,19.7,17.05148
71458,18,19.2,16.59011
71458,19,18.5,16.047628
71458,20,17.8,15.573794
71458,21,17.9,15.230117
71458,22,17.8,14.876179
71458,23,17.9,14.774539
71458,24,18.1,15.010166
71562,1,15.6,13.112146
71562,2,15.2,13.904568
71562,3,17.4,15.517254
71562,4,20.0,17.750952
71562,5,22.6,20.394735
71562,6,25.2,22.938057
71562,7,27.5,25.474264
71562,8,29.5,27.440908
71562,9,30.9,28.600115
71562,10,31.8,28.857182
71562,11,32.0,28.553644
71562,12,31.7,27.258194
71562,13,30.9,25.70431
71562,14,29.6,24.020086
71562,15,28.0,22.574862
71562,16,25.2,20.977924
71562,17,23.5,19.615181
71562,18,22.2,18.470251
71562,19,21.2,17.661467
71562,20,20.4,16.772339
71562,21,19.5,15.708787
71562,22,19.2,14.939054
71562,23,19.0,14.182232
71562,24,18.6,13.803028
71891,1,27.3,23.593063
71891,2,29.6,25.702099
71891,3,31.2,28.068417
71891,4,33.1,29.893072
71891,5,33.6,31.511251
71891,6,34.2,32.445774
71891,7,35.3,32.499985
71891,8,35.6,32.051144
71891,9,35.6,31.134256
71891,10,34.6,29.681507
71891,11,33.3,28.44205
71891,12,31.1,26.88973
71891,13,30.2,25.491491
71891,14,29.3,24.13358
71891,15,28.4,23.159494
71891,16,27.4,22.26666
71891,17,26.5,21.25405
71891,18,26.1,20.419428
71891,19,26.0,19.668186
71891,20,25.8,19.085043
71891,21,25.4,18.94171
71891,22,25.2,19.08158
71891,23,25.9,19.796923
71891,24,27.2,21.129831
71965,1,30.8,26.059614
71965,2,31.2,25.855595
71965,3,30.2,25.55698
71965,4,29.2,24.881153
71965,5,28.1,24.260788
71965,6,26.7,23.620441
71965,7,25.5,22.857763
71965,8,24.9,22.281528
71965,9,24.7,21.699614
71965,10,24.4,21.305965
71965,11,23.8,20.930777
71965,12,23.4,20.484085
71965,13,23.2,20.293098
71965,14,23.0,19.923523
71965,15,22.8,19.839117
71965,16,22.8,19.991428
71965,17,23.2,20.282248
71965,18,24.9,20.849966
71965,19,26.6,21.789686
71965,20,28.0,22.716005
71965,21,29.2,23.762985
71965,22,30.2,24.725702
71965,23,31.1,25.390402
71965,24,31.6,25.886
72143,1,27.4,24.24595
72143,2,26.9,23.52891
72143,3,26.5,23.06801
72143,4,26.0,22.421858
72143,5,25.7,22.072199
72143,6,25.2,21.695648
72143,7,24.9,21.321133
72143,8,24.7,21.068712
72143,9,24.6,21.172174
72143,10,24.6,21.649006
72143,11,25.5,22.587582
72143,12,26.8,23.677145
72143,13,28.4,25.215385
72143,14,30.2,26.604406
72143,15,31.5,28.137615
72143,16,32.6,29.409859
72143,17,33.5,30.170181
72143,18,34.5,30.616287
72143,19,34.9,30.35628
72143,20,35.2,29.789377
72143,21,34.7,28.950981
72143,22,33.0,27.746864
72143,23,30.9,26.62736
72143,24,30.0,25.6668
72889,1,26.8,22.665852
72889,2,26.4,22.399984
72889,3,26.1,22.601143
72889,4,25.8,22.986813
72889,5,26.4,23.744339
72889,6,27.0,24.7918
72889,7,29.0,26.094816
72889,8,30.9,27.592703
72889,9,32.7,29.044125
72889,10,34.4,30.437948
72889,11,35.6,31.612814
72889,12,36.5,32.13813
72889,13,36.7,32.38205
72889,14,37.1,31.957699
72889,15,36.6,31.42576
72889,16,35.8,30.398394
72889,17,34.9,29.180212
72889,18,33.5,27.953201
72889,19,30.6,26.998802
72889,20,29.9,26.060192
72889,21,29.3,25.276114
72889,22,28.6,24.652912
72889,23,28.0,24.06239
72889,24,27.6,23.577156
72920,1,25.4,21.724197
72920,2,24.8,20.851921
72920,3,24.4,20.25576
72920,4,23.4,19.756628
72920,5,22.8,19.455547
72920,6,22.4,19.539278
72920,7,22.0,19.975836
72920,8,20.2,20.83387
72920,9,22.3,22.240986
72920,10,24.5,24.16216
72920,11,26.7,26.323816
72920,12,28.9,28.411018
72920,13,30.4,30.462086
72920,14,31.4,31.870916
72920,15,32.0,32.917908
72920,16,32.3,33.083454
72920,17,32.2,32.611866
72920,18,31.7,31.612528
72920,19,30.8,30.2909
72920,20,30.9,28.750364
72920,21,29.9,27.206676
72920,22,29.1,25.734915
72920,23,28.5,24.468102
72920,24,27.3,23.33049
73930,1,3.2,3.1423867
73930,2,2.3,3.406775
73930,3,2.0,4.1675367
73930,4,2.8,5.5233235
73930,5,4.1,7.1815443
73930,6,5.4,8.891401
73930,7,7.1,10.849777
73930,8,8.4,12.510334
73930,9,9.2,13.667365
73930,10,9.6,14.232623
73930,11,9.5,14.329246
73930,12,8.5,13.677969
73930,13,7.2,12.747785
73930,14,5.4,11.686558
73930,15,4.3,10.660678
73930,16,3.5,9.376861
73930,17,2.6,8.329429
73930,18,1.8,7.4288607
73930,19,0.5,6.881883
73930,20,-0.3,6.311
73930,21,-0.7,5.546684
73930,22,-1.1,5.119099
73930,23,-1.4,4.5846663
73930,24,-1.7,4.2019653
73975,1,14.2,11.51295
73975,2,13.1,10.07787
73975,3,12.4,8.863306
73975,4,11.0,7.7344503
73975,5,9.8,7.005421
73975,6,9.4,6.1174984
73975,7,9.3,5.498002
73975,8,9.3,4.958241
73975,9,9.4,4.684265
73975,10,8.9,4.8020396
73975,11,7.4,5.541266
73975,12,7.8,6.583224
73975,13,10.7,8.467009
73975,14,14.4,10.5799885
73975,15,17.8,13.1143465
73975,16,22.0,15.518704
73975,17,24.5,17.426817
73975,18,25.6,18.95387
73975,19,26.0,19.600037
73975,20,25.9,19.62994
73975,21,25.1,18.832153
73975,22,23.0,17.48649
73975,23,21.0,15.909591
73975,24,19.3,14.293661
74161,1,18.9,15.638766
74161,2,19.1,15.340794
74161,3,19.2,15.3757925
74161,4,19.1,15.528403
74161,5,19.2,15.984034
74161,6,19.5,16.721594
74161,7,20.4,17.723036
74161,8,22.1,18.960297
74161,9,24.1,20.263668
74161,10,25.8,21.577543
74161,11,27.1,22.755125
74161,12,28.2,23.438478
74161,13,28.8,23.833643
74161,14,28.8,23.646551
74161,15,28.3,23.28853
74161,16,27.1,22.447935
74161,17,25.3,21.40696
74161,18,23.7,20.326767
74161,19,22.2,19.422087
74161,20,20.8,18.587069
74161,21,19.7,17.919668
74161,22,19.1,17.38313
74161,23,18.6,16.91531
74161,24,18.7,16.51628
74218,1,13.6,12.56897
74218,2,13.1,13.518935
74218,3,13.6,14.855743
74218,4,13.8,16.130535
74218,5,15.1,17.521128
74218,6,16.5,18.726252
74218,7,14.7,19.542582
74218,8,16.7,19.953789
74218,9,18.3,20.074928
74218,10,18.7,19.709862
74218,11,18.1,19.217981
74218,12,18.0,18.415453
74218,13,17.0,17.491869
74218,14,16.8,16.594748
74218,15,16.8,15.846722
74218,16,16.6,15.1438
74218,17,16.7,14.5082855
74218,18,17.0,13.993211
74218,19,16.4,13.394832
74218,20,16.7,12.868862
74218,21,16.8,12.473327
74218,22,17.0,12.071964
74218,23,17.1,11.948586
74218,24,17.3,12.190472
74255,1,13.4,12.5331955
74255,2,12.4,11.322278
74255,3,11.5,10.295983
74255,4,10.6,9.319871
74255,5,9.7,8.652376
74255,6,9.2,7.93436
74255,7,8.4,7.451432
74255,8,8.2,7.087622
74255,9,8.0,7.0905027
74255,10,7.8,7.5190673
74255,11,7.3,8.491964
74255,12,9.0,9.758019
74255,13,11.7,11.659229
74255,14,14.3,13.649285
74255,15,16.9,15.844626
74255,16,20.5,17.768261
74255,17,22.0,19.193283
74255,18,23.0,20.200453
74255,19,23.6,20.382902
74255,20,23.8,20.071417
74255,21,23.6,19.131598
74255,22,23.4,17.784218
74255,23,21.1,16.33596
74255,24,20.0,14.91259
74400,1,20.7,17.540003
74400,2,20.3,16.972336
74400,3,20.0,16.61886
74400,4,19.4,16.24528
74400,5,19.2,16.038164
74400,6,18.7,16.15486
74400,7,19.5,16.49349
74400,8,20.0,17.155354
74400,9,21.0,18.327917
74400,10,22.5,19.875515
74400,11,23.3,21.620358
74400,12,25.3,23.318615
74400,13,27.2,24.889694
74400,14,29.3,25.938757
74400,15,29.6,26.648432
74400,16,30.4,26.650578
74400,17,30.8,26.152184
74400,18,29.4,25.2559
74400,19,27.3,24.048607
74400,20,25.9,22.759512
74400,21,25.0,21.570631
74400,22,23.8,20.394451
74400,23,22.8,19.477476
74400,24,21.9,18.693962
74537,1,20.6,17.659502
74537,2,20.5,17.381577
74537,3,20.5,17.520756
74537,4,21.0,17.808918
74537,5,21.1,18.447422
74537,6,21.9,19.398903
74537,7,23.9,20.605186
74537,8,25.7,22.016764
74537,9,26.4,23.456383
74537,10,27.5,24.832705
74537,11,28.4,26.014147
74537,12,29.7,26.625328
74537,13,30.3,26.892366
74537,14,30.4,26.546883
74537,15,30.4,26.05508
74537,16,27.5,25.08267
74537,17,26.2,23.925262
74537,18,24.9,22.745798
74537,19,23.7,21.79216
74537,20,22.9,20.892172
74537,21,22.3,20.181635
74537,22,22.2,19.568272
74537,23,21.9,19.036379
74537,24,21.7,18.577301
74583,1,20.8,18.583378
74583,2,20.4,18.191593
74583,3,20.3,17.94748
74583,4,21.4,17.512445
74583,5,21.0,17.243412
74583,6,20.6,17.027763
74583,7,20.4,16.788408
74583,8,20.4,16.62901
74583,9,20.4,16.881239
74583,10,20.7,17.413908
74583,11,21.0,18.27127
74583,12,21.4,19.285069
74583,13,22.6,20.482866
74583,14,24.5,21.543758
74583,15,25.5,22.555218
74583,16,26.4,23.25783
74583,17,26.4,23.60154
74583,18,27.3,23.675373
74583,19,27.1,23.189856
74583,20,27.5,22.561855
74583,21,27.2,21.841589
74583,22,26.4,20.901302
74583,23,25.3,20.137486
74583,24,24.1,19.528603
74650,1,17.0,13.698157
74650,2,16.9,14.030878
74650,3,16.7,14.66194
74650,4,16.6,15.333718
74650,5,16.8,16.142733
74650,6,17.5,17.02064
74650,7,17.8,17.763355
74650,8,17.5,18.331976
74650,9,19.1,18.800339
74650,10,18.5,19.030907
74650,11,18.0,19.063112
74650,12,17.8,18.838816
74650,13,16.5,18.442633
74650,14,15.4,17.91823
74650,15,14.4,17.39066
74650,16,14.2,16.784359
74650,17,14.0,16.257038
74650,18,13.9,15.786187
74650,19,13.1,15.33908
74650,20,12.8,14.909534
74650,21,12.5,14.570207
74650,22,12.2,14.236318
74650,23,11.9,14.002431
74650,24,11.7,13.951433
74678,1,25.6,20.89983
74678,2,24.4,20.129776
74678,3,23.1,19.504925
74678,4,22.4,18.73909
74678,5,21.7,18.321844
74678,6,21.2,17.770805
74678,7,20.9,17.277115
74678,8,20.7,16.796602
74678,9,20.4,16.392702
74678,10,20.3,16.13195
74678,11,20.2,16.156317
74678,12,20.3,16.200665
74678,13,20.3,16.781765
74678,14,21.2,17.455791
74678,15,21.8,18.561964
74678,16,22.5,19.794558
74678,17,23.7,20.924145
74678,18,25.5,22.089912
74678,19,26.4,22.942827
74678,20,28.0,23.506647
74678,21,29.0,23.657333
74678,22,29.3,23.412397
74678,23,29.4,22.891684
74678,24,30.0,22.28448
75350,1,13.6,10.212437
75350,2,14.0,10.26455
75350,3,13.8,10.165408
75350,4,12.8,9.844335
75350,5,12.1,9.45134
75350,6,11.8,9.122057
75350,7,11.3,8.711828
75350,8,11.0,8.338462
75350,9,10.9,8.120329
75350,10,10.3,7.9517484
75350,11,9.6,7.749288
75350,12,9.3,7.6124525
75350,13,8.8,7.4409986
75350,14,9.2,7.2717695
75350,15,8.9,7.0940104
75350,16,9.0,6.958115
75350,17,9.0,7.0183716
75350,18,9.1,7.202731
75350,19,9.1,7.5785356
75350,20,9.3,8.025405
75350,21,10.3,8.604059
75350,22,10.6,9.193984
75350,23,10.8,9.707768
75350,24,10.9,10.122316
75401,1,7.9,6.9174557
75401,2,7.8,6.8183947
75401,3,7.7,6.709116
75401,4,7.7,6.565674
75401,5,7.0,6.4438205
75401,6,6.6,6.347963
75401,7,7.0,6.2823987
75401,8,6.8,6.1828337
75401,9,6.4,6.297748
75401,10,6.1,6.491497
75401,11,6.6,6.7834783
75401,12,6.9,7.163283
75401,13,7.6,7.596916
75401,14,7.8,8.066154
75401,15,8.3,8.44727
75401,16,8.4,8.63451
75401,17,8.5,8.800648
75401,18,8.4,8.868191
75401,19,7.7,8.7142515
75401,20,7.2,8.525174
75401,21,7.1,8.232523
75401,22,6.7,7.9627523
75401,23,6.2,7.7246146
75401,24,5.8,7.5487432
75622,1,6.0,5.2833447
75622,2,6.1,5.2243776
75622,3,6.0,4.9798307
75622,4,5.9,4.573025
75622,5,6.5,4.1210837
75622,6,6.3,3.7271724
75622,7,6.2,3.3131669
75622,8,6.1,2.9406025
75622,9,6.1,2.6895423
75622,10,6.1,2.469352
75622,11,6.1,2.2223842
75622,12,6.0,2.0528898
75622,13,6.0,1.871679
75622,14,5.9,1.7486646
75622,15,5.3,1.6428201
75622,16,4.7,1.6420851
75622,17,4.0,1.8648944
75622,18,4.2,2.2311697
75622,19,4.3,2.766315
75622,20,4.8,3.3683202
75622,21,5.8,4.013086
75622,22,6.3,4.644984
75622,23,6.9,5.1371956
75622,24,8.2,5.4729204
75688,1,10.3,8.515479
75688,2,8.6,8.038539
75688,3,7.8,7.6180873
75688,4,6.9,7.143333
75688,5,6.6,6.8596992
75688,6,7.4,6.502382
75688,7,7.8,6.2089133
75688,8,7.8,5.854652
75688,9,7.8,5.6550927
75688,10,7.0,5.5015187
75688,11,7.7,5.5613494
75688,12,6.9,5.7270317
75688,13,9.2,6.18603
75688,14,11.2,6.8348155
75688,15,10.6,7.689955
75688,16,9.8,8.5489645
75688,17,8.9,9.375994
75688,18,8.9,10.163109
75688,19,9.5,10.636652
75688,20,10.5,10.921794
75688,21,10.0,10.883911
75688,22,9.1,10.586681
75688,23,9.1,10.170145
75688,24,8.5,9.702101
75692,1,9.2,5.986079
75692,2,11.2,6.7469544
75692,3,10.6,7.6711197
75692,4,9.8,8.5305805
75692,5,8.9,9.375898
75692,6,8.9,10.076789
75692,7,9.5,10.48816
75692,8,10.5,10.569362
75692,9,10.0,10.535955
75692,10,9.1,10.176217
75692,11,9.1,9.755247
75692,12,8.5,9.237477
75692,13,8.2,8.628724
75692,14,8.0,8.148985
75692,15,7.9,7.6988277
75692,16,6.8,7.2476854
75692,17,5.3,6.9062314
75692,18,5.3,6.6209917
75692,19,5.3,6.219403
75692,20,5.1,5.8933744
75692,21,5.4,5.638852
75692,22,5.7,5.437726
75692,23,7.2,5.4545603
75692,24,7.2,5.7340655
75915,1,0.4,0.546433
75915,2,0.1,0.5357119
75915,3,-0.2,0.6298475
75915,4,0.2,1.1669954
75915,5,0.4,1.831792
75915,6,0.9,2.611414
75915,7,1.8,3.6907213
75915,8,3.2,4.6718283
75915,9,4.4,5.4449654
75915,10,5.4,5.9961824
75915,11,6.0,6.2410264
75915,12,5.9,6.080166
75915,13,5.3,5.7455616
75915,14,4.2,5.309926
75915,15,3.6,4.7264256
75915,16,3.1,3.892619
75915,17,2.3,3.3159962
75915,18,1.9,2.8505533
75915,19,1.5,2.5818095
75915,20,1.0,2.3800871
75915,21,0.6,1.957519
75915,22,0.7,1.9579504
75915,23,0.7,1.7320116
75915,24,1.0,1.5490189
75917,1,1.8,1.7865827
75917,2,3.2,2.3477237
75917,3,4.4,2.8470345
75917,4,5.4,3.102878
75917,5,6.0,3.2424653
75917,6,5.9,3.1820142
75917,7,5.3,2.9361432
75917,8,4.2,2.5948963
75917,9,3.6,2.2375085
75917,10,3.1,1.8356189
75917,11,2.3,1.5054531
75917,12,1.9,1.2161392
75917,13,1.5,0.9830774
75917,14,1.0,0.81128585
75917,15,0.6,0.6353334
75917,16,0.7,0.47496974
75917,17,0.7,0.3184854
75917,18,1.0,0.19123012
75917,19,0.7,0.06877741
75917,20,0.1,0.066080205
75917,21,0.0,0.20869862
75917,22,0.1,0.4399406
75917,23,-0.3,0.8505587
75917,24,1.3,1.39063
76359,1,10.3,8.137283
76359,2,8.9,7.5480933
76359,3,8.0,6.592467
76359,4,7.3,5.7042036
76359,5,6.9,4.875082
76359,6,6.5,4.179795
76359,7,5.9,3.663142
76359,8,6.5,3.1085844
76359,9,6.2,2.693709
76359,10,6.0,2.2627914
76359,11,6.2,1.7810863
76359,12,5.9,1.3905025
76359,13,5.6,1.1246021
76359,14,6.7,1.1454079
76359,15,6.7,1.3025495
76359,16,6.8,1.715519
76359,17,6.9,2.6871545
76359,18,6.6,3.9685538
76359,19,7.6,5.3933654
76359,20,8.3,6.7904634
76359,21,8.5,7.7785945
76359,22,9.3,8.793372
76359,23,9.2,9.210382
76359,24,9.1,9.229094
76611,1,8.9,6.7725077
76611,2,8.3,6.977586
76611,3,8.5,7.6262755
76611,4,9.8,8.695837
76611,5,11.1,10.042177
76611,6,11.9,11.510451
76611,7,12.9,13.162132
76611,8,13.8,14.597469
76611,9,14.4,15.713655
76611,10,14.9,16.33417
76611,11,15.4,16.556013
76611,12,15.5,16.142122
76611,13,15.5,15.398461
76611,14,15.3,14.477123
76611,15,14.0,13.555144
76611,16,12.4,12.370877
76611,17,11.5,11.370711
76611,18,10.2,10.487337
76611,19,9.3,9.933194
76611,20,8.9,9.378207
76611,21,8.3,8.766159
76611,22,8.2,8.371665
76611,23,7.9,7.950425
76611,24,7.6,7.6355586
76843,1,10.6,8.931418
76843,2,10.3,9.099347
76843,3,10.3,9.589013
76843,4,10.5,10.341874
76843,5,10.9,11.269403
76843,6,11.3,12.353503
76843,7,11.8,13.519781
76843,8,12.2,14.5505085
76843,9,12.4,15.407343
76843,10,12.8,15.957562
76843,11,14.2,16.179773
76843,12,16.0,15.978343
76843,13,16.5,15.498233
76843,14,16.2,14.8340025
76843,15,14.7,14.109583
76843,16,13.6,13.180909
76843,17,12.6,12.402889
76843,18,12.0,11.695979
76843,19,11.3,11.224218
76843,20,11.0,10.761082
76843,21,10.6,10.32156
76843,22,10.1,10.037841
76843,23,9.3,9.748352
76843,24,8.9,9.558102
77371,1,14.5,12.531733
77371,2,14.4,12.687646
77371,3,14.4,13.309969
77371,4,14.4,14.283417
77371,5,14.7,15.539104
77371,6,15.2,16.951538
77371,7,16.1,18.498096
77371,8,17.0,19.909184
77371,9,18.1,21.022444
77371,10,19.2,21.755219
77371,11,20.2,22.101763
77371,12,20.8,21.824015
77371,13,21.2,21.252481
77371,14,20.8,20.377743
77371,15,20.8,19.49193
77371,16,20.0,18.347954
77371,17,18.4,17.313446
77371,18,17.0,16.377573
77371,19,16.1,15.751664
77371,20,15.3,15.118297
77371,21,14.8,14.494332
77371,22,14.4,14.065731
77371,23,14.1,13.613951
77371,24,13.7,13.300573
77461,1,21.7,18.902927
77461,2,23.4,20.62337
77461,3,25.0,22.246029
77461,4,26.1,23.268604
77461,5,27.0,23.94704
77461,6,27.4,24.017012
77461,7,27.3,23.427425
77461,8,27.1,22.579084
77461,9,26.0,21.488527
77461,10,24.4,20.168125
77461,11,22.6,19.14552
77461,12,21.1,17.987741
77461,13,20.1,17.04415
77461,14,19.6,16.124445
77461,15,18.8,15.436268
77461,16,18.1,14.744368
77461,17,17.4,13.985449
77461,18,17.4,13.401121
77461,19,16.9,13.022169
77461,20,16.6,12.879211
77461,21,16.9,13.151511
77461,22,17.8,13.869933
77461,23,18.9,14.983903
77461,24,20.4,16.509138
77522,1,16.1,14.790379
77522,2,15.7,14.58984
77522,3,15.4,14.600458
77522,4,15.2,14.604837
77522,5,15.1,14.799845
77522,6,14.9,15.2234955
77522,7,15.0,15.790132
77522,8,15.0,16.498472
77522,9,15.8,17.431427
77522,10,17.0,18.407421
77522,11,18.5,19.35959
77522,12,18.8,20.066345
77522,13,19.0,20.548798
77522,14,19.6,20.65531
77522,15,19.9,20.586708
77522,16,20.4,20.095852
77522,17,19.6,19.440369
77522,18,19.7,18.69054
77522,19,18.8,17.952524
77522,20,17.9,17.252537
77522,21,17.6,16.694164
77522,22,16.3,16.177614
77522,23,15.5,15.797015
77522,24,14.9,15.480885
77650,1,18.5,16.133764
77650,2,18.0,15.542264
77650,3,17.6,15.238824
77650,4,17.3,15.078417
77650,5,16.0,15.16748
77650,6,16.7,15.650388
77650,7,17.9,16.50777
77650,8,20.1,17.68677
77650,9,22.2,19.229937
77650,10,24.1,20.969717
77650,11,25.8,22.71744
77650,12,27.2,24.147041
77650,13,28.2,25.288029
77650,14,28.4,25.827093
77650,15,28.5,26.042402
77650,16,28.6,25.507511
77650,17,28.1,24.606453
77650,18,26.9,23.427353
77650,19,25.9,22.26059
77650,20,25.0,21.051376
77650,21,24.0,19.957869
77650,22,22.8,18.988335
77650,23,22.0,18.179707
77650,24,21.0,17.415203
77729,1,17.3,14.753851
77729,2,17.0,14.306601
77729,3,16.7,13.961691
77729,4,16.3,13.5211935
77729,5,15.9,13.21127
77729,6,15.7,12.947886
77729,7,15.5,12.735606
77729,8,15.2,12.579507
77729,9,15.1,12.802881
77729,10,15.6,13.274977
77729,11,16.7,14.045521
77729,12,18.3,14.976303
77729,13,19.7,16.108578
77729,14,20.6,17.185257
77729,15,21.3,18.222689
77729,16,21.8,18.941559
77729,17,22.4,19.372244
77729,18,22.8,19.534414
77729,19,23.1,19.219269
77729,20,22.5,18.720339
77729,21,21.4,18.04353
77729,22,19.9,17.210714
77729,23,18.8,16.479261
77729,24,18.2,15.84379
77849,1,23.8,20.157143
77849,2,22.8,19.222702
77849,3,21.8,18.50043
77849,4,20.0,17.681002
77849,5,18.5,17.062325
77849,6,17.4,16.615965
77849,7,16.8,16.288368
77849,8,16.0,16.20926
77849,9,15.6,16.724194
77849,10,16.2,17.774712
77849,11,17.1,19.298447
77849,12,18.1,21.111383
77849,13,19.3,23.227856
77849,14,20.8,25.104883
77849,15,22.5,26.881834
77849,16,24.0,28.141798
77849,17,24.6,28.77651
77849,18,24.3,28.880348
77849,19,23.8,28.231684
77849,20,22.5,27.228107
77849,21,19.2,26.00415
77849,22,17.6,24.465899
77849,23,16.7,23.108397
77849,24,16.1,21.88274
78368,1,9.0,7.208327
78368,2,8.9,6.7210846
78368,3,7.8,6.282906
78368,4,7.7,5.866531
78368,5,7.2,5.611006
78368,6,7.6,5.2806053
78368,7,7.2,5.0475974
78368,8,6.8,4.750951
78368,9,6.5,4.566022
78368,10,6.4,4.4415326
78368,11,6.2,4.5040007
78368,12,6.4,4.6673117
78368,13,6.7,5.149206
78368,14,6.9,5.824711
78368,15,7.0,6.688105
78368,16,7.7,7.5305758
78368,17,8.6,8.352912
78368,18,9.2,9.114679
78368,19,9.7,9.588464
78368,20,10.3,9.845109
78368,21,10.5,9.730871
78368,22,10.8,9.431819
78368,23,10.6,8.973431
78368,24,10.4,8.471594
78528,1,13.8,11.088953
78528,2,13.9,11.227218
78528,3,13.7,11.361411
78528,4,13.7,11.322944
78528,5,13.5,11.328769
78528,6,13.1,11.353672
78528,7,12.3,11.296993
78528,8,11.5,11.137103
78528,9,11.1,11.190089
78528,10,10.2,11.185982
78528,11,10.0,11.219137
78528,12,9.9,11.270405
78528,13,9.9,11.258277
78528,14,9.3,11.28988
78528,15,9.1,11.276896
78528,16,8.2,11.16962
78528,17,8.8,11.154402
78528,18,8.8,11.174147
78528,19,9.0,11.087289
78528,20,9.0,11.067507
78528,21,8.9,11.091212
78528,22,8.7,11.077074
78528,23,8.7,11.146339
78528,24,8.5,11.26001
79607,1,15.1,12.414491
79607,2,14.9,11.777579
79607,3,14.0,11.019786
79607,4,12.6,10.062056
79607,5,11.1,9.217632
79607,6,9.9,8.418651
79607,7,9.4,7.6491694
79607,8,9.1,7.076262
79607,9,8.3,6.4710994
79607,10,7.4,6.029974
79607,11,6.7,5.561312
79607,12,6.6,5.136862
79607,13,6.7,4.9894814
79607,14,5.5,4.858739
79607,15,6.6,5.066429
79607,16,7.4,5.6553655
79607,17,8.9,6.474955
79607,18,10.9,7.565578
79607,19,12.5,8.963264
79607,20,14.3,10.256138
79607,21,15.5,11.467013
79607,22,16.5,12.408269
79607,23,16.7,12.892519
79607,24,16.3,13.050318
79675,1,13.3,10.815963
79675,2,12.9,10.904098
79675,3,13.1,11.531626
79675,4,14.1,12.602884
79675,5,15.9,14.006045
79675,6,17.6,15.646506
79675,7,19.3,17.511711
79675,8,21.5,19.26605
79675,9,22.9,20.71802
79675,10,23.8,21.721722
79675,11,24.2,22.274483
79675,12,24.2,22.095217
79675,13,24.2,21.496655
79675,14,23.6,20.525528
79675,15,22.6,19.50541
79675,16,21.0,18.13046
79675,17,19.4,16.854254
79675,18,17.7,15.6603565
79675,19,16.4,14.872387
79675,20,15.1,14.075623
79675,21,13.6,13.316584
79675,22,12.7,12.767718
79675,23,12.3,12.218387
79675,24,12.1,11.777157
79698,1,12.1,11.563417
79698,2,11.6,11.008655
79698,3,11.5,10.702715
79698,4,11.4,10.607111
79698,5,11.1,10.753436
79698,6,11.4,11.26999
79698,7,11.9,12.214142
79698,8,12.6,13.440322
79698,9,13.4,14.970371
79698,10,13.4,16.62772
79698,11,14.2,18.24373
79698,12,16.1,19.505785
79698,13,17.5,20.456625
79698,14,17.8,20.872124
79698,15,17.9,20.960308
79698,16,15.4,20.32201
79698,17,15.5,19.408205
79698,18,15.4,18.268814
79698,19,15.1,17.198668
79698,20,14.1,16.12122
79698,21,13.2,15.11163
79698,22,12.6,14.2901325
79698,23,12.3,13.576526
79698,24,12.0,12.879368
