window,hour,actual,predicted
218,1,15.8,16.370293
218,2,15.7,16.10335
218,3,15.2,15.797932
218,4,15.4,15.466814
218,5,16.1,15.208714
218,6,16.8,15.269157
218,7,17.1,15.805116
218,8,18.0,16.720648
218,9,18.6,18.05119
218,10,19.8,19.672157
218,11,19.9,21.206629
218,12,19.4,22.516548
218,13,20.7,23.558083
218,14,22.6,24.139154
218,15,22.5,24.352066
218,16,22.1,24.027435
218,17,21.3,23.421238
218,18,19.9,22.550074
218,19,18.7,21.3959
218,20,17.9,20.388277
218,21,17.3,19.45896
218,22,16.8,18.675062
218,23,16.3,17.976452
218,24,16.3,17.426779
427,1,9.2,8.417899
427,2,9.6,8.224788
427,3,9.5,8.116421
427,4,9.2,8.226893
427,5,8.9,8.484522
427,6,9.3,8.985315
427,7,10.4,9.705196
427,8,11.1,10.486963
427,9,11.1,11.156292
427,10,11.0,11.708878
427,11,10.0,12.146751
427,12,8.7,12.463582
427,13,7.0,12.556835
427,14,4.9,12.392222
427,15,2.8,11.919345
427,16,1.2,11.055422
427,17,2.6,10.247764
427,18,1.4,9.509407
427,19,0.1,8.9163265
427,20,-1.0,8.481336
427,21,-2.0,8.097903
427,22,-2.8,7.781205
427,23,-3.5,7.536105
427,24,-3.9,7.343279
661,1,5.7,4.8969355
661,2,7.7,6.925348
661,3,9.0,8.737866
661,4,9.7,10.14006
661,5,10.1,10.949148
661,6,9.6,11.229053
661,7,9.0,10.889757
661,8,8.0,10.063463
661,9,6.3,8.800722
661,10,5.1,7.153737
661,11,4.9,5.8314924
661,12,3.9,4.8025312
661,13,2.9,4.1863055
661,14,2.1,3.8840032
661,15,1.4,3.7209911
661,16,0.8,3.5351267
661,17,0.3,3.3417733
661,18,-0.2,3.119002
661,19,-0.6,2.7632022
661,20,-1.0,2.188151
661,21,-1.2,1.7260337
661,22,-1.6,1.6794305
661,23,-1.6,2.2332
661,24,-0.5,3.4398959
1176,1,14.0,15.11061
1176,2,14.4,13.883878
1176,3,12.9,12.777182
1176,4,12.1,11.983265
1176,5,12.0,11.408717
1176,6,10.7,10.86344
1176,7,9.5,10.372831
1176,8,8.7,9.83567
1176,9,8.4,9.3706875
1176,10,8.2,8.987575
1176,11,8.4,8.6590805
1176,12,8.1,8.508562
1176,13,7.6,8.701519
1176,14,10.1,9.297922
1176,15,11.0,10.423237
1176,16,10.9,11.934088
1176,17,9.7,13.488779
1176,18,11.0,14.846928
1176,19,11.3,15.794353
1176,20,10.9,16.348412
1176,21,10.5,16.526133
1176,22,10.2,16.260134
1176,23,10.8,15.732008
1176,24,10.4,14.941403
1280,1,12.1,13.287659
1280,2,11.9,12.019168
1280,3,11.1,10.669113
1280,4,9.9,9.462721
1280,5,8.8,8.427368
1280,6,8.0,7.5363574
1280,7,7.3,6.8298626
1280,8,6.7,6.07533
1280,9,6.8,5.4289713
1280,10,6.9,5.023444
1280,11,6.7,4.7293587
1280,12,6.5,4.996419
1280,13,6.4,6.0507326
1280,14,8.1,7.545427
1280,15,11.3,9.571689
1280,16,14.4,11.907507
1280,17,16.8,14.222692
1280,18,18.3,16.315313
1280,19,19.6,17.966572
1280,20,20.3,18.996098
1280,21,20.4,19.435223
1280,22,20.1,19.137428
1280,23,19.4,18.436691
1280,24,18.0,17.413563
1306,1,10.6,10.574058
1306,2,10.0,10.047391
1306,3,9.3,9.440293
1306,4,8.4,8.900152
1306,5,8.2,8.610817
1306,6,7.9,8.973278
1306,7,7.8,10.216577
1306,8,9.7,11.938325
1306,9,14.1,13.98699
1306,10,17.6,16.072746
1306,11,20.2,17.837727
1306,12,22.0,19.210884
1306,13,23.6,20.225056
1306,14,24.7,20.629265
1306,15,25.3,20.619186
1306,16,24.5,20.082756
1306,17,24.0,19.45839
1306,18,22.4,18.639301
1306,19,20.7,17.465479
1306,20,19.9,16.292727
1306,21,18.6,15.138622
1306,22,17.8,14.231057
1306,23,16.9,13.396854
1306,24,15.2,12.722984
1319,1,20.9,20.973679
1319,2,21.0,20.257679
1319,3,18.7,19.137283
1319,4,18.0,17.667633
1319,5,17.9,16.311146
1319,6,16.3,15.132786
1319,7,15.0,14.417796
1319,8,13.7,13.878353
1319,9,12.8,13.3434
1319,10,12.2,12.683909
1319,11,11.8,11.923605
1319,12,11.1,11.284446
1319,13,10.4,10.879752
1319,14,9.8,10.697584
1319,15,9.1,10.92132
1319,16,8.8,11.770054
1319,17,9.9,13.223428
1319,18,12.8,15.207374
1319,19,15.7,17.463144
1319,20,18.4,19.462788
1319,21,20.4,20.989382
1319,22,22.0,21.863358
1319,23,23.1,22.110683
1319,24,23.6,21.99684
1765,1,25.9,25.735855
1765,2,27.1,27.030918
1765,3,27.5,27.985832
1765,4,27.7,28.621647
1765,5,28.0,28.857779
1765,6,27.9,28.814413
1765,7,27.4,28.415512
1765,8,26.3,27.834087
1765,9,24.9,27.001238
1765,10,23.8,25.767506
1765,11,23.4,24.596329
1765,12,22.5,23.402521
1765,13,21.7,22.327703
1765,14,21.1,21.426048
1765,15,20.7,20.72963
1765,16,20.0,20.050524
1765,17,19.0,19.490648
1765,18,18.1,18.98524
1765,19,17.6,18.627829
1765,20,17.3,18.437647
1765,21,17.2,18.678417
1765,22,18.9,19.515026
1765,23,21.9,20.782503
1765,24,23.7,22.25856
2059,1,22.1,22.23327
2059,2,21.9,22.39508
2059,3,22.0,23.091118
2059,4,23.0,24.473488
2059,5,24.2,26.156214
2059,6,26.5,28.036076
2059,7,28.1,29.85183
2059,8,29.3,31.378899
2059,9,30.1,32.561687
2059,10,31.0,33.40821
2059,11,31.4,33.861336
2059,12,31.9,33.95798
2059,13,24.8,33.60348
2059,14,24.6,32.89403
2059,15,24.4,31.912582
2059,16,24.3,30.627716
2059,17,23.0,29.494528
2059,18,23.0,28.4217
2059,19,22.8,27.373104
2059,20,22.5,26.347206
2059,21,22.3,25.47215
2059,22,22.0,24.821995
2059,23,21.8,24.304367
2059,24,21.6,23.879692
2262,1,33.7,33.583916
2262,2,33.9,33.930958
2262,3,33.8,33.963192
2262,4,32.9,33.63513
2262,5,31.2,33.05184
2262,6,31.6,32.238766
2262,7,29.8,31.111395
2262,8,29.6,30.060219
2262,9,27.9,29.069675
2262,10,23.1,28.256195
2262,11,23.8,27.55031
2262,12,24.2,26.87091
2262,13,23.7,26.176964
2262,14,23.6,25.537296
2262,15,23.5,24.941078
2262,16,23.4,24.406069
2262,17,23.3,24.098038
2262,18,23.1,24.255028
2262,19,23.7,25.207874
2262,20,25.7,26.715136
2262,21,26.9,28.545982
2262,22,27.9,30.293297
2262,23,27.8,31.762234
2262,24,27.7,32.885574
2271,1,31.5,30.632864
2271,2,31.7,29.816914
2271,3,31.1,28.793453
2271,4,30.4,27.669455
2271,5,27.8,26.751808
2271,6,27.1,26.021116
2271,7,26.5,25.640518
2271,8,25.8,25.42263
2271,9,25.3,25.195635
2271,10,24.7,24.834904
2271,11,24.0,24.358067
2271,12,23.5,23.913036
2271,13,23.0,23.563726
2271,14,22.7,23.363121
2271,15,22.5,23.440098
2271,16,23.4,23.961351
2271,17,25.2,24.954496
2271,18,27.1,26.313166
2271,19,28.6,27.850409
2271,20,29.6,29.207489
2271,21,30.8,30.269627
2271,22,31.5,30.90191
2271,23,32.1,31.075626
2271,24,32.3,30.932304
2682,1,20.5,20.605415
2682,2,19.9,20.18638
2682,3,19.5,19.640675
2682,4,19.0,19.140749
2682,5,18.6,18.905716
2682,6,18.2,19.357754
2682,7,18.4,20.721495
2682,8,20.1,22.533257
2682,9,22.8,24.54318
2682,10,24.9,26.43681
2682,11,26.4,27.966066
2682,12,27.6,29.11142
2682,13,28.4,29.890114
2682,14,28.7,30.06297
2682,15,29.0,29.795807
2682,16,28.8,29.00422
2682,17,28.3,28.227106
2682,18,27.5,27.372398
2682,19,25.3,26.292854
2682,20,24.4,25.225521
2682,21,23.0,24.18004
2682,22,21.9,23.388634
2682,23,21.3,22.675531
2682,24,20.8,22.13813
3243,1,17.7,18.341652
3243,2,17.7,18.125555
3243,3,17.8,18.012543
3243,4,18.7,18.152643
3243,5,18.3,18.46579
3243,6,19.0,18.99852
3243,7,20.6,19.68903
3243,8,21.1,20.400711
3243,9,22.2,20.945042
3243,10,23.8,21.269915
3243,11,24.2,21.435574
3243,12,24.5,21.488962
3243,13,24.1,21.356058
3243,14,22.9,21.059708
3243,15,20.9,20.54222
3243,16,20.2,19.711128
3243,17,19.5,18.968504
3243,18,18.8,18.293745
3243,19,18.0,17.767374
3243,20,17.1,17.384365
3243,21,16.2,17.046185
3243,22,15.3,16.736256
3243,23,14.6,16.486528
3243,24,14.1,16.282213
3271,1,21.2,20.641006
3271,2,20.9,20.233656
3271,3,20.3,19.674429
3271,4,18.0,19.01836
3271,5,17.3,18.469324
3271,6,17.2,18.01074
3271,7,16.9,17.72594
3271,8,16.7,17.626987
3271,9,16.8,17.582108
3271,10,17.0,17.46893
3271,11,16.0,17.290552
3271,12,15.4,17.101885
3271,13,14.8,16.92262
3271,14,14.4,16.78447
3271,15,13.8,16.74779
3271,16,13.2,16.907196
3271,17,13.0,17.3049
3271,18,14.5,17.860107
3271,19,16.1,18.514105
3271,20,17.2,19.149452
3271,21,18.0,19.772816
3271,22,18.2,20.322727
3271,23,18.2,20.67204
3271,24,18.1,20.814512
3340,1,0.6,1.1252952
3340,2,1.3,2.1604447
3340,3,3.2,3.7823615
3340,4,4.0,5.9029016
3340,5,4.5,8.0228405
3340,6,5.9,9.967129
3340,7,6.3,11.367758
3340,8,7.2,12.145242
3340,9,7.8,12.259018
3340,10,8.2,11.742284
3340,11,7.8,10.887406
3340,12,7.2,9.827102
3340,13,6.2,8.748463
3340,14,7.1,7.8645506
3340,15,7.1,7.1473913
3340,16,7.0,6.6018143
3340,17,6.6,6.2504177
3340,18,6.3,6.0199122
3340,19,5.4,5.8612046
3340,20,5.4,5.6495075
3340,21,5.5,5.442969
3340,22,5.6,5.2346954
3340,23,5.8,5.0560994
3340,24,5.8,5.019622
3451,1,8.6,8.380425
3451,2,8.6,8.297472
3451,3,8.7,8.271257
3451,4,9.8,8.465929
3451,5,10.0,8.828122
3451,6,10.4,9.607436
3451,7,10.9,10.735094
3451,8,10.7,11.994085
3451,9,12.7,13.151175
3451,10,13.4,14.017985
3451,11,14.9,14.506481
3451,12,15.4,14.669859
3451,13,15.2,14.56556
3451,14,14.4,14.177109
3451,15,14.1,13.538449
3451,16,14.2,12.513259
3451,17,14.3,11.566263
3451,18,14.7,10.678364
3451,19,15.0,9.942432
3451,20,15.0,9.436627
3451,21,15.3,9.045292
3451,22,15.1,8.753453
3451,23,12.2,8.474651
3451,24,11.0,8.282089
3880,1,12.5,13.125638
3880,2,12.1,12.078306
3880,3,11.1,11.141474
3880,4,11.1,10.474606
3880,5,11.3,9.94849
3880,6,10.9,9.395834
3880,7,8.6,8.874543
3880,8,8.7,8.196844
3880,9,8.0,7.5699954
3880,10,8.0,7.034316
3880,11,7.9,6.5445876
3880,12,7.7,6.2890806
3880,13,7.2,6.526134
3880,14,7.3,7.305837
3880,15,9.7,8.845968
3880,16,12.8,10.966043
3880,17,16.0,13.102908
3880,18,18.4,14.989229
3880,19,20.5,16.339853
3880,20,21.0,17.134945
3880,21,20.0,17.419462
3880,22,19.5,17.162094
3880,23,18.8,16.574078
3880,24,17.1,15.6830635
3886,1,20.5,19.06681
3886,2,21.0,19.40552
3886,3,20.0,19.483175
3886,4,19.5,19.256357
3886,5,18.8,18.820763
3886,6,17.1,18.14331
3886,7,15.9,17.134136
3886,8,15.2,16.310915
3886,9,14.8,15.684498
3886,10,14.3,15.26618
3886,11,13.8,14.984574
3886,12,13.6,14.6901455
3886,13,13.7,14.293522
3886,14,13.6,13.821975
3886,15,13.7,13.247801
3886,16,13.5,12.5823555
3886,17,13.5,11.984396
3886,18,13.8,11.554384
3886,19,14.2,11.59329
3886,20,14.6,12.141233
3886,21,14.9,13.2073555
3886,22,16.4,14.57014
3886,23,16.4,15.949131
3886,24,16.7,17.107334
3986,1,-0.2,-1.153669
3986,2,-0.3,-1.3949788
3986,3,-1.1,-1.5675747
3986,4,-2.1,-1.7818596
3986,5,-2.8,-2.0457559
3986,6,-3.1,-2.2177742
3986,7,-3.1,-2.1628559
3986,8,-3.0,-1.7731478
3986,9,-2.6,-0.75896305
3986,10,-2.0,0.894363
3986,11,-1.0,2.6529496
3986,12,0.4,4.2978644
3986,13,1.8,5.807584
3986,14,2.5,6.9400983
3986,15,2.3,7.7930384
3986,16,2.2,8.154444
3986,17,1.8,8.00388
3986,18,0.6,7.3610125
3986,19,-0.2,6.1990366
3986,20,-1.0,5.140329
3986,21,-1.7,4.1310472
3986,22,-2.1,3.198924
3986,23,-2.6,2.3508947
3986,24,-3.0,1.6272304
4159,1,4.6,3.4305959
4159,2,4.3,3.1269379
4159,3,3.5,2.4966335
4159,4,2.0,1.5571612
4159,5,1.8,0.6806965
4159,6,1.8,-0.064395905
4159,7,1.3,-0.49332094
4159,8,1.2,-0.7439623
4159,9,0.7,-0.9647546
4159,10,0.0,-1.2545977
4159,11,-0.5,-1.6439939
4159,12,-0.7,-1.9639487
4159,13,-0.5,-2.1443553
4159,14,-0.2,-2.2380157
4159,15,-0.4,-2.090479
4159,16,-1.5,-1.5415311
4159,17,-0.5,-0.6078367
4159,18,0.9,0.6898613
4159,19,2.2,2.2428222
4159,20,3.5,3.7031412
4159,21,4.6,5.001152
4159,22,5.7,6.0031137
4159,23,6.7,6.565814
4159,24,7.1,6.7638273
4682,1,22.7,23.263258
4682,2,20.7,22.82113
4682,3,19.0,22.28636
4682,4,19.7,21.81829
4682,5,19.6,21.542137
4682,6,19.8,21.767141
4682,7,21.9,22.669836
4682,8,23.5,23.942577
4682,9,25.5,25.403687
4682,10,27.2,26.8181
4682,11,28.8,27.985931
4682,12,29.6,28.830782
4682,13,22.0,29.333355
4682,14,23.2,29.390562
4682,15,25.9,29.121393
4682,16,28.0,28.41811
4682,17,28.4,27.711887
4682,18,26.3,26.926031
4682,19,23.3,25.98988
4682,20,22.4,25.132254
4682,21,22.4,24.297949
4682,22,22.3,23.65102
4682,23,21.9,23.084982
4682,24,21.7,22.658092
4889,1,23.3,23.290188
4889,2,22.6,22.863886
4889,3,22.1,22.494139
4889,4,21.7,22.144205
4889,5,21.6,21.791618
4889,6,21.3,21.413818
4889,7,21.0,21.151436
4889,8,20.5,21.022821
4889,9,20.3,21.27058
4889,10,19.9,22.059408
4889,11,19.9,23.120811
4889,12,20.2,24.336443
4889,13,20.2,25.554535
4889,14,20.3,26.601095
4889,15,20.6,27.476246
4889,16,20.8,28.036331
4889,17,21.0,28.286873
4889,18,21.4,28.23535
4889,19,21.6,27.776194
4889,20,22.2,27.17543
4889,21,21.5,26.39103
4889,22,20.6,25.465023
4889,23,21.0,24.596537
4889,24,21.0,23.848963
5291,1,19.6,20.041985
5291,2,18.9,19.812626
5291,3,18.4,19.645954
5291,4,18.3,19.474598
5291,5,18.1,19.255539
5291,6,17.5,18.965055
5291,7,17.5,18.75971
5291,8,17.4,18.71627
5291,9,18.4,19.067652
5291,10,20.6,19.902857
5291,11,23.0,20.99048
5291,12,25.4,22.113806
5291,13,27.5,23.126923
5291,14,29.2,23.920536
5291,15,29.1,24.521477
5291,16,29.0,24.775185
5291,17,28.0,24.679094
5291,18,27.3,24.212738
5291,19,26.7,23.312742
5291,20,23.7,22.402145
5291,21,24.5,21.455677
5291,22,23.8,20.579453
5291,23,22.9,19.889326
5291,24,22.4,19.339241
5340,1,10.5,10.167252
5340,2,10.1,9.472456
5340,3,9.6,8.926057
5340,4,9.2,8.867004
5340,5,6.8,9.324873
5340,6,8.5,10.761584
5340,7,12.0,13.110019
5340,8,15.5,15.869217
5340,9,18.5,18.669996
5340,10,20.7,21.234161
5340,11,22.3,23.06969
5340,12,23.1,24.261309
5340,13,23.6,24.78363
5340,14,23.5,24.444366
5340,15,21.7,23.385525
5340,16,19.3,21.439442
5340,17,19.6,19.559023
5340,18,19.2,17.796736
5340,19,18.6,16.314667
5340,20,18.3,15.283747
5340,21,17.8,14.492037
5340,22,17.4,13.85387
5340,23,17.1,13.111728
5340,24,16.8,12.354587
5829,1,1.5,1.4809577
5829,2,0.7,1.7494501
5829,3,0.8,2.409655
5829,4,2.9,3.5112326
5829,5,5.6,4.7319117
5829,6,7.9,5.9587274
5829,7,9.6,6.9456296
5829,8,10.6,7.6664286
5829,9,11.1,8.056369
5829,10,11.2,8.027813
5829,11,10.9,7.658694
5829,12,10.1,6.9622674
5829,13,7.6,6.027041
5829,14,8.0,5.190195
5829,15,6.6,4.4999676
5829,16,5.6,3.924912
5829,17,4.9,3.5215883
5829,18,4.1,3.1888328
5829,19,3.7,2.9306977
5829,20,3.0,2.7165387
5829,21,2.3,2.5507169
5829,22,1.6,2.4030237
5829,23,1.0,2.2306988
5829,24,0.4,2.1196754
6008,1,9.6,9.589101
6008,2,10.0,9.66603
6008,3,10.0,9.603158
6008,4,9.8,9.305894
6008,5,8.9,9.014988
6008,6,8.9,8.727075
6008,7,8.8,8.545893
6008,8,8.9,8.446021
6008,9,9.2,8.321299
6008,10,9.4,8.210962
6008,11,9.5,8.091431
6008,12,9.9,8.04245
6008,13,10.3,8.055809
6008,14,10.9,8.040636
6008,15,11.7,8.058482
6008,16,12.2,8.289664
6008,17,11.4,8.760037
6008,18,12.0,9.53179
6008,19,13.5,10.592195
6008,20,15.3,11.70145
6008,21,16.4,12.791512
6008,22,17.4,13.739566
6008,23,18.1,14.37384
6008,24,20.4,14.6684
6217,1,30.1,28.168312
6217,2,25.6,25.90997
6217,3,22.6,23.860838
6217,4,21.6,22.360561
6217,5,20.1,21.37509
6217,6,19.4,20.52134
6217,7,18.5,19.906511
6217,8,17.5,19.26286
6217,9,16.3,18.682579
6217,10,15.5,18.081558
6217,11,14.9,17.388721
6217,12,15.2,16.665627
6217,13,17.2,16.104748
6217,14,16.0,16.062698
6217,15,17.5,16.889257
6217,16,20.8,18.609549
6217,17,24.3,20.797022
6217,18,27.8,23.040873
6217,19,30.5,24.945091
6217,20,31.8,26.348402
6217,21,32.1,27.153336
6217,22,32.2,27.214302
6217,23,32.0,26.675423
6217,24,31.5,25.542896
6340,1,17.8,17.99064
6340,2,17.8,17.921337
6340,3,17.9,17.871319
6340,4,17.6,17.985529
6340,5,17.5,18.291178
6340,6,17.8,19.077007
6340,7,18.0,20.298378
6340,8,18.4,21.706442
6340,9,19.2,23.030588
6340,10,19.4,24.082277
6340,11,21.0,24.75612
6340,12,21.9,25.118746
6340,13,23.4,25.18846
6340,14,23.9,24.882004
6340,15,23.6,24.19633
6340,16,22.8,22.995022
6340,17,19.9,21.845396
6340,18,19.5,20.802351
6340,19,19.2,19.980646
6340,20,18.5,19.447618
6340,21,18.2,19.037191
6340,22,18.1,18.68871
6340,23,17.7,18.331228
6340,24,17.4,18.085695
6422,1,11.5,10.706919
6422,2,14.0,13.284289
6422,3,15.9,15.664162
6422,4,17.5,17.550207
6422,5,18.3,18.871717
6422,6,19.0,19.892843
6422,7,19.4,20.455856
6422,8,19.6,20.531507
6422,9,19.2,20.025547
6422,10,17.6,18.669367
6422,11,15.5,17.127893
6422,12,13.7,15.665939
6422,13,12.5,14.701466
6422,14,11.6,14.086738
6422,15,11.1,13.716253
6422,16,10.8,13.414795
6422,17,10.4,13.152782
6422,18,9.8,12.897283
6422,19,8.9,12.561474
6422,20,8.1,12.093291
6422,21,7.3,11.715964
6422,22,6.9,11.60247
6422,23,7.4,11.890065
6422,24,10.9,12.868925
6577,1,27.1,26.616983
6577,2,24.7,25.626932
6577,3,24.2,24.71948
6577,4,23.9,24.073166
6577,5,23.1,23.619518
6577,6,22.3,23.228785
6577,7,21.7,22.907597
6577,8,21.3,22.567636
6577,9,21.5,22.293198
6577,10,21.7,22.093716
6577,11,21.9,21.92046
6577,12,21.9,21.92298
6577,13,21.9,22.256006
6577,14,22.5,22.903189
6577,15,23.7,23.98279
6577,16,24.9,25.34507
6577,17,26.6,26.698023
6577,18,27.8,27.839098
6577,19,27.5,28.619055
6577,20,29.0,29.069378
6577,21,28.9,29.265284
6577,22,29.5,29.158484
6577,23,29.2,28.83897
6577,24,29.3,28.239899
6591,1,28.1,28.22382
6591,2,28.7,28.562737
6591,3,28.5,28.68619
6591,4,29.6,28.551281
6591,5,30.6,28.215456
6591,6,30.4,27.649458
6591,7,28.9,26.750816
6591,8,26.5,25.973545
6591,9,25.6,25.34206
6591,10,24.3,24.89661
6591,11,24.0,24.568764
6591,12,23.5,24.287352
6591,13,22.9,23.989258
6591,14,22.4,23.684242
6591,15,22.0,23.332214
6591,16,21.8,22.937208
6591,17,21.5,22.601105
6591,18,21.5,22.410759
6591,19,21.8,22.61574
6591,20,22.6,23.195438
6591,21,23.1,24.169437
6591,22,23.9,25.331205
6591,23,25.0,26.46889
6591,24,27.5,27.424164
6716,1,23.4,23.253506
6716,2,23.2,22.959677
6716,3,22.7,22.740513
6716,4,22.3,22.802761
6716,5,22.6,23.207546
6716,6,24.6,24.277588
6716,7,26.7,25.992672
6716,8,28.9,27.990175
6716,9,31.0,29.985046
6716,10,32.8,31.787273
6716,11,34.6,33.114147
6716,12,36.0,34.019615
6716,13,36.8,34.412014
6716,14,37.3,34.131466
6716,15,37.1,33.23536
6716,16,36.0,31.601948
6716,17,31.5,30.012781
6716,18,29.8,28.544237
6716,19,28.3,27.31283
6716,20,26.9,26.425926
6716,21,25.9,25.724602
6716,22,24.9,25.161606
6716,23,24.2,24.591867
6716,24,23.9,24.096918
7131,1,23.3,23.583939
7131,2,23.2,23.451447
7131,3,23.1,23.402662
7131,4,22.9,23.351126
7131,5,23.0,23.281128
7131,6,23.4,23.252197
7131,7,23.5,23.347855
7131,8,23.9,23.585472
7131,9,24.0,24.143402
7131,10,24.2,25.010624
7131,11,24.1,25.930395
7131,12,24.1,26.820381
7131,13,24.6,27.692911
7131,14,25.1,28.45064
7131,15,24.3,29.123022
7131,16,24.0,29.541267
7131,17,23.9,29.648556
7131,18,24.2,29.44624
7131,19,23.8,28.850924
7131,20,24.4,28.20916
7131,21,24.0,27.448078
7131,22,24.0,26.564812
7131,23,24.0,25.693878
7131,24,24.0,25.002546
7257,1,33.0,31.504831
7257,2,30.4,30.403997
7257,3,29.3,29.44225
7257,4,28.4,28.784634
7257,5,27.9,28.37102
7257,6,27.3,27.974102
7257,7,26.8,27.61057
7257,8,26.3,27.20163
7257,9,25.9,26.841522
7257,10,25.6,26.512669
7257,11,25.4,26.150555
7257,12,25.4,25.839504
7257,13,25.4,25.714891
7257,14,25.8,25.947378
7257,15,27.0,26.730362
7257,16,28.5,28.029137
7257,17,29.9,29.494335
7257,18,31.1,30.88591
7257,19,32.5,31.998682
7257,20,33.5,32.773216
7257,21,34.5,33.246754
7257,22,35.0,33.343124
7257,23,35.2,33.111423
7257,24,34.4,32.525127
7308,1,25.9,26.007938
7308,2,25.6,25.9152
7308,3,25.2,25.85272
7308,4,25.2,25.966616
7308,5,26.0,26.270727
7308,6,26.7,27.04524
7308,7,28.6,28.240335
7308,8,30.2,29.629961
7308,9,31.7,30.966335
7308,10,32.5,32.10315
7308,11,33.2,32.904926
7308,12,34.3,33.411522
7308,13,29.2,33.612076
7308,14,29.1,33.40681
7308,15,30.1,32.784176
7308,16,30.2,31.610386
7308,17,29.9,30.45767
7308,18,28.8,29.399471
7308,19,27.9,28.547522
7308,20,27.1,27.969913
7308,21,26.7,27.532831
7308,22,26.3,27.185032
7308,23,25.9,26.839067
7308,24,25.6,26.607807
8437,1,0.9,0.8568796
8437,2,0.5,1.2370129
8437,3,0.9,2.4718976
8437,4,2.3,4.5377254
8437,5,4.2,6.807919
8437,6,6.2,9.102192
8437,7,7.9,11.0284815
8437,8,10.0,12.479312
8437,9,11.2,13.4367485
8437,10,12.0,13.8832655
8437,11,12.2,13.706086
8437,12,11.6,12.84837
8437,13,10.6,11.511331
8437,14,10.7,10.207833
8437,15,10.3,9.101788
8437,16,9.9,8.279764
8437,17,9.4,7.7378483
8437,18,9.1,7.385019
8437,19,8.1,7.1913047
8437,20,7.7,7.137461
8437,21,7.2,7.102127
8437,22,6.9,6.987594
8437,23,6.9,6.6168876
8437,24,6.7,6.160271
9197,1,13.9,14.474319
9197,2,13.5,15.20665
9197,3,15.5,17.029577
9197,4,18.2,19.815102
9197,5,21.2,22.997213
9197,6,24.2,25.93796
9197,7,27.5,28.249287
9197,8,29.2,29.841171
9197,9,30.2,30.854637
9197,10,30.6,31.205769
9197,11,30.6,30.850965
9197,12,30.1,29.73399
9197,13,29.5,27.708946
9197,14,26.9,25.577389
9197,15,25.4,23.611763
9197,16,23.5,22.073921
9197,17,21.7,20.966171
9197,18,20.1,20.14204
9197,19,18.8,19.428213
9197,20,18.2,18.742996
9197,21,17.9,18.122204
9197,22,17.7,17.487898
9197,23,17.4,16.727674
9197,24,17.1,15.971435
9542,1,16.6,16.219603
9542,2,18.3,18.029802
9542,3,19.8,19.517181
9542,4,20.9,20.603432
9542,5,21.8,21.30034
9542,6,22.4,21.839172
9542,7,22.5,22.086948
9542,8,22.5,22.114557
9542,9,22.0,21.767675
9542,10,21.9,20.73354
9542,11,19.6,19.46362
9542,12,18.3,18.065453
9542,13,17.3,16.845337
9542,14,16.5,15.792594
9542,15,15.8,14.975599
9542,16,14.1,14.2138405
9542,17,12.9,13.585153
9542,18,12.3,13.060932
9542,19,12.2,12.755216
9542,20,11.8,12.671503
9542,21,11.9,13.037639
9542,22,12.4,13.926301
9542,23,14.0,15.123231
9542,24,17.0,16.542246
9928,1,29.7,28.902542
9928,2,30.7,28.999144
9928,3,29.6,28.746655
9928,4,30.4,28.069994
9928,5,29.2,27.31844
9928,6,28.2,26.574871
9928,7,25.5,26.002827
9928,8,23.3,25.644415
9928,9,23.5,25.380579
9928,10,24.0,25.116592
9928,11,24.7,24.86171
9928,12,24.3,24.659523
9928,13,24.0,24.523699
9928,14,23.8,24.401192
9928,15,23.4,24.34739
9928,16,23.3,24.476444
9928,17,23.9,24.831009
9928,18,25.4,25.46405
9928,19,25.4,26.367928
9928,20,24.6,27.363869
9928,21,27.5,28.373192
9928,22,29.0,29.276167
9928,23,30.2,29.934578
9928,24,30.2,30.397839
9977,1,32.0,32.51355
9977,2,31.1,31.195774
9977,3,29.6,29.970629
9977,4,28.3,29.065954
9977,5,27.5,28.440174
9977,6,26.7,27.914518
9977,7,25.8,27.509436
9977,8,25.5,27.087017
9977,9,25.4,26.735628
9977,10,25.2,26.459284
9977,11,24.8,26.169012
9977,12,24.6,26.046854
9977,13,25.4,26.255674
9977,14,25.9,26.820518
9977,15,27.5,27.919577
9977,16,28.9,29.456514
9977,17,30.6,31.115324
9977,18,32.5,32.641014
9977,19,33.3,33.829212
9977,20,34.5,34.616318
9977,21,35.6,35.052216
9977,22,35.1,35.04815
9977,23,34.8,34.7028
9977,24,34.5,33.967552
10048,1,11.2,11.241256
10048,2,12.0,11.354647
10048,3,12.4,11.120141
10048,4,11.7,10.45376
10048,5,9.5,9.660763
10048,6,7.8,8.78651
10048,7,6.7,7.954659
10048,8,6.2,7.3794503
10048,9,5.7,6.9854183
10048,10,5.0,6.68111
10048,11,4.5,6.450064
10048,12,4.0,6.2526436
10048,13,3.5,6.059027
10048,14,2.9,5.8421183
10048,15,3.0,5.61615
10048,16,2.9,5.478344
10048,17,2.6,5.5133595
10048,18,2.5,5.773321
10048,19,4.0,6.325989
10048,20,5.7,7.1042595
10048,21,8.7,8.030983
10048,22,10.3,8.966072
10048,23,11.3,9.755272
10048,24,12.0,10.383476
10591,1,-10.5,-10.890866
10591,2,-8.5,-9.109472
10591,3,-7.0,-7.5840073
10591,4,-5.9,-6.8707414
10591,5,-5.5,-6.61907
10591,6,-5.3,-6.476485
10591,7,-6.4,-6.348526
10591,8,-6.7,-6.1740813
10591,9,-6.9,-6.1037955
10591,10,-7.2,-6.288307
10591,11,-7.1,-6.5489326
10591,12,-7.6,-6.7620273
10591,13,-7.4,-6.5692225
10591,14,-6.4,-6.3646617
10591,15,-4.8,-6.300911
10591,16,-4.1,-6.2013593
10591,17,-3.5,-6.0619493
10591,18,-2.7,-5.685515
10591,19,-2.2,-5.138383
10591,20,-1.5,-4.4385443
10591,21,-0.9,-3.7890406
10591,22,-0.7,-3.3049936
10591,23,-0.9,-3.0019903
10591,24,-0.9,-2.4214811
10795,1,-2.9,-3.0104458
10795,2,-2.8,-3.14143
10795,3,-2.9,-3.1214805
10795,4,-3.2,-3.0753355
10795,5,-3.0,-3.1035628
10795,6,-2.4,-3.111775
10795,7,-1.9,-3.0490003
10795,8,-1.5,-2.9051008
10795,9,-1.5,-2.4076042
10795,10,-1.1,-1.5077592
10795,11,0.6,-0.5651741
10795,12,2.8,0.37731004
10795,13,4.8,1.451283
10795,14,6.0,2.5044522
10795,15,6.7,3.6018949
10795,16,6.0,4.5679994
10795,17,5.2,5.1949162
10795,18,5.1,5.4519286
10795,19,4.1,5.1998706
10795,20,3.4,4.782734
10795,21,3.1,4.1126604
10795,22,3.5,3.17001
10795,23,3.3,2.1320934
10795,24,4.3,1.2552073
11179,1,3.3,3.6486259
11179,2,2.3,2.7479954
11179,3,0.4,1.8518338
11179,4,-0.6,1.1309338
11179,5,-1.1,0.47478914
11179,6,-2.0,-0.19202852
11179,7,-3.3,-0.8843999
11179,8,-4.7,-1.4256196
11179,9,-4.9,-1.7148423
11179,10,-4.1,-1.8046174
11179,11,-1.1,-1.6762424
11179,12,0.2,-1.3114166
11179,13,1.6,-0.6242447
11179,14,3.2,0.23155546
11179,15,4.4,1.1726234
11179,16,4.7,1.8899412
11179,17,4.9,2.3107023
11179,18,4.2,2.221281
11179,19,3.5,1.6151156
11179,20,3.1,0.92047
11179,21,1.7,0.22296143
11179,22,0.1,-0.45688915
11179,23,1.0,-0.92783594
11179,24,0.1,-1.3655181
11297,1,7.3,6.0313215
11297,2,6.5,5.0553427
11297,3,5.4,4.0112486
11297,4,4.5,3.0335283
11297,5,4.6,2.276791
11297,6,3.9,1.6371675
11297,7,3.5,1.2510686
11297,8,3.0,0.904768
11297,9,2.5,0.5592575
11297,10,2.1,0.13547707
11297,11,1.6,-0.3773694
11297,12,1.5,-0.84741926
11297,13,1.2,-1.1357784
11297,14,1.0,-1.1254921
11297,15,0.9,-0.6055641
11297,16,2.3,0.49076653
11297,17,5.0,1.9468632
11297,18,8.0,3.587562
11297,19,10.8,5.175332
11297,20,12.9,6.458474
11297,21,14.1,7.368588
11297,22,14.9,7.7997932
11297,23,15.0,7.7707214
11297,24,14.6,7.3611693
11657,1,10.8,10.915094
11657,2,10.6,10.77396
11657,3,10.2,10.715274
11657,4,9.9,10.666374
11657,5,9.7,10.668705
11657,6,9.6,10.589056
11657,7,9.5,10.478372
11657,8,9.7,10.26869
11657,9,9.8,10.006113
11657,10,9.9,9.783597
11657,11,10.2,9.601788
11657,12,10.7,9.524145
11657,13,11.5,9.605707
11657,14,12.6,9.853977
11657,15,13.9,10.352994
11657,16,16.1,11.148862
11657,17,14.0,12.036245
11657,18,14.1,12.987344
11657,19,14.7,13.915735
11657,20,15.0,14.714365
11657,21,16.0,15.32906
11657,22,18.2,15.678743
11657,23,20.0,15.767325
11657,24,20.3,15.575584
11906,1,27.2,27.989273
11906,2,26.0,27.044304
11906,3,25.3,26.076912
11906,4,25.0,25.272003
11906,5,24.3,24.573753
11906,6,23.3,23.956314
11906,7,22.8,23.39235
11906,8,22.0,22.916018
11906,9,21.2,22.61851
11906,10,20.5,22.545494
11906,11,20.4,22.698559
11906,12,21.6,23.296284
11906,13,23.0,24.433743
11906,14,23.4,25.75958
11906,15,23.6,27.146275
11906,16,24.0,28.23577
11906,17,24.6,28.98891
11906,18,23.7,29.269642
11906,19,23.2,29.075504
11906,20,23.3,28.680193
11906,21,23.0,28.125305
11906,22,20.3,27.338226
11906,23,18.9,26.634174
11906,24,17.4,25.916004
11909,1,20.5,21.290054
11909,2,20.4,21.912771
11909,3,21.6,23.074772
11909,4,23.0,24.67293
11909,5,23.4,26.425514
11909,6,23.6,28.035202
11909,7,24.0,29.302172
11909,8,24.6,30.216167
11909,9,23.7,30.828465
11909,10,23.2,31.03199
11909,11,23.3,30.849491
11909,12,23.0,30.120312
11909,13,20.3,28.74633
11909,14,18.9,27.322306
11909,15,17.4,25.982815
11909,16,17.3,24.832556
11909,17,18.8,23.934303
11909,18,18.5,23.256804
11909,19,17.4,22.711416
11909,20,17.1,22.25731
11909,21,17.5,21.85244
11909,22,17.5,21.44627
11909,23,18.1,21.004429
11909,24,18.6,20.747704
11958,1,22.0,22.08858
11958,2,24.3,24.34014
11958,3,25.7,26.50013
11958,4,26.7,28.251019
11958,5,27.2,29.574766
11958,6,27.6,30.520695
11958,7,27.4,31.033016
11958,8,27.3,31.124493
11958,9,26.6,30.806683
11958,10,25.9,29.781708
11958,11,25.2,28.588182
11958,12,24.0,27.20407
11958,13,22.2,25.76964
11958,14,21.9,24.516752
11958,15,20.9,23.441822
11958,16,19.9,22.481564
11958,17,18.8,21.672077
11958,18,17.7,21.00701
11958,19,16.9,20.33098
11958,20,15.9,19.619835
11958,21,15.0,18.977333
11958,22,14.6,18.549522
11958,23,14.8,18.50178
11958,24,15.0,19.20901
12015,1,26.1,25.190704
12015,2,28.3,25.979946
12015,3,29.6,26.554516
12015,4,30.9,26.839577
12015,5,31.0,26.860462
12015,6,30.1,26.559366
12015,7,29.0,25.818993
12015,8,28.2,25.074217
12015,9,27.8,24.371887
12015,10,26.5,23.721289
12015,11,26.0,23.2184
12015,12,24.9,22.820862
12015,13,24.3,22.474607
12015,14,24.1,22.147957
12015,15,23.6,21.79247
12015,16,23.2,21.384106
12015,17,22.8,20.99145
12015,18,22.3,20.648077
12015,19,21.8,20.532515
12015,20,21.6,20.656393
12015,21,20.6,21.225037
12015,22,20.6,22.17327
12015,23,22.1,23.305061
12015,24,22.8,24.414942
13995,1,-3.4,-3.4722624
13995,2,-4.3,-3.7875
13995,3,-5.9,-4.041648
13995,4,-5.2,-4.2849135
13995,5,-3.6,-4.540305
13995,6,-3.3,-4.843354
13995,7,-3.4,-5.084052
13995,8,-3.7,-5.2682385
13995,9,-4.1,-5.202291
13995,10,-3.8,-4.74868
13995,11,-2.9,-4.0336003
13995,12,-2.0,-3.0880399
13995,13,-0.3,-1.9955006
13995,14,0.9,-0.9505739
13995,15,1.1,-0.007548809
13995,16,0.8,0.6503253
13995,17,0.8,0.9891453
13995,18,0.9,1.0156679
13995,19,0.8,0.6431341
13995,20,0.6,0.12194824
13995,21,0.5,-0.6141627
13995,22,0.8,-1.555041
13995,23,0.8,-2.4316785
13995,24,0.7,-3.1768448
14030,1,-2.5,0.13729906
14030,2,-1.4,2.198094
14030,3,0.2,4.0930805
14030,4,1.2,5.5824013
14030,5,1.9,6.6138926
14030,6,2.5,7.2957544
14030,7,3.7,7.555563
14030,8,3.9,7.359563
14030,9,3.7,6.6293974
14030,10,3.4,5.174259
14030,11,2.1,3.693005
14030,12,0.7,2.3149183
14030,13,0.1,1.2482119
14030,14,-0.8,0.48279285
14030,15,-1.9,-0.11356521
14030,16,-2.9,-0.6732037
14030,17,-3.7,-1.1213671
14030,18,-4.6,-1.491933
14030,19,-4.2,-1.8811696
14030,20,-5.0,-2.3715262
14030,21,-6.1,-2.859485
14030,22,-6.8,-3.178887
14030,23,-7.2,-3.073339
14030,24,-8.9,-2.3053608
14673,1,30.4,28.743961
14673,2,28.9,27.311415
14673,3,27.6,26.009619
14673,4,26.2,25.017874
14673,5,25.1,24.28276
14673,6,24.0,23.504744
14673,7,22.4,22.733772
14673,8,21.0,21.92289
14673,9,20.4,21.221102
14673,10,18.8,20.618187
14673,11,17.3,20.038612
14673,12,16.6,19.552124
14673,13,16.1,19.292433
14673,14,15.5,19.486416
14673,15,16.1,20.33229
14673,16,17.3,21.82522
14673,17,18.5,23.572277
14673,18,19.7,25.290653
14673,19,20.4,26.708443
14673,20,20.2,27.729786
14673,21,19.7,28.313496
14673,22,19.7,28.329441
14673,23,19.2,27.929707
14673,24,19.9,27.163063
14775,1,8.3,8.677913
14775,2,8.2,9.023938
14775,3,8.5,9.255555
14775,4,8.1,9.246104
14775,5,8.2,9.177237
14775,6,8.9,9.026349
14775,7,9.0,8.86669
14775,8,9.3,8.716368
14775,9,9.6,8.48399
14775,10,9.5,8.161054
14775,11,8.8,7.8668313
14775,12,8.1,7.6611876
14775,13,7.7,7.519205
14775,14,7.4,7.4071155
14775,15,7.4,7.293274
14775,16,5.8,7.2891927
14775,17,5.7,7.4514174
14775,18,5.4,7.8304176
14775,19,5.4,8.396898
14775,20,6.2,8.985551
14775,21,7.9,9.534724
14775,22,10.9,9.970829
14775,23,13.5,10.274844
14775,24,16.1,10.516696
15658,1,5.7,5.4431825
15658,2,5.0,5.251785
15658,3,3.8,4.910988
15658,4,3.3,4.4203105
15658,5,3.4,3.9929695
15658,6,3.7,3.5967221
15658,7,3.6,3.2969866
15658,8,3.7,3.1723242
15658,9,3.6,3.120326
15658,10,3.6,3.0387568
15658,11,3.7,2.909988
15658,12,3.7,2.7969804
15658,13,3.7,2.6823356
15658,14,3.7,2.572796
15658,15,3.8,2.504701
15658,16,3.9,2.5774486
15658,17,4.6,2.8326263
15658,18,4.5,3.2276738
15658,19,3.5,3.7492461
15658,20,2.5,4.304359
15658,21,3.2,4.9072123
15658,22,3.2,5.4746714
15658,23,2.7,5.873657
15658,24,2.2,6.0827103
15874,1,-1.2,-1.2714634
15874,2,-1.6,-1.3490531
15874,3,-2.7,-1.7416165
15874,4,-3.3,-2.4878216
15874,5,-3.5,-3.2571125
15874,6,-4.2,-3.9957805
15874,7,-4.9,-4.551933
15874,8,-5.6,-4.8849635
15874,9,-6.1,-5.110579
15874,10,-6.5,-5.337061
15874,11,-6.9,-5.573477
15874,12,-7.1,-5.7676506
15874,13,-7.1,-5.9060016
15874,14,-7.1,-6.0273933
15874,15,-7.0,-6.0633993
15874,16,-6.8,-5.8930273
15874,17,-7.4,-5.476857
15874,18,-6.6,-4.81014
15874,19,-5.1,-3.920094
15874,20,-3.4,-2.9741588
15874,21,-1.5,-2.0267549
15874,22,0.4,-1.1862327
15874,23,2.0,-0.59129274
15874,24,3.0,-0.21251571
15956,1,-1.2,-1.3835865
15956,2,-1.2,-1.4096907
15956,3,-1.2,-1.356375
15956,4,-1.0,-1.3150077
15956,5,-0.9,-1.3228155
15956,6,-0.8,-1.4821069
15956,7,-0.8,-1.7170858
15956,8,-0.6,-1.9544668
15956,9,-0.4,-2.0399761
15956,10,-0.4,-1.930774
15956,11,-1.2,-1.6507291
15956,12,-0.8,-1.260379
15956,13,-0.1,-0.803425
15956,14,0.3,-0.30690193
15956,15,0.8,0.21646845
15956,16,1.9,0.66194046
15956,17,2.2,0.91181934
15956,18,2.2,0.92007196
15956,19,2.7,0.6113477
15956,20,2.6,0.21721053
15956,21,2.3,-0.28518218
15956,22,2.2,-0.8668492
15956,23,1.4,-1.3671888
15956,24,0.9,-1.7735767
16789,1,10.3,10.027129
16789,2,10.3,9.902987
16789,3,10.1,9.837179
16789,4,10.1,9.772275
16789,5,9.9,9.680244
16789,6,9.9,9.638969
16789,7,10.1,9.733186
16789,8,10.0,9.959748
16789,9,10.1,10.4869175
16789,10,10.1,11.28253
16789,11,10.3,12.092581
16789,12,10.4,12.833483
16789,13,11.3,13.552075
16789,14,11.5,14.174627
16789,15,12.1,14.783627
16789,16,11.9,15.212839
16789,17,11.6,15.385949
16789,18,10.9,15.27145
16789,19,10.3,14.786953
16789,20,10.0,14.260053
16789,21,9.7,13.63826
16789,22,9.5,12.938901
16789,23,9.4,12.241731
16789,24,9.3,11.666211
17511,1,22.8,22.826868
17511,2,23.5,23.27071
17511,3,23.8,23.950169
17511,4,24.3,24.824791
17511,5,23.3,25.65718
17511,6,23.1,26.321707
17511,7,23.0,26.745085
17511,8,23.5,26.955757
17511,9,23.1,26.977535
17511,10,22.9,26.825363
17511,11,22.7,26.607264
17511,12,22.6,26.177715
17511,13,22.3,25.478493
17511,14,22.0,24.80587
17511,15,21.8,24.2008
17511,16,21.9,23.68385
17511,17,21.8,23.298092
17511,18,21.6,22.977201
17511,19,21.4,22.677345
17511,20,21.1,22.393728
17511,21,21.0,22.13265
17511,22,21.1,21.985287
17511,23,21.1,21.942282
17511,24,21.1,22.028368
18092,1,7.0,6.821188
18092,2,6.9,6.6337132
18092,3,6.5,6.5338893
18092,4,6.4,6.4424353
18092,5,6.0,6.3118715
18092,6,5.8,6.0955505
18092,7,5.6,5.898926
18092,8,5.2,5.717809
18092,9,5.2,5.763201
18092,10,5.5,6.192622
18092,11,5.8,6.844113
18092,12,6.4,7.6450343
18092,13,7.3,8.530411
18092,14,8.7,9.376265
18092,15,9.9,10.195978
18092,16,11.1,10.883662
18092,17,11.4,11.346249
18092,18,11.1,11.587393
18092,19,10.6,11.488809
18092,20,10.1,11.227068
18092,21,9.1,10.756737
18092,22,8.5,10.099558
18092,23,7.7,9.4332485
18092,24,7.5,8.832975
18116,1,7.7,7.476428
18116,2,7.5,7.1854324
18116,3,6.8,6.8939724
18116,4,6.6,6.5975056
18116,5,6.3,6.337866
18116,6,6.1,6.0999475
18116,7,5.3,5.9138947
18116,8,5.5,5.699385
18116,9,5.9,5.486634
18116,10,6.6,5.3735743
18116,11,6.8,5.453844
18116,12,7.3,5.966608
18116,13,8.5,6.953698
18116,14,10.4,8.075059
18116,15,11.9,9.171267
18116,16,13.7,10.019386
18116,17,14.6,10.610027
18116,18,14.8,10.956884
18116,19,14.4,11.036739
18116,20,13.4,10.946783
18116,21,11.8,10.6115675
18116,22,10.8,9.933253
18116,23,10.3,9.2423935
18116,24,9.6,8.582275
18158,1,8.5,8.58496
18158,2,8.2,8.551856
18158,3,8.0,8.5335
18158,4,7.7,8.575081
18158,5,7.5,8.715269
18158,6,7.6,9.064465
18158,7,7.8,9.727958
18158,8,7.9,10.4987335
18158,9,7.6,11.213303
18158,10,7.2,11.760868
18158,11,7.1,12.166817
18158,12,7.0,12.362755
18158,13,7.0,12.321168
18158,14,6.9,12.067449
18158,15,6.6,11.662918
18158,16,6.6,11.120123
18158,17,6.4,10.700262
18158,18,5.8,10.348093
18158,19,5.0,9.99239
18158,20,4.4,9.676299
18158,21,4.7,9.3537655
18158,22,4.8,9.152744
18158,23,4.9,8.990387
18158,24,4.9,8.880592
18376,1,-10.3,-10.367447
18376,2,-9.0,-9.576639
18376,3,-7.9,-8.798333
18376,4,-5.6,-8.231901
18376,5,-4.8,-7.7998686
18376,6,-4.4,-7.393509
18376,7,-4.0,-7.037458
18376,8,-4.0,-6.720043
18376,9,-4.5,-6.565102
18376,10,-4.0,-6.684836
18376,11,-4.4,-6.931485
18376,12,-4.7,-7.200715
18376,13,-4.5,-7.3155923
18376,14,-3.9,-7.367035
18376,15,-3.4,-7.426306
18376,16,-2.2,-7.4360886
18376,17,-1.9,-7.3814335
18376,18,-1.7,-7.243755
18376,19,-1.5,-7.070533
18376,20,-2.1,-6.8867326
18376,21,-2.9,-6.714288
18376,22,-3.5,-6.575058
18376,23,-4.0,-6.496189
18376,24,-3.7,-6.2808437
18422,1,-4.4,-3.965333
18422,2,-4.4,-4.012337
18422,3,-4.7,-3.9990935
18422,4,-5.3,-3.921526
18422,5,-5.9,-3.7730267
18422,6,-6.0,-3.5402198
18422,7,-5.3,-3.1256456
18422,8,-4.7,-2.6494536
18422,9,-4.2,-2.1861181
18422,10,-3.9,-1.787286
18422,11,-3.6,-1.4249384
18422,12,-3.5,-1.1832266
18422,13,-3.4,-1.116988
18422,14,-3.8,-1.1944971
18422,15,-4.0,-1.3756998
18422,16,-3.7,-1.6539974
18422,17,-4.0,-1.8825265
18422,18,-4.3,-2.1226509
18422,19,-3.8,-2.456993
18422,20,-4.2,-2.7987943
18422,21,-4.2,-3.1675982
18422,22,-3.5,-3.445851
18422,23,-3.9,-3.6638823
18422,24,-3.6,-3.8366725
18442,1,-11.6,-11.393227
18442,2,-12.1,-11.4685
18442,3,-12.5,-11.62264
18442,4,-12.4,-11.892348
18442,5,-13.2,-12.095564
18442,6,-14.3,-12.274074
18442,7,-15.0,-12.368178
18442,8,-15.5,-12.380368
18442,9,-15.9,-12.427911
18442,10,-16.3,-12.552637
18442,11,-17.0,-12.724726
18442,12,-17.2,-12.868296
18442,13,-17.5,-13.00141
18442,14,-17.7,-13.120111
18442,15,-18.0,-13.206672
18442,16,-18.4,-13.142088
18442,17,-18.7,-12.871681
18442,18,-18.8,-12.3949375
18442,19,-18.1,-11.738464
18442,20,-17.2,-11.064382
18442,21,-16.2,-10.421193
18442,22,-14.5,-9.906647
18442,23,-13.9,-9.603713
18442,24,-13.4,-9.489103
18546,1,7.6,7.7570243
18546,2,7.2,7.4902225
18546,3,6.8,7.050062
18546,4,6.1,6.453786
18546,5,5.8,5.9030275
18546,6,5.2,5.3846974
18546,7,4.6,4.9858155
18546,8,4.0,4.805336
18546,9,3.5,4.732669
18546,10,3.4,4.6225843
18546,11,3.5,4.493904
18546,12,3.4,4.3490915
18546,13,3.3,4.1855345
18546,14,3.2,4.0327034
18546,15,3.1,3.9132288
18546,16,3.3,3.9056306
18546,17,3.5,4.0737724
18546,18,3.5,4.3344145
18546,19,4.1,4.6558294
18546,20,4.6,5.018979
18546,21,5.0,5.4351377
18546,22,4.4,5.8693357
18546,23,5.1,6.2106276
18546,24,5.1,6.439622
18600,1,-8.5,-7.293945
18600,2,-8.4,-6.1308923
18600,3,-8.0,-5.0989046
18600,4,-6.4,-4.501436
18600,5,-6.2,-4.212597
18600,6,-5.8,-4.230697
18600,7,-5.8,-4.488336
18600,8,-6.3,-4.8616824
18600,9,-7.1,-5.3718553
18600,10,-6.8,-5.9681406
18600,11,-7.5,-6.346118
18600,12,-7.9,-6.509447
18600,13,-8.3,-6.4891443
18600,14,-8.6,-6.416256
18600,15,-8.6,-6.4643707
18600,16,-7.3,-6.5559835
18600,17,-7.6,-6.649061
18600,18,-7.4,-6.6355963
18600,19,-7.3,-6.5738482
18600,20,-7.3,-6.533512
18600,21,-7.3,-6.5058103
18600,22,-7.0,-6.4471126
18600,23,-7.1,-6.2538557
18600,24,-7.1,-5.7788124
19137,1,3.5,5.5594096
19137,2,3.9,5.802066
19137,3,4.1,5.968083
19137,4,4.4,5.9329033
19137,5,4.2,5.87516
19137,6,4.2,5.7399693
19137,7,3.7,5.592222
19137,8,3.9,5.5066023
19137,9,3.8,5.3921375
19137,10,3.6,5.215891
19137,11,4.0,5.059444
19137,12,4.2,4.9575953
19137,13,5.2,4.8517942
19137,14,5.1,4.7306833
19137,15,4.9,4.5466394
19137,16,4.4,4.4155765
19137,17,4.2,4.4110403
19137,18,4.0,4.573043
19137,19,2.9,4.898315
19137,20,2.6,5.2998595
19137,21,2.6,5.717313
19137,22,3.0,6.0716825
19137,23,3.2,6.323987
19137,24,3.9,6.512017
19357,1,0.9,0.79985964
19357,2,0.6,0.6729851
19357,3,0.2,0.6003549
19357,4,-0.3,0.54399943
19357,5,-0.7,0.49477923
19357,6,-1.2,0.48070693
19357,7,-0.7,0.60623956
19357,8,-0.4,0.898919
19357,9,0.0,1.4699066
19357,10,0.5,2.260082
19357,11,0.9,3.0671544
19357,12,1.2,3.7396593
19357,13,1.6,4.2643394
19357,14,1.9,4.615327
19357,15,1.9,4.897531
19357,16,1.8,5.0057063
19357,17,1.4,4.917066
19357,18,1.0,4.570984
19357,19,1.1,3.914949
19357,20,0.7,3.3027806
19357,21,0.7,2.7414804
19357,22,1.0,2.308854
19357,23,1.5,1.9556808
19357,24,2.2,1.6366384
20349,1,10.7,10.540783
20349,2,10.1,10.0874815
20349,3,9.2,9.7308
20349,4,8.6,9.432938
20349,5,8.1,9.187397
20349,6,7.4,8.928675
20349,7,7.1,8.685392
20349,8,6.8,8.337384
20349,9,6.7,7.9912586
20349,10,6.7,7.8473763
20349,11,4.2,8.00253
20349,12,5.4,8.771964
20349,13,7.6,10.200013
20349,14,10.4,11.867221
20349,15,13.1,13.533376
20349,16,15.1,14.971971
20349,17,16.4,16.07405
20349,18,17.2,16.83897
20349,19,17.6,17.123806
20349,20,17.4,16.982159
20349,21,15.6,16.344883
20349,22,13.8,15.127311
20349,23,14.8,13.857246
20349,24,13.8,12.733173
20556,1,18.2,17.277807
20556,2,18.3,16.16378
20556,3,17.7,14.987984
20556,4,17.1,13.92849
20556,5,16.0,13.172079
20556,6,15.7,12.602936
20556,7,15.4,12.333446
20556,8,15.0,12.261911
20556,9,14.3,12.236895
20556,10,14.0,12.0854645
20556,11,13.8,11.813139
20556,12,13.7,11.454678
20556,13,14.1,11.0573635
20556,14,11.8,10.767551
20556,15,11.9,10.7272835
20556,16,13.3,11.052764
20556,17,15.6,11.759527
20556,18,17.6,12.651582
20556,19,19.6,13.567254
20556,20,21.9,14.372447
20556,21,23.4,15.033741
20556,22,23.7,15.478714
20556,23,23.5,15.612002
20556,24,22.2,15.411224
20733,1,0.5,0.13017985
20733,2,0.2,-0.068216085
20733,3,0.1,-0.17990994
20733,4,-0.7,-0.2932974
20733,5,-0.9,-0.42322993
20733,6,-1.7,-0.6368967
20733,7,-1.6,-0.837782
20733,8,-1.7,-1.1136955
20733,9,-2.0,-1.3022913
20733,10,-2.5,-1.2114359
20733,11,-2.7,-0.89966476
20733,12,-2.8,-0.33214778
20733,13,-2.4,0.49330232
20733,14,-1.7,1.4122188
20733,15,-1.2,2.418327
20733,16,0.3,3.4207082
20733,17,0.8,4.262735
20733,18,2.2,4.9550467
20733,19,2.9,5.372162
20733,20,3.1,5.561348
20733,21,2.7,5.4411006
20733,22,1.8,4.9872465
20733,23,1.9,4.418377
20733,24,1.1,3.8104663
21097,1,0.3,0.21020031
21097,2,1.9,1.7304989
21097,3,3.4,3.1436934
21097,4,4.7,4.2300177
21097,5,5.9,4.95132
21097,6,6.9,5.475319
21097,7,7.7,5.7341375
21097,8,7.9,5.738013
21097,9,7.7,5.377678
21097,10,6.4,4.559557
21097,11,6.9,3.7097917
21097,12,6.5,2.908824
21097,13,5.7,2.3561182
21097,14,5.1,2.0106273
21097,15,5.2,1.7274836
21097,16,5.5,1.4111964
21097,17,5.6,1.1142668
21097,18,5.2,0.9088353
21097,19,4.5,0.7902268
21097,20,4.5,0.69962525
21097,21,4.3,0.6246728
21097,22,4.4,0.61145043
21097,23,4.4,0.77954674
21097,24,4.4,1.3693727
21304,1,8.2,8.26946
21304,2,6.1,8.549138
21304,3,7.7,9.523927
21304,4,9.6,11.206749
21304,5,11.5,13.181798
21304,6,13.2,15.08547
21304,7,14.7,16.620474
21304,8,15.8,17.76815
21304,9,16.5,18.596523
21304,10,17.1,18.998058
21304,11,17.2,18.892012
21304,12,16.9,18.173206
21304,13,16.2,16.768684
21304,14,15.1,15.317364
21304,15,14.3,14.024796
21304,16,12.6,12.988678
21304,17,11.4,12.228697
21304,18,10.6,11.606519
21304,19,9.8,11.0367775
21304,20,9.4,10.497022
21304,21,9.0,10.050905
21304,22,8.5,9.665154
21304,23,8.2,9.214908
21304,24,8.0,8.804882
21455,1,8.4,8.408568
21455,2,7.9,8.059127
21455,3,7.6,8.079315
21455,4,7.4,8.782074
21455,5,8.2,9.806169
21455,6,10.7,11.553024
21455,7,13.5,13.736265
21455,8,16.4,15.943113
21455,9,18.6,17.841461
21455,10,19.8,19.395988
21455,11,20.6,20.385658
21455,12,21.1,20.983553
21455,13,21.3,21.397663
21455,14,21.1,21.330902
21455,15,20.6,20.766098
21455,16,19.2,19.492374
21455,17,17.7,18.26165
21455,18,16.4,17.088022
21455,19,15.5,16.118921
21455,20,14.8,15.429562
21455,21,14.3,14.900673
21455,22,13.9,14.481522
21455,23,13.6,13.997944
21455,24,13.2,13.491014
21541,1,26.3,25.775883
21541,2,25.9,25.298742
21541,3,25.2,24.8575
21541,4,24.7,24.464293
21541,5,24.2,24.11656
21541,6,23.7,23.75673
21541,7,23.2,23.398169
21541,8,21.1,23.01147
21541,9,21.4,22.698086
21541,10,21.0,22.559212
21541,11,19.3,22.695353
21541,12,19.7,23.35995
21541,13,20.6,24.59306
21541,14,22.1,26.039238
21541,15,23.6,27.476057
21541,16,24.9,28.587252
21541,17,25.7,29.299438
21541,18,25.3,29.60094
21541,19,25.6,29.437805
21541,20,24.6,29.011492
21541,21,24.8,28.267012
21541,22,23.6,27.106068
21541,23,21.1,26.003017
21541,24,19.2,25.059261
21838,1,22.5,22.04413
21838,2,22.7,21.864721
21838,3,22.2,21.743492
21838,4,22.6,21.607048
21838,5,21.5,21.445398
21838,6,21.2,21.328972
21838,7,21.3,21.379501
21838,8,19.8,21.622839
21838,9,20.1,22.264065
21838,10,20.4,23.299763
21838,11,20.9,24.431257
21838,12,22.7,25.513239
21838,13,23.6,26.50796
21838,14,25.4,27.30406
21838,15,26.4,27.950806
21838,16,27.1,28.262968
21838,17,27.3,28.223068
21838,18,26.9,27.830463
21838,19,26.3,27.006588
21838,20,21.4,26.1652
21838,21,21.3,25.24857
21838,22,21.3,24.296432
21838,23,21.2,23.422915
21838,24,21.2,22.742882
22150,1,24.5,23.856773
22150,2,24.3,23.692993
22150,3,24.1,23.60228
22150,4,23.7,23.505089
22150,5,23.5,23.389416
22150,6,23.0,23.321314
22150,7,23.2,23.399153
22150,8,23.6,23.635191
22150,9,25.1,24.220581
22150,10,24.8,25.15407
22150,11,26.8,26.158335
22150,12,27.0,27.135408
22150,13,29.1,28.077744
22150,14,30.6,28.87611
22150,15,30.9,29.56586
22150,16,30.4,29.97273
22150,17,29.4,30.056446
22150,18,28.9,29.81963
22150,19,28.1,29.17344
22150,20,25.3,28.475527
22150,21,25.1,27.65729
22150,22,25.0,26.729105
22150,23,25.1,25.828176
22150,24,24.9,25.116526
22553,1,29.9,28.857689
22553,2,32.2,30.513725
22553,3,33.9,31.950012
22553,4,34.9,33.03333
22553,5,36.0,33.75373
22553,6,37.2,34.255466
22553,7,37.0,34.455765
22553,8,36.4,34.38759
22553,9,35.8,33.933224
22553,10,34.7,32.879272
22553,11,33.2,31.712345
22553,12,32.2,30.520123
22553,13,31.5,29.507542
22553,14,30.7,28.679836
22553,15,29.9,28.014162
22553,16,29.8,27.379398
22553,17,29.2,26.858047
22553,18,29.0,26.434938
22553,19,28.1,26.146534
22553,20,27.5,25.960577
22553,21,26.9,26.007206
22553,22,26.4,26.377178
22553,23,25.2,27.050581
22553,24,26.8,28.057331
23096,1,7.4,7.8292494
23096,2,7.0,8.344934
23096,3,8.3,9.457142
23096,4,10.2,11.159683
23096,5,12.3,13.002119
23096,6,14.1,14.797031
23096,7,16.0,16.243198
23096,8,17.0,17.293465
23096,9,17.5,17.968052
23096,10,17.6,18.191765
23096,11,17.5,17.948746
23096,12,16.7,17.196465
23096,13,15.5,16.028137
23096,14,14.8,14.893903
23096,15,14.1,13.950137
23096,16,13.7,13.2366705
23096,17,13.2,12.744356
23096,18,12.6,12.341156
23096,19,10.2,11.968018
23096,20,9.5,11.611475
23096,21,8.9,11.328259
23096,22,8.5,11.126299
23096,23,7.4,10.876072
23096,24,6.1,10.676653
23106,1,19.0,18.054314
23106,2,20.7,19.249367
23106,3,21.2,20.01115
23106,4,21.4,20.300888
23106,5,21.1,20.146921
23106,6,19.7,19.474064
23106,7,18.1,18.084213
23106,8,16.8,16.719065
23106,9,15.9,15.527728
23106,10,15.4,14.564248
23106,11,14.7,13.890903
23106,12,13.9,13.369568
23106,13,12.3,12.934239
23106,14,11.9,12.445679
23106,15,11.7,11.949207
23106,16,11.6,11.396524
23106,17,11.4,10.835674
23106,18,11.2,10.3050585
23106,19,11.5,10.117201
23106,20,11.5,10.337309
23106,21,11.9,11.497437
23106,22,13.5,13.556669
23106,23,15.0,15.977346
23106,24,15.2,18.180004
23887,1,9.1,9.0927515
23887,2,8.9,8.711694
23887,3,8.6,8.189905
23887,4,8.0,7.7283373
23887,5,7.6,7.558115
23887,6,7.9,8.315381
23887,7,10.2,10.156758
23887,8,13.3,12.539806
23887,9,16.3,15.069441
23887,10,21.4,17.456377
23887,11,23.5,19.319738
23887,12,24.9,20.6722
23887,13,25.5,21.544153
23887,14,26.0,21.583574
23887,15,24.2,20.8941
23887,16,21.5,19.338669
23887,17,20.9,17.801455
23887,18,19.7,16.378119
23887,19,18.2,15.139408
23887,20,16.8,14.281984
23887,21,15.4,13.543495
23887,22,14.2,12.960077
23887,23,12.9,12.320339
23887,24,11.9,11.795259
23941,1,18.9,18.211796
23941,2,18.2,16.986824
23941,3,17.6,15.922589
23941,4,16.5,15.123426
23941,5,16.2,14.567052
23941,6,15.9,14.0752735
23941,7,15.4,13.614289
23941,8,15.0,13.147318
23941,9,14.7,12.848621
23941,10,14.4,12.909259
23941,11,13.8,13.289787
23941,12,14.2,14.353963
23941,13,16.6,16.123894
23941,14,19.1,18.184473
23941,15,20.8,20.299782
23941,16,22.0,22.189754
23941,17,23.9,23.66872
23941,18,24.9,24.642614
23941,19,25.4,24.932394
23941,20,25.2,24.650204
23941,21,25.0,23.854496
23941,22,23.7,22.41429
23941,23,22.9,20.878254
23941,24,22.4,19.414011
24579,1,26.4,26.837986
24579,2,26.0,26.858665
24579,3,25.3,26.25542
24579,4,23.9,24.913116
24579,5,21.6,23.415043
24579,6,20.4,21.955496
24579,7,19.9,20.895048
24579,8,19.2,20.040382
24579,9,18.5,19.250057
24579,10,17.6,18.413443
24579,11,17.2,17.593502
24579,12,17.0,16.956882
24579,13,16.7,16.607925
24579,14,16.4,16.44333
24579,15,16.0,16.60026
24579,16,16.1,17.28094
24579,17,17.1,18.477282
24579,18,18.4,20.262743
24579,19,20.4,22.461369
24579,20,22.5,24.565918
24579,21,24.2,26.277943
24579,22,24.9,27.393478
24579,23,26.7,27.948647
24579,24,27.6,28.266228
24793,1,27.7,27.470604
24793,2,28.8,28.802471
24793,3,30.3,29.968027
24793,4,31.6,30.861296
24793,5,32.4,31.41392
24793,6,32.6,31.676346
24793,7,32.7,31.603907
24793,8,32.4,31.261017
24793,9,32.1,30.595638
24793,10,29.7,29.525867
24793,11,29.6,28.52747
24793,12,28.8,27.611366
24793,13,28.1,26.860243
24793,14,27.6,26.29388
24793,15,27.2,25.842255
24793,16,25.8,25.396662
24793,17,25.3,25.029995
24793,18,25.1,24.705744
24793,19,25.1,24.41495
24793,20,25.0,24.117477
24793,21,24.8,23.956417
24793,22,24.7,24.084555
24793,23,25.9,24.56651
24793,24,27.5,25.397474
24839,1,23.0,22.77659
24839,2,23.1,22.771397
24839,3,22.7,22.830498
24839,4,22.3,23.07514
24839,5,23.2,23.475855
24839,6,23.6,24.277225
24839,7,24.5,25.407673
24839,8,27.4,26.676064
24839,9,28.1,27.859241
24839,10,27.1,28.810226
24839,11,28.8,29.423765
24839,12,29.3,29.728228
24839,13,28.3,29.748253
24839,14,27.8,29.450726
24839,15,27.1,28.83486
24839,16,25.4,27.779133
24839,17,23.6,26.763569
24839,18,23.2,25.839869
24839,19,23.3,25.105963
24839,20,23.5,24.622013
24839,21,23.4,24.262022
24839,22,23.8,23.977028
24839,23,22.8,23.68158
24839,24,22.4,23.49949
25300,1,7.5,7.037048
25300,2,7.6,6.977356
25300,3,6.5,6.162912
25300,4,4.3,4.4430304
25300,5,2.6,2.637672
25300,6,1.8,0.87690353
25300,7,0.3,-0.40393972
25300,8,-0.7,-1.1127038
25300,9,-1.3,-1.4577985
25300,10,-2.0,-1.6567101
25300,11,-2.5,-1.817368
25300,12,-2.8,-2.0392776
25300,13,-2.9,-2.3848586
25300,14,-3.1,-2.9669738
25300,15,-3.2,-3.5552964
25300,16,-3.2,-3.839517
25300,17,-3.6,-3.6682382
25300,18,-3.3,-2.8715577
25300,19,-1.9,-1.3893375
25300,20,0.9,0.57437944
25300,21,3.8,2.7909904
25300,22,6.4,4.988637
25300,23,8.8,6.709365
25300,24,10.5,7.811514
25726,1,-3.8,-5.0214376
25726,2,-4.3,-6.1508074
25726,3,-4.7,-6.9578266
25726,4,-4.7,-7.453251
25726,5,-5.0,-7.756646
25726,6,-5.4,-8.101218
25726,7,-5.3,-8.413309
25726,8,-5.7,-8.882666
25726,9,-6.2,-9.224614
25726,10,-6.6,-9.1589775
25726,11,-8.2,-8.690079
25726,12,-8.5,-7.4929576
25726,13,-7.9,-5.4628873
25726,14,-7.0,-3.0606077
25726,15,-4.7,-0.44226098
25726,16,-2.6,2.170669
25726,17,-0.1,4.3364267
25726,18,2.3,5.8627377
25726,19,3.0,6.378063
25726,20,2.3,6.0716515
25726,21,1.1,5.0092945
25726,22,-0.9,3.2282772
25726,23,-0.7,1.3488607
25726,24,-1.1,-0.48119688
26163,1,11.8,10.855932
26163,2,15.1,13.178993
26163,3,17.0,14.793482
26163,4,17.8,15.695432
26163,5,17.9,15.761037
26163,6,17.4,14.944212
26163,7,15.0,12.9442005
26163,8,11.7,10.66618
26163,9,10.0,8.395764
26163,10,8.1,6.1662335
26163,11,6.4,4.469508
26163,12,4.1,3.0958095
26163,13,1.5,2.0928364
26163,14,-0.4,1.2387319
26163,15,-1.6,0.6013913
26163,16,-2.3,-0.03732395
26163,17,-2.7,-0.6633067
26163,18,-2.7,-1.3799787
26163,19,-2.7,-1.9501519
26163,20,-2.5,-2.3043427
26163,21,-2.0,-1.4384551
26163,22,-0.1,0.8926072
26163,23,3.4,4.143113
26163,24,6.8,7.5425315
26232,1,-1.8,-2.0695868
26232,2,-2.0,-2.794511
26232,3,-1.9,-2.955013
26232,4,-1.5,-2.1638775
26232,5,-2.0,-0.6438607
26232,6,-1.8,1.912647
26232,7,1.0,5.263167
26232,8,6.3,8.752803
26232,9,12.0,12.006985
26232,10,16.1,14.839294
26232,11,18.5,16.750942
26232,12,19.9,17.913418
26232,13,20.6,18.262098
26232,14,20.9,17.593218
26232,15,20.2,16.052387
26232,16,18.2,13.519184
26232,17,15.9,11.153119
26232,18,13.5,8.993342
26232,19,9.6,7.1670666
26232,20,6.4,5.7914853
26232,21,4.6,4.6607313
26232,22,3.0,3.6508064
26232,23,1.1,2.5165045
26232,24,-0.1,1.31727
26873,1,9.5,9.681883
26873,2,10.6,10.033695
26873,3,11.3,10.930911
26873,4,12.1,12.3835125
26873,5,12.8,14.0146
26873,6,14.5,15.555948
26873,7,15.4,16.80647
26873,8,16.1,17.766928
26873,9,16.9,18.539963
26873,10,17.4,18.960733
26873,11,16.7,18.920721
26873,12,16.7,18.207153
26873,13,16.8,16.764278
26873,14,16.6,15.256806
26873,15,15.4,13.951817
26873,16,14.2,12.925568
26873,17,13.4,12.172438
26873,18,12.0,11.513441
26873,19,10.9,10.833532
26873,20,10.0,10.189387
26873,21,9.1,9.650098
26873,22,8.3,9.278515
26873,23,7.8,8.922772
26873,24,7.4,8.687005
27009,1,13.9,14.870744
27009,2,15.5,16.313168
27009,3,18.4,19.099628
27009,4,22.4,22.957005
27009,5,26.3,26.980587
27009,6,29.5,30.30346
27009,7,32.5,32.564377
27009,8,34.5,33.802864
27009,9,35.4,34.53454
27009,10,34.4,34.852097
27009,11,31.8,34.652092
27009,12,32.4,33.472595
27009,13,32.1,31.01046
27009,14,30.6,28.341316
27009,15,29.4,25.937874
27009,16,27.9,24.20147
27009,17,24.7,22.950481
27009,18,22.4,21.927391
27009,19,20.7,20.70413
27009,20,19.3,19.298895
27009,21,17.5,18.011177
27009,22,16.4,17.09468
27009,23,15.4,16.34358
27009,24,14.5,15.826354
27574,1,19.6,18.978056
27574,2,19.3,18.483791
27574,3,19.1,18.086481
27574,4,18.9,17.74938
27574,5,18.2,17.480406
27574,6,17.2,17.211887
27574,7,16.6,16.986536
27574,8,16.0,16.666374
27574,9,16.0,16.357807
27574,10,16.2,16.253792
27574,11,15.8,16.453741
27574,12,16.6,17.283993
27574,13,17.6,18.788267
27574,14,18.9,20.5237
27574,15,19.9,22.248857
27574,16,20.5,23.727928
27574,17,21.9,24.84985
27574,18,22.2,25.608149
27574,19,20.9,25.850367
27574,20,21.3,25.652742
27574,21,19.8,24.947721
27574,22,18.5,23.656775
27574,23,17.0,22.321585
27574,24,16.9,21.132921
27968,1,8.2,7.6807985
27968,2,7.3,6.8710375
27968,3,6.4,6.2480836
27968,4,5.0,6.1667647
27968,5,4.1,6.6892757
27968,6,5.3,8.173353
27968,7,8.3,10.554649
27968,8,10.1,13.3589325
27968,9,11.1,16.247272
27968,10,8.0,18.89897
27968,11,10.9,20.781319
27968,12,12.8,21.974892
27968,13,14.6,22.364017
27968,14,14.3,21.84903
27968,15,14.8,20.610374
27968,16,10.6,18.510822
27968,17,9.6,16.503105
27968,18,9.1,14.616434
27968,19,8.7,12.996479
27968,20,8.5,11.8208475
27968,21,8.2,10.917247
27968,22,8.1,10.186226
27968,23,7.9,9.355937
27968,24,7.8,8.494684
28596,1,6.6,6.499975
28596,2,6.0,6.4330378
28596,3,3.3,5.57979
28596,4,2.2,3.7947512
28596,5,2.0,1.8953757
28596,6,0.8,-0.038237095
28596,7,-0.5,-1.6522174
28596,8,-1.5,-2.6921048
28596,9,-2.1,-3.2958932
28596,10,-2.1,-3.57581
28596,11,-2.2,-3.7961555
28596,12,-2.4,-4.0414853
28596,13,-2.4,-4.422148
28596,14,-2.4,-5.0755334
28596,15,-2.2,-5.734098
28596,16,-2.5,-6.0554996
28596,17,-2.1,-5.8833737
28596,18,-1.9,-4.9770665
28596,19,-0.9,-3.1387105
28596,20,1.4,-0.6577325
28596,21,4.9,2.2290285
28596,22,10.1,5.0879
28596,23,12.8,7.343793
28596,24,14.3,8.742823
28839,1,-0.4,-0.38469347
28839,2,-0.8,-0.9886869
28839,3,-1.1,-1.5395478
28839,4,-1.2,-2.1493764
28839,5,-1.8,-2.805903
28839,6,-2.4,-3.4434552
28839,7,-2.2,-3.8293037
28839,8,-2.5,-3.6633859
28839,9,-2.9,-2.4045672
28839,10,-2.3,0.08266929
28839,11,0.9,2.9042668
28839,12,4.0,5.599924
28839,13,6.2,7.883655
28839,14,7.6,9.458218
28839,15,8.3,10.490224
28839,16,8.8,10.728833
28839,17,8.8,10.2046385
28839,18,8.4,8.978442
28839,19,6.2,7.060027
28839,20,4.5,5.350359
28839,21,2.1,3.8515515
28839,22,1.0,2.622917
28839,23,-0.4,1.6186892
28839,24,-1.6,0.7244777
29202,1,-6.6,-6.7725015
29202,2,-4.4,-5.478466
29202,3,-1.3,-3.3662033
29202,4,0.9,-0.6878886
29202,5,3.8,2.0221753
29202,6,6.4,4.449391
29202,7,8.8,6.3087792
29202,8,10.2,7.52296
29202,9,10.4,8.202778
29202,10,11.0,8.307434
29202,11,9.7,7.8775363
29202,12,10.0,6.7827697
29202,13,8.5,5.0828385
29202,14,7.2,3.3537526
29202,15,6.3,1.7906699
29202,16,6.0,0.58844376
29202,17,5.6,-0.28869534
29202,18,5.9,-0.8956604
29202,19,5.5,-1.3920193
29202,20,6.0,-1.8051095
29202,21,5.9,-2.195784
29202,22,5.6,-2.5648084
29202,23,5.4,-3.0129418
29202,24,5.8,-3.302765
29392,1,8.7,8.410455
29392,2,7.4,7.5156984
29392,3,6.4,6.895813
29392,4,5.8,6.9158545
29392,5,5.4,7.505884
29392,6,6.3,8.859006
29392,7,9.5,10.832161
29392,8,12.5,13.115546
29392,9,16.6,15.464436
29392,10,20.6,17.619297
29392,11,23.1,19.121033
29392,12,23.9,19.96279
29392,13,24.1,20.021444
29392,14,23.8,19.400272
29392,15,19.4,18.259388
29392,16,17.5,16.46487
29392,17,16.8,14.772493
29392,18,15.4,13.165309
29392,19,14.7,11.757131
29392,20,13.8,10.692262
29392,21,13.0,9.882987
29392,22,11.5,9.233114
29392,23,9.9,8.50441
29392,24,8.9,7.7671404
29598,1,12.4,11.704978
29598,2,11.3,10.7401
29598,3,10.4,9.825711
29598,4,9.8,9.032998
29598,5,9.5,8.449741
29598,6,8.9,7.9780674
29598,7,8.9,7.594408
29598,8,8.7,7.279652
29598,9,6.2,7.103068
29598,10,5.7,7.239804
29598,11,3.2,7.7023726
29598,12,3.2,8.852966
29598,13,3.4,10.645891
29598,14,4.1,12.568256
29598,15,4.3,14.299974
29598,16,3.7,15.550526
29598,17,4.1,16.369635
29598,18,4.4,16.791971
29598,19,4.7,16.77201
29598,20,4.3,16.424747
29598,21,3.8,15.718809
29598,22,1.8,14.452209
29598,23,1.7,13.146029
29598,24,1.5,11.937696
30001,1,16.7,17.129427
30001,2,17.0,17.887028
30001,3,18.9,19.597357
30001,4,21.4,22.154129
30001,5,23.8,24.981539
30001,6,25.8,27.461048
30001,7,26.1,29.299072
30001,8,27.2,30.496815
30001,9,28.5,31.332525
30001,10,28.9,31.765627
30001,11,29.3,31.687862
30001,12,28.2,30.844902
30001,13,27.8,29.004162
30001,14,24.7,27.006535
30001,15,24.8,25.204918
30001,16,23.4,23.84583
30001,17,21.7,22.859016
30001,18,21.7,22.031948
30001,19,18.2,21.119516
30001,20,17.9,20.118914
30001,21,17.4,19.234926
30001,22,16.3,18.5825
30001,23,15.6,17.99291
30001,24,15.5,17.513046
30149,1,32.2,32.57216
30149,2,31.5,32.551723
30149,3,30.1,31.942566
30149,4,28.3,30.609295
30149,5,27.6,29.125767
30149,6,26.8,27.583727
30149,7,26.3,26.299528
30149,8,25.9,25.419128
30149,9,25.5,24.803085
30149,10,25.0,24.287529
30149,11,24.0,23.885777
30149,12,23.4,23.49679
30149,13,22.8,23.079275
30149,14,22.3,22.604208
30149,15,21.7,22.144537
30149,16,21.3,21.901272
30149,17,20.9,22.022518
30149,18,22.5,22.62136
30149,19,24.7,23.715477
30149,20,26.9,25.140688
30149,21,28.8,26.638084
30149,22,30.3,27.984156
30149,23,31.4,29.01454
30149,24,32.3,29.7821
30324,1,18.1,18.067287
30324,2,19.2,19.163485
30324,3,19.7,19.890516
30324,4,19.8,20.205126
30324,5,19.1,20.106173
30324,6,17.3,19.513973
30324,7,15.5,18.229298
30324,8,16.4,16.943209
30324,9,15.6,15.812263
30324,10,15.1,14.891557
30324,11,14.7,14.255911
30324,12,14.3,13.8046665
30324,13,14.0,13.479739
30324,14,13.7,13.149222
30324,15,13.4,12.816862
30324,16,13.1,12.428549
30324,17,13.0,12.014812
30324,18,12.9,11.578208
30324,19,12.7,11.371453
30324,20,11.4,11.452317
30324,21,12.0,12.321606
30324,22,13.7,13.962601
30324,23,16.2,15.964183
30324,24,18.7,17.859716
30654,1,13.4,13.552573
30654,2,13.1,12.641502
30654,3,12.4,11.702716
30654,4,12.2,10.882072
30654,5,12.0,10.313404
30654,6,11.4,9.888103
30654,7,10.4,9.692364
30654,8,9.3,9.60714
30654,9,8.7,9.534643
30654,10,8.4,9.364906
30654,11,8.4,9.084855
30654,12,8.3,8.77537
30654,13,8.8,8.513834
30654,14,8.9,8.41662
30654,15,9.0,8.637705
30654,16,10.2,9.253585
30654,17,12.5,10.170826
30654,18,15.5,11.227066
30654,19,17.9,12.264861
30654,20,19.1,13.131575
30654,21,19.7,13.8263645
30654,22,20.2,14.275905
30654,23,19.9,14.392869
30654,24,17.6,14.161688
30723,1,13.9,14.046332
30723,2,14.9,15.422149
30723,3,14.6,16.723095
30723,4,15.7,17.729168
30723,5,16.9,18.39402
30723,6,17.6,18.738344
30723,7,18.6,18.750563
30723,8,18.3,18.461185
30723,9,18.8,17.820345
30723,10,18.7,16.844904
30723,11,18.1,16.014034
30723,12,17.9,15.333136
30723,13,17.9,14.830082
30723,14,18.1,14.498309
30723,15,18.2,14.168903
30723,16,18.5,13.79617
30723,17,19.0,13.462107
30723,18,19.1,13.231897
30723,19,18.4,13.066151
30723,20,17.9,12.873407
30723,21,17.9,12.65398
30723,22,18.2,12.504313
30723,23,17.0,12.617011
30723,24,6.7,13.143675
31077,1,11.7,11.265759
31077,2,12.1,11.332862
31077,3,11.9,10.859239
31077,4,10.8,9.738211
31077,5,10.7,8.552087
31077,6,10.3,7.4165754
31077,7,9.9,6.606758
31077,8,9.4,6.151726
31077,9,9.7,5.9106326
31077,10,9.4,5.7648053
31077,11,9.0,5.5983853
31077,12,9.7,5.478749
31077,13,10.3,5.4007897
31077,14,10.4,5.221238
31077,15,10.5,5.125076
31077,16,10.2,5.334962
31077,17,9.3,5.8810616
31077,18,9.3,6.866888
31077,19,9.6,8.312227
31077,20,10.6,9.955158
31077,21,11.0,11.709421
31077,22,11.8,13.377515
31077,23,12.2,14.620155
31077,24,9.2,15.369438
31303,1,23.6,22.704113
31303,2,23.1,21.628908
31303,3,22.2,20.60923
31303,4,20.9,19.73512
31303,5,19.8,19.09901
31303,6,18.9,18.597982
31303,7,18.1,18.213884
31303,8,17.5,17.911217
31303,9,17.1,17.76497
31303,10,16.7,17.94845
31303,11,15.5,18.455153
31303,12,16.6,19.671707
31303,13,18.4,21.559633
31303,14,20.5,23.581635
31303,15,22.5,25.427118
31303,16,24.3,26.80572
31303,17,25.5,27.74917
31303,18,26.6,28.265884
31303,19,27.6,28.28721
31303,20,28.2,27.930721
31303,21,28.1,27.190166
31303,22,27.1,25.875395
31303,23,25.5,24.510237
31303,24,24.3,23.22418
31480,1,14.5,14.140174
31480,2,14.2,13.667484
31480,3,13.9,13.251828
31480,4,13.5,12.849532
31480,5,13.2,12.490378
31480,6,12.9,12.319931
31480,7,12.6,12.500404
31480,8,13.6,13.074204
31480,9,15.8,14.319105
31480,10,18.2,16.200535
31480,11,20.9,18.133066
31480,12,23.1,19.912663
31480,13,25.0,21.495325
31480,14,26.6,22.634302
31480,15,27.8,23.480762
31480,16,28.5,23.845802
31480,17,28.6,23.751102
31480,18,27.9,23.152275
31480,19,26.5,21.95198
31480,20,25.8,20.757576
31480,21,24.5,19.59309
31480,22,23.6,18.542734
31480,23,22.7,17.578772
31480,24,21.9,16.74074
32045,1,35.5,35.20683
32045,2,35.9,35.212467
32045,3,35.5,34.662514
32045,4,34.9,33.428654
32045,5,32.5,32.073814
32045,6,31.4,30.737766
32045,7,30.6,29.761467
32045,8,29.7,29.082718
32045,9,28.0,28.540483
32045,10,24.3,27.978489
32045,11,25.4,27.472652
32045,12,26.7,27.051373
32045,13,26.4,26.745169
32045,14,25.9,26.493813
32045,15,25.7,26.379025
32045,16,25.6,26.591347
32045,17,26.9,27.199696
32045,18,28.5,28.283936
32045,19,30.1,29.733881
32045,20,31.8,31.254383
32045,21,33.4,32.594013
32045,22,34.7,33.5896
32045,23,36.1,34.199165
32045,24,35.3,34.62918
32212,1,31.0,30.684374
32212,2,31.9,31.509735
32212,3,32.8,32.000008
32212,4,33.2,32.13075
32212,5,33.3,31.917124
32212,6,30.7,31.378927
32212,7,27.9,30.374767
32212,8,26.1,29.336462
32212,9,26.2,28.307583
32212,10,26.3,27.366568
32212,11,26.2,26.58079
32212,12,26.0,25.899702
32212,13,25.6,25.329618
32212,14,25.0,24.841331
32212,15,24.4,24.447521
32212,16,23.9,24.095118
32212,17,23.6,23.856552
32212,18,23.4,23.840504
32212,19,23.5,24.300493
32212,20,24.8,25.098698
32212,21,26.7,26.384062
32212,22,28.7,27.991829
32212,23,30.6,29.644854
32212,24,32.7,31.112633
32350,1,30.5,28.76727
32350,2,31.3,28.15086
32350,3,31.8,27.604088
32350,4,31.0,27.210045
32350,5,30.0,26.91195
32350,6,29.2,26.603313
32350,7,28.5,26.305765
32350,8,27.9,25.938988
32350,9,27.4,25.59952
32350,10,27.1,25.337952
32350,11,26.9,25.137993
32350,12,26.5,25.136414
32350,13,26.3,25.47455
32350,14,26.2,26.111412
32350,15,28.1,27.136936
32350,16,29.8,28.424078
32350,17,31.1,29.679234
32350,18,33.0,30.764921
32350,19,34.9,31.549276
32350,20,35.7,32.041965
32350,21,35.8,32.274727
32350,22,35.3,32.19762
32350,23,35.4,31.922264
32350,24,35.3,31.421461
32575,1,30.9,30.547186
32575,2,30.4,29.592882
32575,3,29.6,28.681213
32575,4,28.8,27.901215
32575,5,28.5,27.326267
32575,6,28.0,26.88098
32575,7,27.4,26.547247
32575,8,26.8,26.2645
32575,9,26.3,26.10202
32575,10,25.8,26.221405
32575,11,24.6,26.616692
32575,12,26.1,27.696651
32575,13,28.3,29.453516
32575,14,30.6,31.36799
32575,15,32.9,33.16539
32575,16,34.5,34.577915
32575,17,35.1,35.609726
32575,18,35.6,36.242546
32575,19,36.0,36.391582
32575,20,36.2,36.12926
32575,21,35.7,35.46935
32575,22,34.4,34.25473
32575,23,33.9,32.975723
32575,24,33.1,31.764978
32602,1,22.3,22.619093
32602,2,22.5,23.35457
32602,3,23.8,24.73713
32602,4,25.8,26.65725
32602,5,28.4,28.701519
32602,6,30.7,30.567863
32602,7,32.1,32.04554
32602,8,33.8,33.10916
32602,9,34.8,33.88971
32602,10,35.1,34.303085
32602,11,33.9,34.26184
32602,12,31.8,33.569397
32602,13,31.7,32.169323
32602,14,31.5,30.674355
32602,15,31.0,29.338589
32602,16,30.4,28.307705
32602,17,29.6,27.54773
32602,18,29.1,26.936953
32602,19,28.6,26.336233
32602,20,28.2,25.765793
32602,21,27.8,25.276121
32602,22,27.2,24.927296
32602,23,26.8,24.564024
32602,24,26.5,24.312151
32781,1,35.2,35.674957
32781,2,34.7,35.71237
32781,3,33.4,35.161507
32781,4,32.3,33.892048
32781,5,30.1,32.47907
32781,6,30.2,31.068745
32781,7,30.0,29.994473
32781,8,29.3,29.214054
32781,9,28.9,28.571634
32781,10,28.2,27.93267
32781,11,27.5,27.355398
32781,12,26.7,26.861853
32781,13,26.1,26.479443
32781,14,25.5,26.150368
32781,15,25.1,25.968952
32781,16,24.7,26.129932
32781,17,24.5,26.717838
32781,18,25.3,27.844185
32781,19,27.1,29.435572
32781,20,26.5,31.157461
32781,21,29.8,32.72392
32781,22,33.0,33.922543
32781,23,34.4,34.692635
32781,24,35.2,35.22981
33079,1,17.3,16.880089
33079,2,16.9,16.649206
33079,3,16.5,16.548872
33079,4,15.9,16.46449
33079,5,15.5,16.320675
33079,6,15.6,16.045002
33079,7,15.5,15.770912
33079,8,15.4,15.47675
33079,9,15.2,15.44415
33079,10,16.0,15.899128
33079,11,15.9,16.699907
33079,12,16.2,17.794466
33079,13,17.2,19.089136
33079,14,18.8,20.369034
33079,15,20.9,21.576979
33079,16,21.8,22.564674
33079,17,22.9,23.202324
33079,18,23.4,23.488913
33079,19,23.7,23.242493
33079,20,23.6,22.695446
33079,21,23.0,21.803925
33079,22,21.5,20.63246
33079,23,20.6,19.520357
33079,24,20.0,18.60402
33178,1,18.6,18.937902
33178,2,18.4,19.132488
33178,3,19.5,20.146341
33178,4,21.4,22.07938
33178,5,22.0,24.461452
33178,6,22.1,26.797907
33178,7,24.1,28.630482
33178,8,25.8,29.854626
33178,9,25.9,30.41917
33178,10,26.3,30.218987
33178,11,26.2,29.448284
33178,12,25.4,28.274357
33178,13,23.4,26.654804
33178,14,22.8,25.147879
33178,15,21.6,23.818005
33178,16,20.2,22.706911
33178,17,19.2,21.94042
33178,18,18.4,21.346521
33178,19,16.9,20.88067
33178,20,15.8,20.372599
33178,21,14.9,19.902554
33178,22,14.3,19.332981
33178,23,13.8,18.718681
33178,24,13.6,18.126492
33289,1,16.7,17.206272
33289,2,16.8,17.044254
33289,3,16.6,16.868118
33289,4,16.3,16.870705
33289,5,16.0,17.069736
33289,6,16.3,17.796474
33289,7,17.0,19.020752
33289,8,18.6,20.470524
33289,9,20.7,21.867245
33289,10,22.9,22.970785
33289,11,24.0,23.649158
33289,12,24.0,23.971315
33289,13,24.0,23.989904
33289,14,23.4,23.62752
33289,15,21.4,22.927883
33289,16,19.5,21.731665
33289,17,18.3,20.606968
33289,18,17.3,19.54831
33289,19,16.8,18.66791
33289,20,16.0,18.072687
33289,21,15.3,17.61073
33289,22,14.2,17.261278
33289,23,13.3,16.925787
33289,24,12.7,16.686798
33623,1,18.0,17.043194
33623,2,17.4,16.288761
33623,3,16.9,15.54104
33623,4,16.3,14.927364
33623,5,16.3,14.424054
33623,6,16.2,13.983093
33623,7,16.3,13.590958
33623,8,16.5,13.248587
33623,9,16.4,13.027674
33623,10,15.6,12.971422
33623,11,14.8,13.101778
33623,12,15.0,13.646493
33623,13,16.7,14.676684
33623,14,18.9,15.884492
33623,15,20.7,17.147913
33623,16,22.9,18.162445
33623,17,24.0,18.870321
33623,18,24.5,19.176697
33623,19,24.5,19.063662
33623,20,24.0,18.748947
33623,21,22.0,18.25822
33623,22,20.1,17.5108
33623,23,18.5,16.803352
33623,24,17.3,16.082094
33765,1,10.9,11.591149
33765,2,10.0,11.607533
33765,3,8.7,11.069569
33765,4,6.9,9.849379
33765,5,5.8,8.503719
33765,6,5.0,7.1009836
33765,7,4.3,5.905492
33765,8,3.5,5.10964
33765,9,3.1,4.5961757
33765,10,1.6,4.245962
33765,11,0.8,3.980991
33765,12,0.2,3.736587
33765,13,-0.2,3.4523244
33765,14,-0.6,3.0605564
33765,15,-1.1,2.6652431
33765,16,-1.3,2.4778194
33765,17,-1.4,2.6165667
33765,18,-1.4,3.2153249
33765,19,-0.3,4.3506193
33765,20,1.6,5.8502016
33765,21,3.6,7.5317345
33765,22,5.6,9.143066
33765,23,8.3,10.40729
33765,24,10.0,11.275263
33801,1,-0.6,0.3156323
33801,2,-1.4,0.05822283
33801,3,-1.9,-0.337578
33801,4,-3.6,-0.73995143
33801,5,-4.1,-1.0490508
33801,6,-4.6,-1.1003296
33801,7,-4.5,-0.8464835
33801,8,-4.3,-0.4798389
33801,9,-4.3,-0.2173186
33801,10,-5.4,-0.201361
33801,11,-5.1,-0.18566817
33801,12,-4.8,0.07152474
33801,13,-4.6,0.64164937
33801,14,-4.2,1.2128439
33801,15,-4.3,1.6041746
33801,16,-7.0,1.5415204
33801,17,-7.0,1.3236032
33801,18,-7.3,0.9009501
33801,19,-7.6,0.3064681
33801,20,-7.7,-0.30598694
33801,21,-7.4,-0.9985027
33801,22,-8.6,-1.7545059
33801,23,-8.7,-2.330075
33801,24,-8.8,-2.7247832
34016,1,11.6,12.825486
34016,2,10.3,12.292346
34016,3,9.3,11.8003845
34016,4,8.3,11.250725
34016,5,7.4,10.653179
34016,6,6.8,10.070948
34016,7,6.1,9.716118
34016,8,5.2,9.828903
34016,9,5.2,10.866541
34016,10,6.0,12.97674
34016,11,7.4,15.3984165
34016,12,9.0,17.740368
34016,13,10.5,19.742413
34016,14,12.0,21.144781
34016,15,13.2,22.074564
34016,16,13.9,22.32805
34016,17,14.3,21.949972
34016,18,14.1,21.001112
34016,19,14.3,19.472378
34016,20,13.3,18.088863
34016,21,12.2,16.832802
34016,22,11.8,15.757536
34016,23,11.2,14.850226
34016,24,10.6,14.050315
34137,1,19.9,19.237373
34137,2,19.2,19.096241
34137,3,18.7,19.012783
34137,4,18.5,19.12104
34137,5,18.6,19.372404
34137,6,12.5,19.911985
34137,7,10.2,20.749535
34137,8,11.5,21.69499
34137,9,13.4,22.58062
34137,10,11.6,23.33844
34137,11,10.6,23.912401
34137,12,10.6,24.259884
34137,13,11.4,24.28495
34137,14,11.6,23.979319
34137,15,11.7,23.355782
34137,16,9.3,22.33255
34137,17,9.4,21.385223
34137,18,9.3,20.507633
34137,19,9.4,19.758457
34137,20,9.5,19.196404
34137,21,9.7,18.707705
34137,22,9.0,18.338413
34137,23,8.7,18.054913
34137,24,8.5,17.855448
34461,1,28.0,28.772131
34461,2,27.3,28.832859
34461,3,27.2,28.393566
34461,4,27.0,27.335451
34461,5,25.3,26.154741
34461,6,24.5,24.971012
34461,7,24.0,24.06633
34461,8,23.8,23.446676
34461,9,23.4,22.970896
34461,10,23.4,22.50096
34461,11,22.7,22.086584
34461,12,22.0,21.740707
34461,13,21.4,21.47874
34461,14,20.9,21.24414
34461,15,20.5,21.103968
34461,16,20.2,21.222664
34461,17,20.6,21.671614
34461,18,21.8,22.528095
34461,19,23.2,23.733507
34461,20,24.3,25.05342
34461,21,25.0,26.28917
34461,22,24.6,27.286295
34461,23,25.5,27.962406
34461,24,26.5,28.458029
35225,1,22.1,22.665483
35225,2,21.4,22.51754
35225,3,21.1,22.411266
35225,4,21.0,22.294575
35225,5,21.1,22.164127
35225,6,21.7,22.01886
35225,7,22.0,22.007263
35225,8,21.7,22.14728
35225,9,23.2,22.562555
35225,10,23.5,23.275074
35225,11,24.5,24.135628
35225,12,25.2,24.970247
35225,13,27.0,25.673141
35225,14,25.7,26.170748
35225,15,24.4,26.50322
35225,16,24.6,26.56937
35225,17,24.6,26.410126
35225,18,24.3,25.992033
35225,19,23.1,25.255722
35225,20,23.2,24.537462
35225,21,23.3,23.812952
35225,22,23.2,23.19006
35225,23,23.5,22.712997
35225,24,23.5,22.325428
35445,1,13.2,12.908276
35445,2,14.2,13.299754
35445,3,14.8,13.477137
35445,4,15.0,13.399219
35445,5,14.5,13.128635
35445,6,13.6,12.637468
35445,7,12.3,11.81378
35445,8,11.8,11.107187
35445,9,11.1,10.540677
35445,10,10.4,10.162461
35445,11,9.7,9.888266
35445,12,9.1,9.660996
35445,13,8.5,9.417407
35445,14,7.9,9.14496
35445,15,7.4,8.822768
35445,16,6.9,8.457594
35445,17,6.4,8.137447
35445,18,6.1,7.9560556
35445,19,5.9,8.1737
35445,20,5.3,8.764742
35445,21,6.2,9.794669
35445,22,8.0,11.064486
35445,23,9.2,12.309348
35445,24,11.3,13.327169
36008,1,20.9,21.1018
36008,2,20.9,20.901474
36008,3,20.6,20.724733
36008,4,20.4,20.53715
36008,5,20.4,20.345999
36008,6,20.7,20.114239
36008,7,21.2,19.875254
36008,8,21.3,19.576786
36008,9,20.7,19.287754
36008,10,20.1,19.099403
36008,11,20.4,19.125185
36008,12,20.9,19.569973
36008,13,22.5,20.482252
36008,14,24.1,21.569899
36008,15,25.2,22.674469
36008,16,26.5,23.561195
36008,17,27.4,24.163034
36008,18,28.0,24.480307
36008,19,28.1,24.471882
36008,20,27.6,24.27909
36008,21,26.4,23.822
36008,22,24.6,23.022879
36008,23,23.9,22.24783
36008,24,22.9,21.562107
36247,1,13.4,13.024517
36247,2,12.3,12.136475
36247,3,12.0,11.35177
36247,4,11.5,10.798353
36247,5,11.0,10.427326
36247,6,10.3,10.047324
36247,7,9.9,9.69043
36247,8,9.5,9.270885
36247,9,9.0,8.894764
36247,10,8.7,8.553852
36247,11,8.4,8.181784
36247,12,8.0,7.8768854
36247,13,7.8,7.7928185
36247,14,6.5,8.072405
36247,15,8.5,8.92352
36247,16,11.4,10.303293
36247,17,14.6,11.817357
36247,18,17.0,13.253449
36247,19,18.5,14.41422
36247,20,19.5,15.236444
36247,21,20.1,15.771502
36247,22,20.5,15.956664
36247,23,20.5,15.814492
36247,24,20.0,15.3151045
36423,1,25.8,25.415104
36423,2,24.7,24.161432
36423,3,23.6,23.057037
36423,4,22.6,22.290314
36423,5,21.9,21.78046
36423,6,21.1,21.290243
36423,7,20.9,20.839083
36423,8,20.5,20.342775
36423,9,19.9,19.9082
36423,10,19.5,19.523312
36423,11,19.1,19.139605
36423,12,18.7,18.847628
36423,13,18.9,18.790382
36423,14,20.6,19.123484
36423,15,21.5,20.01439
36423,16,22.9,21.396683
36423,17,24.9,22.92468
36423,18,26.1,24.33987
36423,19,25.9,25.417006
36423,20,26.4,26.121326
36423,21,26.7,26.470442
36423,22,27.3,26.385643
36423,23,27.5,25.985592
36423,24,26.6,25.2668
36805,1,33.5,33.568245
36805,2,33.9,33.859146
36805,3,33.0,33.86905
36805,4,32.3,33.543816
36805,5,31.6,32.995964
36805,6,30.8,32.159252
36805,7,29.4,30.93692
36805,8,28.1,29.933603
36805,9,27.5,29.192713
36805,10,26.7,28.744198
36805,11,26.4,28.467682
36805,12,26.5,28.200272
36805,13,26.7,27.821444
36805,14,26.4,27.3496
36805,15,26.1,26.752552
36805,16,26.0,26.06448
36805,17,25.7,25.44632
36805,18,25.3,25.007877
36805,19,25.4,25.077578
36805,20,26.4,25.703842
36805,21,27.9,26.895817
36805,22,29.4,28.390686
36805,23,30.4,29.885176
36805,24,31.3,31.113628
36826,1,24.5,24.348846
36826,2,24.0,24.153608
36826,3,23.1,24.20654
36826,4,22.3,24.704977
36826,5,22.0,25.522179
36826,6,22.7,26.755825
36826,7,24.9,28.242521
36826,8,27.1,29.753193
36826,9,28.4,31.07481
36826,10,29.1,32.019386
36826,11,29.7,32.484688
36826,12,29.8,32.554695
36826,13,29.7,32.22535
36826,14,29.7,31.591318
36826,15,28.8,30.708136
36826,16,27.3,29.470264
36826,17,26.0,28.364754
36826,18,25.3,27.350748
36826,19,25.1,26.503859
36826,20,24.9,25.860874
36826,21,24.5,25.349188
36826,22,24.2,24.905622
36826,23,23.9,24.44747
36826,24,23.5,24.045813
37932,1,26.5,26.248125
37932,2,28.3,28.233074
37932,3,30.0,29.956945
37932,4,30.2,31.274612
37932,5,31.8,32.04271
37932,6,32.3,32.33797
37932,7,29.6,32.084408
37932,8,29.3,31.384838
37932,9,29.3,30.252413
37932,10,28.4,28.644138
37932,11,27.8,27.241528
37932,12,27.1,26.030449
37932,13,26.3,25.149158
37932,14,25.8,24.53507
37932,15,25.4,24.108831
37932,16,25.5,23.708685
37932,17,24.7,23.376492
37932,18,24.3,23.042608
37932,19,24.0,22.6463
37932,20,23.7,22.130068
37932,21,23.4,21.826618
37932,22,23.1,22.03134
37932,23,23.4,22.826286
37932,24,24.8,24.14944
38421,1,15.7,15.80631
38421,2,17.1,16.38369
38421,3,17.8,16.671791
38421,4,18.0,16.63024
38421,5,18.1,16.338688
38421,6,17.7,15.763018
38421,7,16.2,14.765512
38421,8,15.1,13.864171
38421,9,15.0,13.10936
38421,10,14.9,12.582357
38421,11,14.9,12.187031
38421,12,15.0,11.861761
38421,13,16.2,11.538182
38421,14,16.3,11.167187
38421,15,15.9,10.771513
38421,16,14.9,10.362661
38421,17,14.4,10.023163
38421,18,15.6,9.877745
38421,19,15.4,10.239307
38421,20,15.6,11.040875
38421,21,16.2,12.423016
38421,22,17.6,14.158706
38421,23,19.1,15.8716
38421,24,19.8,17.250011
38428,1,17.6,17.286577
38428,2,19.1,18.464266
38428,3,19.8,19.540207
38428,4,21.2,20.336464
38428,5,21.8,20.790485
38428,6,22.9,20.905718
38428,7,22.8,20.626173
38428,8,21.9,20.122906
38428,9,18.0,19.40165
38428,10,15.7,18.505156
38428,11,13.0,17.799965
38428,12,12.6,17.274933
38428,13,12.3,16.944757
38428,14,11.8,16.775473
38428,15,11.2,16.601925
38428,16,11.6,16.371788
38428,17,11.3,16.139294
38428,18,10.1,15.942795
38428,19,9.3,15.780316
38428,20,8.6,15.598229
38428,21,7.9,15.480878
38428,22,7.8,15.503936
38428,23,7.2,15.792957
38428,24,7.4,16.434559
38826,1,-3.3,-3.6665382
38826,2,-3.1,-3.7746677
38826,3,-2.8,-3.9190798
38826,4,-3.1,-4.0253963
38826,5,-3.0,-4.012579
38826,6,-3.0,-3.7005687
38826,7,-2.6,-2.9672287
38826,8,-2.2,-2.0533504
38826,9,-1.3,-1.1534784
38826,10,-0.8,-0.41040564
38826,11,1.1,0.15882492
38826,12,2.6,0.5050583
38826,13,3.5,0.61341524
38826,14,3.8,0.44470072
38826,15,3.3,0.06586075
38826,16,2.2,-0.5404799
38826,17,1.1,-1.0492082
38826,18,0.4,-1.5056818
38826,19,-0.1,-1.961402
38826,20,-0.7,-2.3425303
38826,21,-1.3,-2.7042406
38826,22,-2.4,-2.9237208
38826,23,-3.0,-3.1052508
38826,24,-3.3,-3.2383902
39403,1,15.3,15.969588
39403,2,16.2,17.373125
39403,3,18.8,19.267265
39403,4,21.3,21.407719
39403,5,23.4,23.44611
39403,6,24.6,25.185093
39403,7,25.3,26.463688
39403,8,25.8,27.252792
39403,9,25.2,27.66827
39403,10,25.3,27.630367
39403,11,25.4,27.24378
39403,12,24.4,26.355734
39403,13,23.4,24.988888
39403,14,22.0,23.598495
39403,15,21.4,22.355114
39403,16,20.9,21.384804
39403,17,20.6,20.648361
39403,18,20.2,20.086723
39403,19,19.5,19.540825
39403,20,19.0,19.010603
39403,21,18.8,18.532782
39403,22,18.6,18.207012
39403,23,18.5,17.963314
39403,24,18.4,18.002193
39629,1,26.7,27.52879
39629,2,28.9,27.78634
39629,3,29.5,27.825272
39629,4,29.8,27.597565
39629,5,29.1,27.182467
39629,6,29.3,26.560951
39629,7,27.9,25.649855
39629,8,26.8,24.884981
39629,9,26.0,24.264822
39629,10,25.6,23.829287
39629,11,21.7,23.504366
39629,12,21.5,23.192719
39629,13,20.8,22.823858
39629,14,20.5,22.439774
39629,15,20.2,21.991814
39629,16,19.9,21.492758
39629,17,19.6,21.079605
39629,18,18.9,20.875092
39629,19,18.5,21.147459
39629,20,18.2,21.860888
39629,21,17.7,22.940517
39629,22,18.3,24.132263
39629,23,19.4,25.243097
39629,24,20.3,26.152575
39797,1,21.8,24.301285
39797,2,21.0,25.0475
39797,3,21.0,25.586714
39797,4,21.6,25.814734
39797,5,22.0,25.773798
39797,6,22.0,25.449467
39797,7,22.6,24.74313
39797,8,22.3,24.032951
39797,9,21.6,23.346458
39797,10,21.3,22.773632
39797,11,21.0,22.34609
39797,12,20.9,22.021591
39797,13,20.7,21.75464
39797,14,20.8,21.493599
39797,15,20.7,21.19508
39797,16,20.7,20.86857
39797,17,20.7,20.591288
39797,18,20.6,20.481419
39797,19,19.7,20.752062
39797,20,21.0,21.324148
39797,21,22.7,22.26809
39797,22,24.9,23.435225
39797,23,26.3,24.62542
39797,24,27.2,25.681475
39988,1,27.5,27.371323
39988,2,27.3,28.285818
39988,3,26.6,29.051338
39988,4,29.0,29.54078
39988,5,29.6,29.759302
39988,6,25.9,29.69851
39988,7,25.4,29.293415
39988,8,25.6,28.807652
39988,9,25.7,28.234486
39988,10,24.0,27.591328
39988,11,24.5,27.07725
39988,12,24.6,26.655928
39988,13,24.7,26.307487
39988,14,24.4,26.010487
39988,15,24.2,25.677673
39988,16,24.7,25.286318
39988,17,25.5,24.91787
39988,18,24.7,24.629137
39988,19,24.5,24.531206
39988,20,23.5,24.605331
39988,21,23.3,24.934631
39988,22,24.0,25.499613
39988,23,24.3,26.233885
39988,24,24.4,27.067154
40167,1,28.7,28.47931
40167,2,29.1,28.84785
40167,3,29.1,28.83799
40167,4,28.8,28.408356
40167,5,27.1,27.716444
40167,6,25.2,26.801666
40167,7,25.4,25.5873
40167,8,22.9,24.490643
40167,9,22.0,23.472069
40167,10,21.9,22.647423
40167,11,22.7,21.922129
40167,12,22.1,21.163181
40167,13,21.7,20.314407
40167,14,21.2,19.459595
40167,15,20.8,18.628365
40167,16,20.3,17.852928
40167,17,17.6,17.35601
40167,18,17.2,17.427986
40167,19,17.2,18.475954
40167,20,18.8,20.241055
40167,21,21.1,22.442982
40167,22,23.1,24.607807
40167,23,24.8,26.447996
40167,24,26.2,27.82021
40218,1,13.2,13.495393
40218,2,13.4,12.85924
40218,3,12.9,12.278091
40218,4,12.2,11.72949
40218,5,11.7,11.227628
40218,6,11.4,10.730836
40218,7,11.0,10.345266
40218,8,9.8,10.106196
40218,9,7.7,10.259335
40218,10,8.2,11.026814
40218,11,10.6,12.1394005
40218,12,12.4,13.633653
40218,13,14.0,15.35991
40218,14,15.8,16.952843
40218,15,17.5,18.307652
40218,16,19.0,19.234781
40218,17,20.4,19.74253
40218,18,21.6,19.855951
40218,19,21.5,19.484787
40218,20,18.6,18.886858
40218,21,16.9,18.041945
40218,22,14.9,16.92328
40218,23,13.2,15.836583
40218,24,12.6,14.852926
40318,1,15.7,15.8885765
40318,2,17.0,17.272877
40318,3,18.0,18.304886
40318,4,18.7,19.011637
40318,5,19.0,19.269485
40318,6,18.7,19.203865
40318,7,17.7,18.729017
40318,8,15.4,18.02161
40318,9,14.1,17.035313
40318,10,12.8,15.613628
40318,11,11.5,14.291679
40318,12,10.3,12.985116
40318,13,9.2,11.860552
40318,14,8.2,10.9720955
40318,15,7.5,10.330135
40318,16,6.7,9.715628
40318,17,6.0,9.2158985
40318,18,5.5,8.7254715
40318,19,5.3,8.294601
40318,20,4.2,7.948103
40318,21,4.0,7.9911933
40318,22,4.9,8.643381
40318,23,8.2,9.80735
40318,24,11.8,11.296507
40797,1,-1.1,0.48052144
40797,2,1.7,2.068212
40797,3,5.9,4.323104
40797,4,11.5,6.9961705
40797,5,14.1,9.573345
40797,6,15.2,11.73968
40797,7,15.7,13.2076645
40797,8,15.5,13.948207
40797,9,15.0,14.090658
40797,10,14.2,13.643623
40797,11,12.7,12.858432
40797,12,11.2,11.685493
40797,13,10.4,10.179822
40797,14,8.9,8.751942
40797,15,8.0,7.5017633
40797,16,7.2,6.5578647
40797,17,6.4,5.8728223
40797,18,5.7,5.3651686
40797,19,4.8,4.8533955
40797,20,3.6,4.2699804
40797,21,3.8,3.7248535
40797,22,3.9,3.3133352
40797,23,4.3,3.0282218
40797,24,4.2,3.032768
40812,1,3.6,2.9045658
40812,2,3.7,2.6225138
40812,3,3.5,2.7514935
40812,4,3.1,3.4917204
40812,5,4.4,4.651709
40812,6,6.9,6.201272
40812,7,8.6,7.8850274
40812,8,9.8,9.498993
40812,9,10.8,10.842154
40812,10,11.4,11.763039
40812,11,11.7,12.158258
40812,12,11.7,12.1424265
40812,13,11.1,11.681065
40812,14,9.0,10.952248
40812,15,8.1,9.992314
40812,16,6.9,8.726068
40812,17,4.9,7.612518
40812,18,3.8,6.626337
40812,19,3.2,5.846879
40812,20,2.8,5.2562265
40812,21,2.3,4.7959557
40812,22,1.7,4.3284
40812,23,1.1,3.7788434
40812,24,1.5,3.236404
41059,1,5.7,4.0885515
41059,2,5.5,3.7062063
41059,3,5.2,3.2728364
41059,4,5.4,2.8529944
41059,5,5.4,2.5684721
41059,6,4.8,2.706398
41059,7,4.2,3.4578977
41059,8,4.1,4.6269245
41059,9,4.2,6.208654
41059,10,5.0,8.0230055
41059,11,5.3,9.684579
41059,12,6.2,11.070599
41059,13,7.1,12.159979
41059,14,8.0,12.731356
41059,15,9.1,12.932093
41059,16,9.2,12.617722
41059,17,8.6,12.080738
41059,18,8.1,11.266308
41059,19,8.1,10.081423
41059,20,8.0,8.949255
41059,21,8.5,7.8772182
41059,22,10.1,7.022874
41059,23,10.0,6.2729406
41059,24,9.0,5.6743364
41369,1,23.3,23.634613
41369,2,21.5,22.533545
41369,3,19.9,21.303026
41369,4,18.2,20.16226
41369,5,17.0,19.109776
41369,6,16.2,18.197754
41369,7,15.6,17.435734
41369,8,14.6,16.669746
41369,9,13.2,16.028263
41369,10,12.4,15.643485
41369,11,12.4,15.455569
41369,12,12.0,15.901403
41369,13,14.5,17.183296
41369,14,18.7,18.848352
41369,15,22.4,20.843403
41369,16,24.9,22.856438
41369,17,26.8,24.710608
41369,18,28.2,26.238964
41369,19,29.2,27.29525
41369,20,29.8,27.811829
41369,21,30.0,27.809284
41369,22,29.7,27.169807
41369,23,28.9,26.320696
41369,24,26.8,25.364536
41983,1,40.5,40.716137
41983,2,40.7,41.302475
41983,3,40.8,41.434082
41983,4,40.8,41.111996
41983,5,40.3,40.45298
41983,6,39.3,39.64564
41983,7,36.3,38.6105
41983,8,34.5,37.4606
41983,9,33.3,36.084213
41983,10,32.8,34.665375
41983,11,30.5,33.263393
41983,12,29.5,31.837412
41983,13,27.2,30.473522
41983,14,25.9,29.318743
41983,15,25.1,28.449875
41983,16,24.4,27.831295
41983,17,26.0,27.709824
41983,18,28.3,28.466755
41983,19,31.2,30.484924
41983,20,34.3,33.154007
41983,21,36.6,35.960865
41983,22,38.4,38.33289
41983,23,39.7,40.15484
41983,24,40.7,41.514877
41992,1,41.2,40.723896
41992,2,41.0,39.91452
41992,3,40.3,38.76901
41992,4,37.9,37.355675
41992,5,35.8,36.020786
41992,6,34.2,34.784912
41992,7,32.7,33.862114
41992,8,30.8,32.993996
41992,9,29.0,32.10228
41992,10,27.6,31.14191
41992,11,27.0,30.12386
41992,12,26.9,29.371262
41992,13,26.0,29.017452
41992,14,26.7,29.049664
41992,15,28.6,29.592241
41992,16,31.8,30.844286
41992,17,34.5,32.714127
41992,18,36.6,35.08071
41992,19,38.4,37.625965
41992,20,40.2,39.718277
41992,21,41.6,41.1289
41992,22,42.3,41.64901
41992,23,42.8,41.497623
41992,24,43.4,41.093914
42350,1,34.1,33.73338
42350,2,35.8,35.5772
42350,3,37.0,36.958282
42350,4,37.6,37.863823
42350,5,38.0,38.322037
42350,6,38.0,38.417023
42350,7,37.8,38.04705
42350,8,37.1,37.452507
42350,9,36.2,36.555283
42350,10,33.9,35.21426
42350,11,31.4,33.92524
42350,12,30.4,32.581066
42350,13,28.9,31.269672
42350,14,27.8,29.987387
42350,15,26.2,28.875248
42350,16,24.7,27.780128
42350,17,23.8,26.84956
42350,18,22.7,26.113129
42350,19,21.6,25.787766
42350,20,22.0,25.843994
42350,21,23.4,26.703836
42350,22,25.7,28.491007
42350,23,28.6,30.755178
42350,24,31.5,32.99043
42466,1,34.6,34.80731
42466,2,32.5,33.557705
42466,3,31.0,32.371887
42466,4,29.8,31.319284
42466,5,28.7,30.421938
42466,6,27.7,29.65114
42466,7,26.9,29.250755
42466,8,26.9,29.251942
42466,9,28.2,30.061813
42466,10,30.7,31.891731
42466,11,33.8,34.02965
42466,12,36.8,36.20053
42466,13,40.0,38.07755
42466,14,42.0,39.5098
42466,15,42.4,40.64418
42466,16,42.8,41.397415
42466,17,42.7,41.81549
42466,18,42.3,41.842934
42466,19,41.7,41.2482
42466,20,41.2,40.364277
42466,21,40.2,39.233227
42466,22,38.5,37.965286
42466,23,37.4,36.67765
42466,24,35.5,35.48045
43144,1,27.1,27.102806
43144,2,24.6,26.30789
43144,3,23.2,25.122482
43144,4,21.5,23.625439
43144,5,20.0,22.259048
43144,6,18.7,21.07843
43144,7,17.3,20.350044
43144,8,16.2,19.775208
43144,9,15.4,19.197643
43144,10,13.8,18.501392
43144,11,13.2,17.688574
43144,12,13.1,17.014986
43144,13,13.5,16.605183
43144,14,12.8,16.446125
43144,15,12.3,16.73573
43144,16,13.6,17.694542
43144,17,17.1,19.285936
43144,18,20.6,21.4108
43144,19,22.8,23.79948
43144,20,25.1,25.886595
43144,21,26.5,27.463081
43144,22,27.4,28.339314
43144,23,27.9,28.556828
43144,24,27.8,28.387806
43251,1,17.5,17.210316
43251,2,17.5,16.703205
43251,3,16.7,16.139145
43251,4,16.7,15.610334
43251,5,16.9,15.202553
43251,6,16.5,15.112688
43251,7,17.0,15.548944
43251,8,17.6,16.371872
43251,9,18.3,17.58389
43251,10,19.6,19.120602
43251,11,20.0,20.661505
43251,12,22.3,21.983458
43251,13,23.3,22.91433
43251,14,23.8,23.33184
43251,15,23.2,23.327377
43251,16,23.1,22.78312
43251,17,21.8,22.06577
43251,18,21.4,21.164635
43251,19,21.1,20.03087
43251,20,20.0,19.001259
43251,21,19.3,18.025965
43251,22,19.1,17.257805
43251,23,18.9,16.635918
43251,24,18.4,16.153944
43414,1,10.8,9.889255
43414,2,12.5,11.7500725
43414,3,13.3,13.328381
43414,4,13.9,14.513353
43414,5,14.0,15.17851
43414,6,13.9,15.405441
43414,7,12.7,15.110859
43414,8,11.4,14.425871
43414,9,10.3,13.35048
43414,10,9.4,11.834675
43414,11,8.0,10.507974
43414,12,7.1,9.335418
43414,13,6.1,8.447097
43414,14,5.1,7.795314
43414,15,4.4,7.3251534
43414,16,3.8,6.8705254
43414,17,3.3,6.485117
43414,18,3.0,6.113801
43414,19,3.0,5.7384114
43414,20,2.4,5.3108587
43414,21,2.1,5.1702347
43414,22,1.9,5.5804267
43414,23,4.4,6.5486126
43414,24,7.5,7.9597435
44273,1,30.5,29.977665
44273,2,29.0,28.371359
44273,3,26.9,26.620754
44273,4,24.8,25.04079
44273,5,23.9,23.60272
44273,6,22.9,22.324339
44273,7,22.9,21.158175
44273,8,22.7,20.142452
44273,9,21.9,19.415718
44273,10,20.9,19.127853
44273,11,19.6,19.181923
44273,12,19.0,19.972952
44273,13,20.7,21.623886
44273,14,23.7,23.551003
44273,15,27.3,25.557941
44273,16,29.7,27.23633
44273,17,31.7,28.619612
44273,18,33.2,29.528872
44273,19,34.3,29.932726
44273,20,34.7,29.961887
44273,21,34.7,29.620892
44273,22,34.2,28.72604
44273,23,33.3,27.778189
44273,24,30.4,26.767054
44278,1,29.7,28.856756
44278,2,31.7,30.476328
44278,3,33.2,31.700142
44278,4,34.3,32.543873
44278,5,34.7,32.91526
44278,6,34.7,32.93613
44278,7,34.2,32.527855
44278,8,33.3,31.82492
44278,9,30.4,30.760498
44278,10,28.7,29.135788
44278,11,27.3,27.591324
44278,12,26.0,26.033504
44278,13,25.0,24.627493
44278,14,23.2,23.452738
44278,15,21.5,22.54406
44278,16,20.3,21.675827
44278,17,19.5,20.989222
44278,18,18.5,20.376205
44278,19,18.0,19.890049
44278,20,16.9,19.52766
44278,21,16.4,19.587193
44278,22,18.6,20.297419
44278,23,22.2,21.579226
44278,24,26.0,23.225754
44387,1,14.0,14.358979
44387,2,13.4,13.681297
44387,3,12.8,12.955744
44387,4,12.0,12.434269
44387,5,11.4,12.354893
44387,6,11.4,13.233616
44387,7,14.4,15.316293
44387,8,18.7,17.846422
44387,9,22.1,20.408108
44387,10,24.9,22.626305
44387,11,26.8,24.32099
44387,12,28.3,25.60814
44387,13,29.3,26.610771
44387,14,29.9,26.9013
44387,15,29.8,26.650188
44387,16,29.0,25.824528
44387,17,28.8,25.13626
44387,18,26.1,24.41629
44387,19,24.6,23.379429
44387,20,23.5,22.20228
44387,21,22.0,20.930243
44387,22,20.3,19.884655
44387,23,19.5,18.87002
44387,24,18.3,18.015276
44716,1,23.7,23.922998
44716,2,22.5,24.1022
44716,3,23.9,24.940794
44716,4,26.3,26.581373
44716,5,28.5,28.5946
44716,6,30.5,30.679815
44716,7,31.5,32.53967
44716,8,32.4,33.996067
44716,9,33.6,35.075684
44716,10,34.3,35.78931
44716,11,34.4,36.109222
44716,12,34.5,36.023384
44716,13,33.6,35.327175
44716,14,32.4,34.3027
44716,15,31.2,33.075497
44716,16,29.6,31.665758
44716,17,29.7,30.467405
44716,18,29.0,29.346476
44716,19,27.9,28.210627
44716,20,26.5,27.023664
44716,21,25.0,25.98992
44716,22,23.3,25.194223
44716,23,23.5,24.571634
44716,24,23.6,24.07222
44900,1,23.7,24.352842
44900,2,23.7,24.61731
44900,3,25.7,25.61168
44900,4,28.1,27.479815
44900,5,30.5,29.676714
44900,6,32.0,31.982164
44900,7,33.1,34.06401
44900,8,34.7,35.68807
44900,9,35.8,36.863068
44900,10,36.4,37.67357
44900,11,36.6,38.07807
44900,12,36.4,38.090652
44900,13,36.0,37.58256
44900,14,35.2,36.69577
44900,15,34.1,35.530624
44900,16,32.9,34.09511
44900,17,32.2,32.8531
44900,18,31.6,31.68488
44900,19,30.8,30.50211
44900,20,29.2,29.287834
44900,21,27.8,28.228151
44900,22,26.8,27.433264
44900,23,25.9,26.811518
44900,24,25.1,26.292002
45030,1,30.4,32.412727
45030,2,32.0,34.204525
45030,3,33.4,35.714985
45030,4,34.8,36.809776
45030,5,35.4,37.49615
45030,6,35.3,37.798477
45030,7,36.7,37.663845
45030,8,36.5,37.21277
45030,9,35.5,36.385963
45030,10,34.5,35.091217
45030,11,33.6,33.876167
45030,12,32.8,32.716488
45030,13,33.3,31.661034
45030,14,32.4,30.706018
45030,15,31.4,29.855536
45030,16,30.4,29.017817
45030,17,29.3,28.31378
45030,18,28.4,27.770927
45030,19,27.5,27.464008
45030,20,27.5,27.323265
45030,21,29.7,27.591776
45030,22,31.9,28.400164
45030,23,33.7,29.627748
45030,24,35.7,31.070398
45587,1,11.5,11.86645
45587,2,10.8,11.619299
45587,3,10.0,11.469335
45587,4,8.8,11.295826
45587,5,7.9,11.058924
45587,6,7.2,10.692059
45587,7,6.5,10.35011
45587,8,6.4,10.108055
45587,9,6.2,10.272516
45587,10,7.1,11.046547
45587,11,9.0,12.193823
45587,12,11.4,13.538234
45587,13,13.4,14.898298
45587,14,15.0,16.090652
45587,15,16.3,17.067606
45587,16,17.6,17.65284
45587,17,18.5,17.800816
45587,18,18.8,17.5663
45587,19,17.4,16.849205
45587,20,14.9,16.019384
45587,21,13.7,15.010651
45587,22,12.8,13.865187
45587,23,12.1,12.851359
45587,24,10.9,12.04236
45680,1,17.4,16.326426
45680,2,18.3,16.37409
45680,3,18.1,16.004593
45680,4,17.2,15.116511
45680,5,15.1,14.109364
45680,6,14.5,12.984663
45680,7,13.8,11.879614
45680,8,13.0,11.160859
45680,9,12.2,10.7660055
45680,10,11.5,10.603869
45680,11,11.7,10.542427
45680,12,11.1,10.47299
45680,13,10.5,10.293793
45680,14,10.4,9.956541
45680,15,9.9,9.516211
45680,16,9.5,9.130022
45680,17,9.6,8.921717
45680,18,9.8,8.990477
45680,19,9.4,9.505327
45680,20,10.4,10.457283
45680,21,12.6,11.78425
45680,22,13.3,13.266794
45680,23,13.9,14.569906
45680,24,14.8,15.512457
45866,1,11.9,11.65252
45866,2,11.4,10.845556
45866,3,10.7,10.226152
45866,4,10.0,9.803423
45866,5,9.5,9.490873
45866,6,9.0,9.114769
45866,7,8.4,8.69466
45866,8,8.2,8.112671
45866,9,7.9,7.5675836
45866,10,7.8,7.2216578
45866,11,7.0,7.1739635
45866,12,7.2,7.7118855
45866,13,7.2,8.926231
45866,14,7.8,10.600358
45866,15,9.3,12.538899
45866,16,11.2,14.477416
45866,17,13.6,16.0858
45866,18,15.3,17.273642
45866,19,16.5,17.767136
45866,20,16.7,17.62469
45866,21,16.4,16.806894
45866,22,15.4,15.24012
45866,23,13.1,13.561357
45866,24,11.8,12.100423
46260,1,7.0,7.4049745
46260,2,6.7,7.21502
46260,3,6.8,6.8428783
46260,4,7.5,6.485731
46260,5,6.4,6.3489933
46260,6,6.1,7.129627
46260,7,7.6,8.993466
46260,8,11.6,11.411012
46260,9,15.2,14.030539
46260,10,18.0,16.651632
46260,11,20.0,18.830257
46260,12,21.5,20.494448
46260,13,22.2,21.56836
46260,14,22.6,21.620403
46260,15,21.8,20.738874
46260,16,19.7,18.748623
46260,17,18.2,16.719053
46260,18,15.2,14.828675
46260,19,13.8,13.212769
46260,20,13.3,12.095251
46260,21,12.4,11.187505
46260,22,11.6,10.540241
46260,23,11.0,9.944605
46260,24,10.8,9.538595
46410,1,14.5,14.319443
46410,2,14.2,13.79719
46410,3,14.5,13.390102
46410,4,14.6,13.076427
46410,5,14.4,12.848396
46410,6,14.1,12.610138
46410,7,13.4,12.406576
46410,8,12.9,12.077627
46410,9,12.6,11.7274
46410,10,12.4,11.5058
46410,11,12.3,11.533277
46410,12,12.5,12.074441
46410,13,13.5,13.198767
46410,14,15.2,14.625106
46410,15,17.2,16.176382
46410,16,19.1,17.628967
46410,17,21.0,18.805773
46410,18,22.8,19.684652
46410,19,21.4,20.087376
46410,20,20.0,20.053616
46410,21,20.4,19.496933
46410,22,20.4,18.335287
46410,23,18.6,17.077837
46410,24,16.7,15.946297
46951,1,23.7,23.669437
46951,2,23.0,25.048395
46951,3,22.6,25.98122
46951,4,21.3,26.430393
46951,5,20.3,26.348175
46951,6,21.0,25.649563
46951,7,21.1,24.10792
46951,8,19.0,22.488989
46951,9,18.8,20.999924
46951,10,17.3,19.692356
46951,11,16.9,18.754993
46951,12,16.2,18.063873
46951,13,15.8,17.584991
46951,14,15.3,17.1668
46951,15,15.1,16.80633
46951,16,15.1,16.405518
46951,17,15.1,15.979635
46951,18,15.0,15.488895
46951,19,14.9,15.161106
46951,20,15.3,15.065552
46951,21,15.9,15.831302
46951,22,16.4,17.515783
46951,23,17.1,19.718433
46951,24,18.0,21.929213
47502,1,19.5,20.661976
47502,2,22.0,24.241894
47502,3,24.9,27.647278
47502,4,27.9,30.341349
47502,5,30.7,32.41767
47502,6,32.8,33.86791
47502,7,33.2,34.54138
47502,8,32.7,34.38576
47502,9,32.0,33.328808
47502,10,30.6,31.08541
47502,11,28.0,28.771664
47502,12,25.6,26.712536
47502,13,23.8,25.113771
47502,14,22.7,23.90583
47502,15,22.2,22.825489
47502,16,21.9,21.776087
47502,17,21.3,20.86541
47502,18,20.6,20.20425
47502,19,20.0,19.607992
47502,20,19.6,18.833635
47502,21,19.0,18.070797
47502,22,18.5,17.41586
47502,23,17.7,17.33883
47502,24,17.6,18.340752
47551,1,25.4,24.94817
47551,2,28.1,26.617182
47551,3,29.7,27.807186
47551,4,29.7,28.492794
47551,5,29.0,28.580153
47551,6,28.0,28.016115
47551,7,26.9,26.554096
47551,8,26.1,24.919039
47551,9,24.1,23.325468
47551,10,22.2,21.817345
47551,11,21.1,20.695438
47551,12,20.2,19.847866
47551,13,19.6,19.289793
47551,14,19.4,18.842482
47551,15,19.2,18.518654
47551,16,18.9,18.172943
47551,17,18.7,17.797705
47551,18,18.2,17.31675
47551,19,17.6,16.920176
47551,20,17.9,16.66335
47551,21,18.0,17.290237
47551,22,19.6,18.953264
47551,23,21.9,21.253227
47551,24,24.5,23.651386
47589,1,22.1,21.78445
47589,2,21.3,21.89928
47589,3,21.6,23.032856
47589,4,23.4,25.169163
47589,5,26.0,27.879078
47589,6,29.4,30.541237
47589,7,32.8,32.80128
47589,8,35.8,34.57248
47589,9,38.1,35.944405
47589,10,38.8,36.73301
47589,11,37.6,36.75061
47589,12,34.7,35.862617
47589,13,32.6,33.83983
47589,14,30.4,31.63628
47589,15,28.6,29.560833
47589,16,27.1,27.843891
47589,17,26.1,26.564682
47589,18,25.5,25.59627
47589,19,25.3,24.819834
47589,20,24.9,24.169064
47589,21,24.3,23.595945
47589,22,23.5,22.929052
47589,23,22.8,22.040428
47589,24,22.3,21.11941
48301,1,8.3,8.965785
48301,2,7.7,8.762901
48301,3,7.7,9.149206
48301,4,8.3,10.243938
48301,5,10.4,11.761423
48301,6,12.5,13.5138855
48301,7,14.1,15.232906
48301,8,15.4,16.798037
48301,9,16.2,18.123283
48301,10,16.4,19.027813
48301,11,16.3,19.317484
48301,12,15.7,18.963243
48301,13,14.9,17.918304
48301,14,13.6,16.68393
48301,15,12.9,15.425484
48301,16,12.5,14.173599
48301,17,12.0,13.1651
48301,18,11.3,12.326046
48301,19,10.2,11.673883
48301,20,9.8,11.213257
48301,21,9.6,10.861452
48301,22,9.8,10.475543
48301,23,9.9,9.91222
48301,24,9.7,9.309248
48444,1,12.7,12.596024
48444,2,12.4,12.108707
48444,3,12.1,11.4557
48444,4,10.4,10.861795
48444,5,9.0,10.5316
48444,6,9.0,10.982649
48444,7,9.8,12.355162
48444,8,12.0,14.320269
48444,9,14.6,16.608456
48444,10,16.9,18.894493
48444,11,19.2,20.709045
48444,12,21.1,21.928032
48444,13,22.3,22.49268
48444,14,22.7,22.288862
48444,15,22.2,21.47808
48444,16,19.8,19.915829
48444,17,16.9,18.351065
48444,18,15.7,16.845163
48444,19,15.2,15.473967
48444,20,15.1,14.4916525
48444,21,14.4,13.731213
48444,22,13.9,13.229063
48444,23,13.4,12.719246
48444,24,13.6,12.358912
49165,1,13.4,10.907744
49165,2,13.1,10.654898
49165,3,12.5,11.677381
49165,4,14.0,14.045859
49165,5,18.2,17.140352
49165,6,20.1,20.279163
49165,7,22.0,23.039158
49165,8,23.1,25.312683
49165,9,24.2,27.264622
49165,10,24.9,28.683287
49165,11,25.2,29.095135
49165,12,25.2,28.295073
49165,13,25.0,26.080784
49165,14,23.8,23.587837
49165,15,21.0,21.326124
49165,16,19.7,19.582232
49165,17,17.9,18.343142
49165,18,17.3,17.353437
49165,19,16.0,16.464493
49165,20,15.9,15.700812
49165,21,15.7,15.0735855
49165,22,16.1,14.45428
49165,23,16.3,13.509287
49165,24,15.0,12.334045
49190,1,13.9,14.781334
49190,2,14.6,16.299555
49190,3,16.4,17.833057
49190,4,17.2,19.203838
49190,5,18.8,20.381222
49190,6,20.1,21.33024
49190,7,21.9,21.957935
49190,8,21.9,22.169388
49190,9,20.4,21.837294
49190,10,19.6,20.729658
49190,11,18.2,19.419064
49190,12,16.6,18.087337
49190,13,15.8,16.845364
49190,14,15.0,15.817495
49190,15,14.4,14.920333
49190,16,14.0,14.093289
49190,17,13.7,13.4677725
49190,18,13.2,12.995843
49190,19,12.7,12.620988
49190,20,12.3,12.239797
49190,21,11.9,11.838608
49190,22,11.7,11.456863
49190,23,11.1,11.326048
49190,24,11.2,11.645321
49615,1,20.0,20.944815
49615,2,22.6,22.79126
49615,3,24.1,24.170586
49615,4,25.1,25.043644
49615,5,25.0,25.26003
49615,6,24.1,24.795256
49615,7,22.6,23.40622
49615,8,21.2,21.751825
49615,9,19.4,20.053778
49615,10,17.5,18.360115
49615,11,16.6,17.084814
49615,12,15.9,16.126276
49615,13,16.0,15.54339
49615,14,15.4,15.147545
49615,15,15.0,14.92014
49615,16,14.9,14.682434
49615,17,14.7,14.40917
49615,18,14.9,13.9887495
49615,19,14.9,13.5399
49615,20,14.8,13.104881
49615,21,15.0,13.445086
49615,22,15.8,14.795892
49615,23,16.7,16.867962
49615,24,17.1,19.200089
49817,1,18.3,17.92461
49817,2,17.6,16.81768
49817,3,16.8,15.827818
49817,4,15.9,15.135041
49817,5,15.5,14.691149
49817,6,15.0,14.295328
49817,7,14.6,13.973442
49817,8,14.4,13.607129
49817,9,14.0,13.294033
49817,10,13.6,13.028308
49817,11,13.3,12.715696
49817,12,13.0,12.485947
49817,13,12.2,12.499673
49817,14,12.5,12.866366
49817,15,14.0,13.812355
49817,16,15.7,15.28095
49817,17,17.0,16.88789
49817,18,17.9,18.39709
49817,19,18.8,19.609182
49817,20,19.6,20.462088
49817,21,20.0,21.02379
49817,22,20.8,21.220493
49817,23,21.5,21.062473
49817,24,20.6,20.475254
49835,1,16.6,16.04677
49835,2,16.2,15.600767
49835,3,15.8,15.226121
49835,4,15.5,14.87165
49835,5,15.1,14.519714
49835,6,14.6,14.207653
49835,7,14.2,14.098949
49835,8,14.1,14.262611
49835,9,15.3,15.0320215
49835,10,17.0,16.49151
49835,11,18.9,18.146954
49835,12,21.1,19.797207
49835,13,22.7,21.304686
49835,14,25.7,22.471409
49835,15,26.9,23.398441
49835,16,26.5,23.911156
49835,17,25.8,23.987797
49835,18,25.5,23.60011
49835,19,25.0,22.629044
49835,20,23.7,21.563545
49835,21,22.2,20.43143
49835,22,20.7,19.323803
49835,23,19.6,18.325668
49835,24,18.8,17.479345
50024,1,27.2,27.496336
50024,2,27.2,27.461481
50024,3,26.9,26.688353
50024,4,26.4,25.034576
50024,5,24.8,23.248571
50024,6,22.9,21.475935
50024,7,20.9,20.107784
50024,8,19.7,19.165081
50024,9,18.9,18.481987
50024,10,18.5,17.920021
50024,11,18.0,17.409557
50024,12,17.5,16.945244
50024,13,17.0,16.51208
50024,14,16.7,16.008015
50024,15,16.4,15.63093
50024,16,16.7,15.663139
50024,17,16.7,16.222275
50024,18,17.3,17.481201
50024,19,18.2,19.451347
50024,20,19.7,21.74828
50024,21,21.5,24.058586
50024,22,22.9,26.056297
50024,23,24.8,27.47962
50024,24,26.4,28.375008
50195,1,24.7,24.467388
50195,2,24.8,24.322124
50195,3,24.9,24.234514
50195,4,24.9,24.140556
50195,5,25.1,24.02652
50195,6,25.1,23.836176
50195,7,24.7,23.6778
50195,8,24.3,23.59765
50195,9,23.5,23.743511
50195,10,24.0,24.176998
50195,11,25.6,24.782286
50195,12,26.4,25.456858
50195,13,27.4,26.114784
50195,14,27.9,26.68094
50195,15,28.1,27.170582
50195,16,27.9,27.489529
50195,17,27.1,27.603672
50195,18,26.3,27.48393
50195,19,25.7,27.06497
50195,20,25.3,26.600203
50195,21,25.0,26.069334
50195,22,24.9,25.521894
50195,23,25.0,25.055231
50195,24,25.2,24.644453
50319,1,27.7,27.306154
50319,2,28.1,27.786049
50319,3,28.1,28.082708
50319,4,28.2,28.044794
50319,5,28.3,27.87732
50319,6,27.3,27.567993
50319,7,26.9,27.198385
50319,8,26.2,26.937792
50319,9,25.4,26.713116
50319,10,25.3,26.441158
50319,11,25.1,26.240795
50319,12,25.4,26.09454
50319,13,25.3,25.945047
50319,14,25.3,25.770676
50319,15,25.3,25.505848
50319,16,25.1,25.224731
50319,17,24.8,25.009893
50319,18,24.1,24.90404
50319,19,23.1,24.934214
50319,20,23.2,25.103874
50319,21,23.0,25.394394
50319,22,23.0,25.76591
50319,23,25.4,26.163477
50319,24,26.8,26.60153
50493,1,14.8,15.229441
50493,2,14.2,15.071314
50493,3,13.9,15.074517
50493,4,13.6,15.433265
50493,5,14.5,15.991874
50493,6,16.1,16.934256
50493,7,18.3,18.10913
50493,8,20.4,19.344633
50493,9,22.1,20.432869
50493,10,23.2,21.21744
50493,11,23.7,21.598293
50493,12,23.5,21.628365
50493,13,22.8,21.3961
50493,14,21.7,20.953114
50493,15,20.6,20.349178
50493,16,19.5,19.450113
50493,17,18.9,18.641964
50493,18,17.7,17.876127
50493,19,17.0,17.251627
50493,20,16.6,16.828892
50493,21,16.4,16.547823
50493,22,16.0,16.378153
50493,23,15.7,16.190792
50493,24,15.3,16.022467
50858,1,20.6,20.449068
50858,2,20.3,20.281008
50858,3,20.3,20.174355
50858,4,20.2,20.084787
50858,5,19.5,20.010647
50858,6,19.4,19.866755
50858,7,19.5,19.678862
50858,8,19.6,19.411589
50858,9,19.7,19.121222
50858,10,19.7,18.897984
50858,11,20.0,18.805971
50858,12,20.4,18.984047
50858,13,20.8,19.478374
50858,14,20.4,20.14585
50858,15,21.0,20.928429
50858,16,21.2,21.722279
50858,17,21.6,22.406616
50858,18,21.1,22.964745
50858,19,21.6,23.338228
50858,20,22.1,23.557047
50858,21,21.8,23.560066
50858,22,21.6,23.266575
50858,23,21.4,22.878376
50858,24,21.2,22.427536
50910,1,15.7,15.821825
50910,2,15.1,16.54632
50910,3,15.7,17.318249
50910,4,16.6,17.985107
50910,5,18.3,18.544949
50910,6,19.7,19.01017
50910,7,20.2,19.40919
50910,8,20.2,19.66382
50910,9,19.0,19.669323
50910,10,18.0,19.367077
50910,11,17.3,19.034916
50910,12,16.4,18.660069
50910,13,15.5,18.286774
50910,14,12.0,17.992462
50910,15,11.5,17.707493
50910,16,11.4,17.462961
50910,17,11.3,17.311539
50910,18,11.2,17.268656
50910,19,11.1,17.23137
50910,20,11.0,17.14163
50910,21,10.7,16.959265
50910,22,10.6,16.759243
50910,23,10.5,16.61838
50910,24,10.5,16.719687
51031,1,25.5,25.525713
51031,2,26.3,26.514053
51031,3,26.8,27.29941
51031,4,26.8,27.783491
51031,5,26.5,27.944338
51031,6,26.1,27.752632
51031,7,25.6,27.096548
51031,8,24.8,26.351147
51031,9,24.0,25.568134
51031,10,23.7,24.770113
51031,11,23.6,24.158436
51031,12,23.4,23.690615
51031,13,23.2,23.348402
51031,14,23.0,23.081343
51031,15,22.8,22.810276
51031,16,22.6,22.485655
51031,17,22.4,22.16392
51031,18,22.1,21.857914
51031,19,22.0,21.685694
51031,20,22.0,21.648996
51031,21,21.8,21.970396
51031,22,21.7,22.662424
51031,23,22.8,23.618736
51031,24,24.4,24.695993
51705,1,27.6,27.122816
51705,2,26.9,26.48573
51705,3,25.9,25.8861
51705,4,25.1,25.4046
51705,5,24.8,25.059246
51705,6,24.6,24.711525
51705,7,24.5,24.371733
51705,8,24.4,24.047022
51705,9,24.5,23.775427
51705,10,24.4,23.54057
51705,11,24.2,23.308176
51705,12,23.8,23.190233
51705,13,23.1,23.253448
51705,14,22.8,23.54267
51705,15,22.9,24.128387
51705,16,23.8,24.985477
51705,17,25.5,25.928768
51705,18,25.5,26.82071
51705,19,26.2,27.550756
51705,20,26.8,28.070599
51705,21,27.2,28.413952
51705,22,27.4,28.499907
51705,23,27.7,28.371826
51705,24,27.6,28.033285
51859,1,26.6,26.031052
51859,2,26.7,25.849354
51859,3,26.5,25.711143
51859,4,26.3,25.562506
51859,5,25.9,25.387177
51859,6,25.6,25.170015
51859,7,25.3,25.0621
51859,8,25.1,25.101683
51859,9,25.0,25.461245
51859,10,26.2,26.189447
51859,11,28.4,27.101107
51859,12,30.4,28.012932
51859,13,32.2,28.812677
51859,14,33.3,29.414974
51859,15,33.0,29.872852
51859,16,32.3,30.071455
51859,17,31.6,30.013302
51859,18,30.0,29.661375
51859,19,29.2,28.945705
51859,20,29.6,28.219257
51859,21,28.2,27.474575
51859,22,27.8,26.819674
51859,23,26.1,26.310766
51859,24,26.0,25.886253
51974,1,27.4,27.626944
51974,2,27.6,28.023312
51974,3,28.2,28.371141
51974,4,29.0,28.56367
51974,5,28.9,28.719402
51974,6,28.9,28.791666
51974,7,29.0,28.831367
51974,8,28.7,28.8668
51974,9,28.7,28.790665
51974,10,28.8,28.525925
51974,11,28.5,28.264357
51974,12,28.0,28.032383
51974,13,27.5,27.801334
51974,14,27.1,27.583332
51974,15,27.1,27.325302
51974,16,27.0,27.096853
51974,17,26.8,26.977982
51974,18,26.7,26.958246
51974,19,26.6,27.000463
51974,20,26.4,27.06528
51974,21,26.6,27.153639
51974,22,26.8,27.279192
51974,23,26.8,27.433441
51974,24,26.9,27.640825
52068,1,28.5,28.57203
52068,2,28.2,28.442402
52068,3,27.8,28.337706
52068,4,27.5,28.280981
52068,5,27.4,28.3014
52068,6,27.3,28.439426
52068,7,28.3,28.813957
52068,8,29.2,29.305754
52068,9,29.8,29.855175
52068,10,30.2,30.412918
52068,11,30.7,30.959206
52068,12,31.0,31.401375
52068,13,31.2,31.669445
52068,14,31.3,31.736616
52068,15,31.1,31.651093
52068,16,30.6,31.389626
52068,17,30.2,31.125023
52068,18,29.7,30.799652
52068,19,29.2,30.34094
52068,20,29.0,29.887276
52068,21,28.8,29.4361
52068,22,28.7,29.114897
52068,23,27.6,28.880686
52068,24,26.9,28.684011
52604,1,25.4,25.445398
52604,2,25.3,25.315718
52604,3,25.3,25.100327
52604,4,25.0,24.899572
52604,5,24.8,24.813572
52604,6,24.9,25.13106
52604,7,25.5,25.978294
52604,8,29.4,27.082111
52604,9,30.3,28.25097
52604,10,31.4,29.254217
52604,11,31.5,30.008781
52604,12,29.5,30.498793
52604,13,29.6,30.777952
52604,14,30.5,30.74557
52604,15,30.2,30.484867
52604,16,30.4,29.885666
52604,17,25.8,29.298126
52604,18,25.6,28.661379
52604,19,25.8,27.92944
52604,20,25.4,27.28487
52604,21,25.3,26.663536
52604,22,25.3,26.189552
52604,23,25.4,25.784027
52604,24,25.4,25.51608
53477,1,21.9,22.464544
53477,2,21.8,22.599173
53477,3,21.2,22.908367
53477,4,21.6,23.383799
53477,5,22.4,23.928123
53477,6,23.7,24.454618
53477,7,24.8,24.970596
53477,8,25.6,25.38811
53477,9,25.8,25.628428
53477,10,26.1,25.628853
53477,11,25.8,25.513695
53477,12,25.8,25.211626
53477,13,25.6,24.704685
53477,14,24.9,24.207241
53477,15,23.8,23.772705
53477,16,23.5,23.456337
53477,17,22.9,23.307535
53477,18,22.3,23.228357
53477,19,21.1,23.122665
53477,20,19.9,22.975103
53477,21,18.8,22.78829
53477,22,17.4,22.664463
53477,23,16.6,22.563976
53477,24,15.7,22.500948
53576,1,25.3,26.120588
53576,2,25.1,26.295647
53576,3,25.5,26.209545
53576,4,25.2,25.770512
53576,5,24.3,25.231688
53576,6,23.9,24.61308
53576,7,24.3,24.007511
53576,8,24.3,23.61056
53576,9,24.2,23.346413
53576,10,24.2,23.122616
53576,11,24.0,22.952522
53576,12,23.8,22.818218
53576,13,24.0,22.680191
53576,14,23.9,22.52293
53576,15,23.6,22.327427
53576,16,23.5,22.172737
53576,17,23.4,22.13535
53576,18,23.4,22.25415
53576,19,24.0,22.582792
53576,20,24.5,23.087337
53576,21,25.3,23.72097
53576,22,24.8,24.379274
53576,23,24.6,24.949303
53576,24,24.3,25.435001
53580,1,24.0,23.573622
53580,2,23.9,23.448584
53580,3,23.6,23.36012
53580,4,23.5,23.319489
53580,5,23.4,23.370373
53580,6,23.4,23.506418
53580,7,24.0,23.793621
53580,8,24.5,24.153646
53580,9,25.3,24.496447
53580,10,24.8,24.775208
53580,11,24.6,25.043064
53580,12,24.3,25.303408
53580,13,25.4,25.520575
53580,14,24.7,25.640545
53580,15,25.1,25.650717
53580,16,24.8,25.525106
53580,17,23.6,25.396564
53580,18,23.3,25.219349
53580,19,23.4,24.957241
53580,20,23.1,24.702934
53580,21,22.5,24.44472
53580,22,22.6,24.231905
53580,23,22.4,24.06015
53580,24,21.9,23.878164
53669,1,12.9,12.87239
53669,2,12.4,12.601392
53669,3,12.1,12.904757
53669,4,12.1,14.014093
53669,5,12.9,15.54004
53669,6,16.4,17.57463
53669,7,20.3,19.762556
53669,8,22.0,21.793545
53669,9,23.0,23.416924
53669,10,24.0,24.540134
53669,11,24.3,24.999184
53669,12,24.2,24.973122
53669,13,23.7,24.61488
53669,14,22.7,23.986452
53669,15,21.6,23.13958
53669,16,20.6,21.978657
53669,17,19.7,20.981651
53669,18,18.9,20.100502
53669,19,18.3,19.438923
53669,20,17.9,18.993814
53669,21,17.7,18.660713
53669,22,17.7,18.305065
53669,23,17.6,17.777626
53669,24,17.6,17.14736
53743,1,22.1,21.861341
53743,2,22.6,22.524899
53743,3,23.3,23.033094
53743,4,23.2,23.235603
53743,5,22.9,23.260422
53743,6,23.0,23.105078
53743,7,22.5,22.806309
53743,8,22.1,22.52692
53743,9,21.6,22.205606
53743,10,21.1,21.792618
53743,11,21.2,21.461649
53743,12,21.5,21.194468
53743,13,21.6,20.954748
53743,14,21.5,20.727793
53743,15,21.0,20.433369
53743,16,20.8,20.108473
53743,17,20.9,19.83996
53743,18,20.2,19.676844
53743,19,20.1,19.661375
53743,20,20.0,19.779175
53743,21,20.5,20.022852
53743,22,20.7,20.368824
53743,23,20.9,20.791271
53743,24,21.6,21.305477
53768,1,21.9,22.612179
53768,2,20.3,22.955698
53768,3,19.2,23.090294
53768,4,17.8,22.86716
53768,5,16.7,22.54473
53768,6,15.3,22.131937
53768,7,14.2,21.73785
53768,8,13.8,21.492994
53768,9,13.3,21.307423
53768,10,12.3,21.11056
53768,11,10.8,20.962826
53768,12,9.9,20.864777
53768,13,8.8,20.762274
53768,14,8.2,20.625751
53768,15,7.8,20.413412
53768,16,7.5,20.227707
53768,17,7.2,20.149769
53768,18,6.9,20.250349
53768,19,6.1,20.560806
53768,20,6.6,21.025415
53768,21,8.8,21.56139
53768,22,11.7,22.074747
53768,23,13.9,22.497444
53768,24,15.8,22.873434
54776,1,30.5,29.779537
54776,2,29.4,29.783134
54776,3,29.2,29.588655
54776,4,28.9,29.134089
54776,5,28.5,28.673662
54776,6,27.9,28.201134
54776,7,27.9,27.820393
54776,8,27.6,27.595638
54776,9,27.6,27.423735
54776,10,27.6,27.202549
54776,11,27.5,26.971432
54776,12,27.3,26.788738
54776,13,27.2,26.63269
54776,14,27.1,26.505795
54776,15,26.9,26.407501
54776,16,26.8,26.438051
54776,17,26.7,26.650085
54776,18,26.8,27.046553
54776,19,27.9,27.60053
54776,20,28.5,28.194454
54776,21,29.0,28.771036
54776,22,28.9,29.234413
54776,23,29.4,29.532072
54776,24,29.7,29.734922
55011,1,26.4,26.525185
55011,2,26.6,26.356367
55011,3,26.3,26.228622
55011,4,26.3,26.097445
55011,5,25.8,25.931232
55011,6,26.1,25.752834
55011,7,26.6,25.676931
55011,8,26.4,25.705881
55011,9,26.6,26.025564
55011,10,28.8,26.672626
55011,11,29.7,27.432144
55011,12,30.8,28.195354
55011,13,31.8,28.929905
55011,14,32.2,29.553967
55011,15,32.0,30.143446
55011,16,30.1,30.562237
55011,17,31.1,30.758259
55011,18,30.8,30.691242
55011,19,30.3,30.270311
55011,20,30.8,29.77628
55011,21,30.7,29.180326
55011,22,25.5,28.538368
55011,23,25.5,27.942785
55011,24,25.8,27.435024
55404,1,11.7,11.179662
55404,2,11.4,10.763789
55404,3,10.7,10.348061
55404,4,9.7,9.955622
55404,5,8.7,9.587188
55404,6,9.4,9.222488
55404,7,9.2,8.9154825
55404,8,8.5,8.705944
55404,9,7.9,8.715942
55404,10,7.3,9.014118
55404,11,10.4,9.522318
55404,12,11.7,10.315563
55404,13,12.9,11.35492
55404,14,14.4,12.382131
55404,15,15.5,13.30999
55404,16,15.9,13.90789
55404,17,15.9,14.185803
55404,18,15.2,14.115124
55404,19,13.9,13.684492
55404,20,12.9,13.161146
55404,21,12.2,12.530333
55404,22,12.2,11.7632
55404,23,12.4,11.090586
55404,24,12.5,10.484524
56254,1,11.8,11.135517
56254,2,10.6,10.606098
56254,3,8.9,10.1443405
56254,4,7.7,10.067027
56254,5,11.1,10.336973
56254,6,11.2,11.019126
56254,7,11.6,11.976203
56254,8,11.9,12.890032
56254,9,12.1,13.351704
56254,10,12.0,13.149798
56254,11,12.2,12.622761
56254,12,12.2,12.094181
56254,13,11.6,11.577306
56254,14,9.6,11.012656
56254,15,6.6,10.233853
56254,16,4.2,9.028702
56254,17,4.0,8.044052
56254,18,2.9,7.1819744
56254,19,2.4,6.593545
56254,20,1.3,6.1944036
56254,21,0.7,5.762581
56254,22,0.5,5.173895
56254,23,0.7,4.6722727
56254,24,0.8,4.233657
56399,1,4.8,4.971379
56399,2,4.9,5.5980196
56399,3,6.5,6.424047
56399,4,7.4,7.4045115
56399,5,8.8,8.331919
56399,6,10.4,9.212534
56399,7,10.5,9.911877
56399,8,10.2,10.429047
56399,9,10.2,10.715403
56399,10,10.3,10.642635
56399,11,10.6,10.307273
56399,12,10.1,9.654751
56399,13,9.2,8.793302
56399,14,7.7,8.009327
56399,15,7.4,7.3553123
56399,16,6.8,6.7966204
56399,17,6.8,6.3685527
56399,18,7.0,6.0153103
56399,19,6.9,5.7230167
56399,20,6.6,5.5068903
56399,21,6.2,5.343833
56399,22,6.0,5.254976
56399,23,5.7,5.196694
56399,24,4.9,5.3192587
56904,1,19.4,19.498934
56904,2,20.5,20.612583
56904,3,21.4,21.35428
56904,4,21.8,21.697742
56904,5,22.3,21.64859
56904,6,22.0,21.210955
56904,7,21.6,20.22093
56904,8,21.4,19.148853
56904,9,20.8,18.061188
56904,10,19.2,17.016384
56904,11,17.2,16.147926
56904,12,16.7,15.405949
56904,13,16.1,14.799564
56904,14,15.1,14.258641
56904,15,14.1,13.822588
56904,16,13.6,13.420306
56904,17,13.1,13.105298
56904,18,12.6,12.9520035
56904,19,11.9,13.208233
56904,20,11.9,13.772442
56904,21,13.4,14.958437
56904,22,15.6,16.682718
56904,23,18.4,18.591896
56904,24,20.8,20.341171
56908,1,16.1,15.796406
56908,2,15.1,14.999777
56908,3,14.1,14.29389
56908,4,13.6,13.660442
56908,5,13.1,13.082834
56908,6,12.6,12.525216
56908,7,11.9,12.2114315
56908,8,11.9,12.160841
56908,9,13.4,12.749029
56908,10,15.6,14.207705
56908,11,18.4,15.997218
56908,12,20.8,17.87832
56908,13,22.8,19.582695
56908,14,24.0,20.923363
56908,15,25.0,21.99693
56908,16,25.6,22.723545
56908,17,24.8,23.109055
56908,18,23.0,23.122007
56908,19,22.0,22.550957
56908,20,21.3,21.71991
56908,21,20.3,20.650959
56908,22,19.6,19.470062
56908,23,20.0,18.325611
56908,24,19.1,17.296982
57090,1,23.6,25.789606
57090,2,23.4,25.006142
57090,3,23.1,24.29795
57090,4,22.9,23.770468
57090,5,22.6,23.404114
57090,6,22.1,23.019892
57090,7,22.0,22.62612
57090,8,22.3,22.228725
57090,9,22.3,21.893269
57090,10,22.2,21.60638
57090,11,22.1,21.307953
57090,12,22.1,21.077946
57090,13,22.1,21.006922
57090,14,22.2,21.21423
57090,15,23.2,21.826801
57090,16,24.4,22.835855
57090,17,26.5,23.976473
57090,18,28.3,25.07453
57090,19,29.7,25.986866
57090,20,30.9,26.653843
57090,21,31.4,27.123325
57090,22,30.5,27.317675
57090,23,30.7,27.24501
57090,24,31.1,26.890335
57447,1,18.0,18.666664
57447,2,19.7,20.469727
57447,3,21.5,22.24509
57447,4,23.0,23.68974
57447,5,24.2,24.742449
57447,6,25.1,25.544071
57447,7,25.7,26.097141
57447,8,25.5,26.406456
57447,9,25.4,26.493216
57447,10,25.2,26.16698
57447,11,25.0,25.656593
57447,12,23.7,24.862072
57447,13,21.7,23.941488
57447,14,20.8,23.072308
57447,15,20.3,22.329283
57447,16,19.3,21.712889
57447,17,19.0,21.187208
57447,18,18.7,20.764797
57447,19,18.2,20.342625
57447,20,17.9,19.970041
57447,21,17.4,19.665224
57447,22,17.0,19.575071
57447,23,16.5,19.673601
57447,24,17.5,20.234947
57509,1,20.2,20.197845
57509,2,19.8,19.645573
57509,3,19.4,18.972664
57509,4,18.8,18.401726
57509,5,18.4,18.180935
57509,6,19.4,18.761328
57509,7,21.4,20.356499
57509,8,23.4,22.431759
57509,9,26.8,24.662884
57509,10,29.4,26.665106
57509,11,31.1,28.189081
57509,12,32.5,29.266966
57509,13,33.3,29.955326
57509,14,33.2,30.021526
57509,15,32.4,29.657087
57509,16,31.4,28.803463
57509,17,30.1,28.043232
57509,18,28.8,27.24479
57509,19,27.4,26.235874
57509,20,26.6,25.211502
57509,21,26.2,24.202684
57509,22,25.5,23.447136
57509,23,24.7,22.722061
57509,24,23.9,22.142094
57587,1,20.6,20.82539
57587,2,20.3,20.252323
57587,3,20.0,19.67647
57587,4,19.8,19.184387
57587,5,19.7,18.790218
57587,6,19.1,18.474695
57587,7,18.7,18.248152
57587,8,18.6,18.0211
57587,9,18.6,17.825136
57587,10,18.8,17.752787
57587,11,18.8,17.811901
57587,12,19.2,18.2489
57587,13,19.7,19.149742
57587,14,19.7,20.20841
57587,15,20.4,21.364895
57587,16,22.4,22.418894
57587,17,22.7,23.300625
57587,18,22.3,23.959316
57587,19,22.4,24.358053
57587,20,22.3,24.546179
57587,21,22.3,24.523485
57587,22,21.8,24.196974
57587,23,21.0,23.768377
57587,24,20.5,23.194948
57655,1,17.8,17.55977
57655,2,19.1,19.859524
57655,3,21.6,22.035606
57655,4,23.8,23.741543
57655,5,25.5,24.92609
57655,6,26.5,25.801592
57655,7,27.1,26.30407
57655,8,26.9,26.387852
57655,9,26.4,25.979607
57655,10,26.4,24.932533
57655,11,25.9,23.79502
57655,12,25.1,22.684484
57655,13,24.3,21.886322
57655,14,22.9,21.314997
57655,15,22.0,20.868938
57655,16,21.2,20.468725
57655,17,20.8,20.1208
57655,18,20.4,19.87502
57655,19,20.1,19.654573
57655,20,19.7,19.400013
57655,21,19.1,19.16192
57655,22,18.7,19.076628
57655,23,18.2,19.279058
57655,24,18.0,20.059666
58257,1,3.6,3.065681
58257,2,3.2,3.3531847
58257,3,4.2,3.3813953
58257,4,4.4,3.0343654
58257,5,3.9,2.5715675
58257,6,3.5,2.0258565
58257,7,3.6,1.4870974
58257,8,3.9,1.121065
58257,9,3.7,0.85290325
58257,10,3.4,0.6384729
58257,11,2.9,0.47557068
58257,12,2.5,0.36608744
58257,13,2.6,0.2738092
58257,14,2.5,0.14920878
58257,15,2.6,-0.011260986
58257,16,2.5,-0.110280514
58257,17,2.6,-0.07998943
58257,18,2.5,0.15799832
58257,19,2.2,0.673311
58257,20,3.4,1.3750018
58257,21,4.2,2.202597
58257,22,5.2,3.0286734
58257,23,6.3,3.7139554
58257,24,7.4,4.2511206
58280,1,7.6,7.048122
58280,2,9.1,8.066965
58280,3,9.5,8.882132
58280,4,9.6,9.346699
58280,5,10.1,9.456228
58280,6,9.7,9.1510725
58280,7,9.3,8.31087
58280,8,7.9,7.40644
58280,9,7.6,6.53555
58280,10,7.0,5.7957835
58280,11,6.9,5.317057
58280,12,6.6,5.0354013
58280,13,6.2,4.889289
58280,14,5.6,4.77124
58280,15,4.4,4.581664
58280,16,4.5,4.315381
58280,17,4.2,4.0199413
58280,18,3.8,3.7512372
58280,19,3.4,3.6597612
58280,20,2.8,3.7455997
58280,21,1.8,4.2390685
58280,22,1.3,5.111403
58280,23,2.5,6.2187696
58280,24,3.7,7.3843575
58338,1,10.6,10.526666
58338,2,10.0,10.055783
58338,3,9.4,9.640104
58338,4,8.8,9.328247
58338,5,8.6,9.1545925
58338,6,8.4,8.970923
58338,7,7.9,8.780139
58338,8,7.1,8.626978
58338,9,7.1,8.507655
58338,10,7.8,8.384518
58338,11,7.9,8.225979
58338,12,7.8,8.097461
58338,13,7.6,8.0248995
58338,14,7.4,8.092154
58338,15,7.5,8.369448
58338,16,7.2,8.888199
58338,17,7.5,9.518539
58338,18,8.0,10.147695
58338,19,8.5,10.704182
58338,20,9.1,11.151539
58338,21,9.4,11.537658
58338,22,10.1,11.793604
58338,23,11.0,11.864963
58338,24,11.0,11.707674
58607,1,1.0,1.4854416
58607,2,1.3,2.3178716
58607,3,2.8,3.1192281
58607,4,3.4,3.6870196
58607,5,4.9,4.081914
58607,6,5.2,4.285166
58607,7,7.4,4.342566
58607,8,8.0,4.2597036
58607,9,8.4,3.9511468
58607,10,6.0,3.4278357
58607,11,3.9,3.018009
58607,12,1.9,2.7281744
58607,13,2.0,2.5390172
58607,14,0.6,2.4312592
58607,15,-0.5,2.255583
58607,16,-1.6,2.0560553
58607,17,-2.7,1.908885
58607,18,-3.2,1.8819742
58607,19,-2.8,1.9075427
58607,20,-3.4,1.899215
58607,21,-4.0,1.8159716
58607,22,-4.5,1.7005584
58607,23,-5.1,1.6812981
58607,24,-5.5,1.9116185
58770,1,8.4,9.21018
58770,2,6.9,8.466004
58770,3,5.9,7.5065947
58770,4,6.2,6.419708
58770,5,6.9,5.5064917
58770,6,7.5,4.730345
58770,7,6.8,4.256038
58770,8,6.6,4.0670805
58770,9,6.3,3.9886508
58770,10,6.6,3.820827
58770,11,6.4,3.588089
58770,12,6.0,3.2826548
58770,13,4.8,2.913311
58770,14,4.4,2.5619512
58770,15,4.7,2.322332
58770,16,4.6,2.3383422
58770,17,5.1,2.714097
58770,18,4.2,3.3256845
58770,19,3.5,4.068257
58770,20,3.2,4.8330407
58770,21,2.9,5.5511103
58770,22,2.6,6.1467533
58770,23,2.3,6.499112
58770,24,1.5,6.604569
59956,1,28.6,31.065971
59956,2,28.3,30.325058
59956,3,27.8,29.491417
59956,4,26.6,28.744837
59956,5,26.0,28.090849
59956,6,25.0,27.594984
59956,7,24.4,27.235558
59956,8,24.2,27.053074
59956,9,24.9,27.035858
59956,10,26.4,27.168703
59956,11,26.8,27.527925
59956,12,27.8,28.354326
59956,13,29.3,29.694021
59956,14,31.9,31.058184
59956,15,33.7,32.209152
59956,16,33.4,32.731693
59956,17,33.7,32.812546
59956,18,30.6,32.36361
59956,19,30.8,31.478651
59956,20,26.9,30.547918
59956,21,26.8,29.602343
59956,22,28.5,28.59819
59956,23,27.5,27.86131
59956,24,26.8,27.242563
60622,1,12.8,12.570686
60622,2,11.6,11.442244
60622,3,10.6,10.3184
60622,4,9.4,9.251064
60622,5,8.2,8.264881
60622,6,7.9,7.336902
60622,7,7.5,6.636673
60622,8,4.7,6.3482847
60622,9,4.0,6.904032
60622,10,4.7,8.575344
60622,11,7.2,10.669098
60622,12,10.3,12.999565
60622,13,13.8,15.244789
60622,14,16.4,17.060368
60622,15,18.1,18.475998
60622,16,19.0,19.307524
60622,17,19.8,19.622955
60622,18,19.4,19.431738
60622,19,17.2,18.642502
60622,20,15.7,17.674706
60622,21,14.8,16.594559
60622,22,14.4,15.419153
60622,23,13.8,14.303852
60622,24,13.1,13.256292
60643,1,25.9,24.792542
60643,2,26.6,25.12169
60643,3,26.0,24.929152
60643,4,22.5,24.15317
60643,5,21.9,23.099752
60643,6,21.4,21.764477
60643,7,20.7,20.072353
60643,8,19.8,18.65769
60643,9,19.2,17.486794
60643,10,18.7,16.712063
60643,11,18.2,16.07657
60643,12,17.8,15.322638
60643,13,16.8,14.290716
60643,14,15.5,13.06326
60643,15,14.4,11.744136
60643,16,13.5,10.447736
60643,17,11.0,9.507237
60643,18,10.4,9.347166
60643,19,10.8,10.585086
60643,20,13.4,12.959862
60643,21,16.2,16.120955
60643,22,19.3,19.388863
60643,23,22.2,22.208208
60643,24,24.2,24.202005
60692,1,21.0,21.640892
60692,2,19.5,20.48573
60692,3,19.0,18.966326
60692,4,18.0,17.230982
60692,5,17.1,15.736099
60692,6,15.9,14.503448
60692,7,14.8,13.813796
60692,8,14.7,13.281346
60692,9,14.5,12.718251
60692,10,14.6,11.987375
60692,11,13.2,11.089865
60692,12,12.2,10.3034
60692,13,11.6,9.767006
60692,14,12.2,9.511713
60692,15,11.2,9.778409
60692,16,10.7,10.817654
60692,17,12.2,12.606244
60692,18,14.2,14.994829
60692,19,15.9,17.658688
60692,20,17.3,19.960526
60692,21,18.3,21.659279
60692,22,18.9,22.544027
60692,23,19.3,22.673288
60692,24,19.1,22.335897
60801,1,6.3,7.729803
60801,2,8.9,10.203093
60801,3,12.2,12.895239
60801,4,15.6,15.356657
60801,5,18.2,17.49555
60801,6,20.0,19.102612
60801,7,20.3,20.109978
60801,8,20.4,20.498837
60801,9,19.3,20.379887
60801,10,17.8,19.562658
60801,11,17.4,18.512028
60801,12,15.9,17.212814
60801,13,16.2,15.642747
60801,14,15.9,14.116089
60801,15,15.9,12.697136
60801,16,14.7,11.508549
60801,17,14.5,10.541292
60801,18,14.4,9.806358
60801,19,14.2,9.083752
60801,20,13.3,8.305176
60801,21,12.2,7.581329
60801,22,11.8,7.047401
60801,23,13.4,6.823008
60801,24,13.1,7.2138987
60990,1,9.6,8.9616
60990,2,8.8,7.984332
60990,3,7.9,7.049878
60990,4,7.0,6.1384096
60990,5,6.5,5.2760906
60990,6,5.8,4.4371104
60990,7,5.2,3.8328123
60990,8,4.9,3.561983
60990,9,4.5,4.05047
60990,10,4.9,5.616172
60990,11,6.7,7.6424475
60990,12,9.2,9.954487
60990,13,12.1,12.251558
60990,14,14.5,14.145077
60990,15,16.1,15.64469
60990,16,17.4,16.600407
60990,17,18.2,17.054512
60990,18,18.4,17.03544
60990,19,18.0,16.402048
60990,20,15.8,15.5407915
60990,21,14.8,14.453837
60990,22,14.1,13.178182
60990,23,13.5,11.939534
60990,24,12.5,10.785551
61044,1,25.0,25.15508
61044,2,22.2,24.621393
61044,3,21.0,23.432447
61044,4,20.2,21.573439
61044,5,18.5,19.665531
61044,6,17.6,17.896248
61044,7,16.7,16.676052
61044,8,15.9,15.569939
61044,9,15.0,14.44006
61044,10,14.4,13.188238
61044,11,13.6,11.878476
61044,12,12.6,10.859787
61044,13,11.3,10.329106
61044,14,10.6,10.200783
61044,15,9.8,10.695504
61044,16,10.4,12.073607
61044,17,12.2,14.256887
61044,18,15.2,17.205982
61044,19,18.3,20.55232
61044,20,20.8,23.472408
61044,21,22.4,25.560715
61044,22,23.2,26.555468
61044,23,23.8,26.694736
61044,24,24.3,26.519676
61094,1,11.0,11.62538
61094,2,10.5,11.041433
61094,3,10.6,10.5101795
61094,4,10.0,9.989584
61094,5,9.1,9.480984
61094,6,8.6,8.946318
61094,7,8.3,8.51941
61094,8,8.3,8.258232
61094,9,8.0,8.45171
61094,10,8.3,9.319723
61094,11,10.5,10.545395
61094,12,13.7,12.060227
61094,13,16.5,13.681672
61094,14,18.2,15.133769
61094,15,19.5,16.35011
61094,16,20.0,17.146719
61094,17,20.0,17.524899
61094,18,19.8,17.525383
61094,19,19.3,17.047424
61094,20,16.6,16.379871
61094,21,15.5,15.476712
61094,22,15.2,14.329273
61094,23,14.7,13.228
61094,24,14.2,12.277745
61109,1,17.9,17.645205
61109,2,17.1,16.681482
61109,3,16.0,15.726602
61109,4,15.1,14.954291
61109,5,13.9,14.274482
61109,6,13.0,13.639624
61109,7,12.2,13.067665
61109,8,11.7,12.449788
61109,9,11.1,11.922827
61109,10,10.0,11.549835
61109,11,9.5,11.339737
61109,12,9.1,11.524067
61109,13,9.3,12.297556
61109,14,11.6,13.466041
61109,15,13.6,15.035283
61109,16,15.5,16.713974
61109,17,17.1,18.22763
61109,18,18.6,19.391998
61109,19,19.8,20.049355
61109,20,20.6,20.28209
61109,21,20.7,20.110485
61109,22,20.4,19.483868
61109,23,19.5,18.731853
61109,24,18.0,17.892277
61216,1,13.3,12.510761
61216,2,13.1,11.844412
61216,3,11.6,12.181694
61216,4,13.1,13.941148
61216,5,15.9,16.508957
61216,6,19.2,19.455368
61216,7,22.3,22.193998
61216,8,24.0,24.442162
61216,9,25.1,26.084507
61216,10,25.8,27.071522
61216,11,26.2,27.296844
61216,12,26.2,27.074223
61216,13,25.5,26.279274
61216,14,24.2,25.183258
61216,15,22.1,23.901447
61216,16,21.4,22.387772
61216,17,19.8,21.155836
61216,18,19.7,19.954155
61216,19,19.1,18.788162
61216,20,17.6,17.561184
61216,21,16.3,16.54938
61216,22,15.3,15.662845
61216,23,14.4,14.783564
61216,24,14.0,13.734449
61332,1,10.6,12.163454
61332,2,10.9,11.422495
61332,3,10.8,10.642416
61332,4,10.4,9.919853
61332,5,9.8,9.334158
61332,6,8.9,8.776468
61332,7,8.4,8.333371
61332,8,7.7,7.8717055
61332,9,7.4,7.438663
61332,10,7.0,7.01463
61332,11,6.8,6.537777
61332,12,6.9,6.171387
61332,13,6.6,6.064873
61332,14,7.5,6.290597
61332,15,6.6,7.052053
61332,16,8.6,8.372361
61332,17,10.4,9.93319
61332,18,12.0,11.569357
61332,19,13.5,13.077224
61332,20,14.6,14.250179
61332,21,16.0,15.090794
61332,22,16.9,15.50481
61332,23,17.3,15.505009
61332,24,17.5,15.138472
62357,1,33.0,32.566048
62357,2,32.3,31.511433
62357,3,31.8,30.33318
62357,4,31.4,29.269144
62357,5,31.0,28.364914
62357,6,30.6,27.680626
62357,7,30.3,27.204987
62357,8,29.2,26.821486
62357,9,28.7,26.552225
62357,10,28.8,26.474787
62357,11,30.1,26.525509
62357,12,31.0,27.080122
62357,13,32.0,28.27567
62357,14,33.4,29.671507
62357,15,35.2,31.206547
62357,16,36.2,32.607887
62357,17,37.6,33.859016
62357,18,38.5,34.83164
62357,19,39.4,35.4773
62357,20,40.3,35.786045
62357,21,39.6,35.812534
62357,22,39.3,35.4416
62357,23,37.9,34.927166
62357,24,34.6,34.23812
62872,1,25.8,25.86003
62872,2,25.8,25.365305
62872,3,26.0,25.248062
62872,4,27.5,25.796001
62872,5,30.0,26.782343
62872,6,32.5,28.228615
62872,7,34.5,29.902657
62872,8,36.1,31.604666
62872,9,37.2,33.17682
62872,10,37.9,34.438324
62872,11,38.2,35.156506
62872,12,38.1,35.363575
62872,13,37.6,35.007103
62872,14,36.6,34.284554
62872,15,35.6,33.319458
62872,16,34.8,32.005615
62872,17,33.8,30.829967
62872,18,33.2,29.697676
62872,19,32.7,28.66632
62872,20,32.0,27.801931
62872,21,31.3,27.132734
62872,22,29.8,26.612806
62872,23,28.5,26.079744
62872,24,27.9,25.559992
62925,1,29.4,29.022736
62925,2,28.4,28.006678
62925,3,27.5,26.94962
62925,4,26.6,25.979328
62925,5,26.0,25.099575
62925,6,25.1,24.297709
62925,7,24.2,23.584967
62925,8,23.6,22.827255
62925,9,22.7,22.18352
62925,10,22.0,21.851368
62925,11,21.3,21.811483
62925,12,21.4,22.485863
62925,13,23.0,24.016949
62925,14,25.7,25.950594
62925,15,28.5,28.12743
62925,16,30.9,30.244694
62925,17,32.8,32.091816
62925,18,34.1,33.58359
62925,19,34.5,34.53316
62925,20,34.5,34.87875
62925,21,34.3,34.6118
62925,22,34.7,33.59167
62925,23,33.8,32.366093
62925,24,32.8,31.169466
63294,1,21.3,21.51875
63294,2,19.5,20.184479
63294,3,18.2,18.861832
63294,4,17.4,17.615784
63294,5,17.2,16.468113
63294,6,16.3,15.402527
63294,7,15.9,14.65588
63294,8,15.0,14.425729
63294,9,14.2,15.236137
63294,10,15.5,17.384853
63294,11,17.9,19.980646
63294,12,20.7,22.696562
63294,13,23.3,25.129885
63294,14,25.3,26.981417
63294,15,27.1,28.378408
63294,16,26.5,29.17742
63294,17,22.9,29.454967
63294,18,23.1,29.199318
63294,19,22.9,28.267796
63294,20,22.6,27.144392
63294,21,22.9,25.917328
63294,22,20.4,24.66601
63294,23,20.1,23.471535
63294,24,19.6,22.333662
63299,1,26.5,27.875788
63299,2,22.9,28.192627
63299,3,23.1,28.09385
63299,4,22.9,27.522171
63299,5,22.6,26.669699
63299,6,22.9,25.544327
63299,7,20.4,24.069113
63299,8,20.1,22.757492
63299,9,19.6,21.59244
63299,10,20.3,20.705105
63299,11,20.4,19.964626
63299,12,20.0,19.192556
63299,13,19.6,18.291096
63299,14,18.7,17.353367
63299,15,17.5,16.398232
63299,16,17.1,15.483048
63299,17,17.3,14.867053
63299,18,16.8,14.8692665
63299,19,17.1,15.9414425
63299,20,17.9,17.831306
63299,21,19.1,20.21713
63299,22,20.3,22.559765
63299,23,21.4,24.557106
63299,24,21.8,26.04464
63674,1,15.9,15.934104
63674,2,17.2,16.76436
63674,3,17.6,17.454239
63674,4,17.5,17.808407
63674,5,18.7,17.925064
63674,6,18.8,17.786968
63674,7,17.9,17.414486
63674,8,16.7,17.004576
63674,9,16.2,16.535564
63674,10,15.8,16.019833
63674,11,15.7,15.663182
63674,12,15.1,15.44234
63674,13,14.8,15.310677
63674,14,14.5,15.212518
63674,15,14.5,15.0244
63674,16,13.4,14.788548
63674,17,13.3,14.575289
63674,18,12.9,14.45299
63674,19,13.8,14.4463415
63674,20,13.1,14.523476
63674,21,12.3,14.702847
63674,22,12.3,14.976706
63674,23,13.6,15.365451
63674,24,15.2,15.913259
64190,1,15.8,15.883056
64190,2,14.4,14.919149
64190,3,14.2,13.997769
64190,4,13.6,13.137907
64190,5,12.5,12.340273
64190,6,11.4,11.583607
64190,7,11.5,11.066558
64190,8,11.0,10.88954
64190,9,11.9,11.460404
64190,10,13.9,13.027279
64190,11,16.2,14.957101
64190,12,18.8,17.031485
64190,13,21.0,18.95697
64190,14,22.8,20.493097
64190,15,24.2,21.714546
64190,16,25.3,22.492083
64190,17,25.5,22.855404
64190,18,25.6,22.794903
64190,19,25.1,22.158348
64190,20,24.0,21.303612
64190,21,22.4,20.261995
64190,22,21.5,19.100294
64190,23,20.3,17.968107
64190,24,19.4,16.928997
64242,1,26.9,26.705107
64242,2,29.6,29.432076
64242,3,31.3,31.577618
64242,4,32.4,33.113155
64242,5,33.0,33.93132
64242,6,33.0,34.089138
64242,7,32.2,33.41051
64242,8,31.2,32.197933
64242,9,28.7,30.49229
64242,10,27.5,28.135647
64242,11,26.3,26.01758
64242,12,25.1,24.047293
64242,13,24.9,22.381746
64242,14,23.7,20.96497
64242,15,22.6,19.886147
64242,16,21.3,18.871452
64242,17,19.7,18.015253
64242,18,18.6,17.21353
64242,19,17.3,16.532839
64242,20,16.3,15.921366
64242,21,15.6,16.138212
64242,22,17.0,17.553385
64242,23,19.6,19.888803
64242,24,22.8,22.646152
64317,1,32.8,32.27585
64317,2,31.6,30.834204
64317,3,30.2,29.188442
64317,4,29.1,27.617128
64317,5,27.6,26.163523
64317,6,26.2,24.894579
64317,7,25.1,23.805172
64317,8,24.3,22.773502
64317,9,22.9,21.924913
64317,10,22.3,21.444761
64317,11,21.1,21.2291
64317,12,20.6,21.816103
64317,13,22.4,23.379745
64317,14,25.1,25.320189
64317,15,28.1,27.503387
64317,16,30.7,29.603544
64317,17,33.5,31.564955
64317,18,35.1,33.233017
64317,19,35.9,34.48274
64317,20,36.4,35.172867
64317,21,36.3,35.27517
64317,22,35.9,34.57801
64317,23,35.0,33.61101
64317,24,32.9,32.52024
64865,1,24.1,23.462038
64865,2,26.1,25.559866
64865,3,27.9,27.721165
64865,4,28.8,29.552942
64865,5,30.3,30.963913
64865,6,31.3,31.908504
64865,7,32.2,32.46257
64865,8,32.7,32.719204
64865,9,32.8,32.918545
64865,10,32.4,32.8301
64865,11,31.9,32.583054
64865,12,31.0,31.754814
64865,13,29.9,30.290104
64865,14,29.2,28.72763
64865,15,28.5,27.314608
64865,16,27.4,26.154005
64865,17,26.6,25.162327
64865,18,25.8,24.323088
64865,19,25.2,23.376936
64865,20,24.7,22.443317
64865,21,24.1,21.631256
64865,22,22.6,21.209389
64865,23,22.4,21.114038
64865,24,24.0,21.702919
64942,1,31.3,31.207582
64942,2,30.3,29.82207
64942,3,29.6,28.492998
64942,4,28.4,27.308538
64942,5,27.4,26.299076
64942,6,26.3,25.445084
64942,7,25.4,25.01742
64942,8,25.4,25.040503
64942,9,27.0,25.961637
64942,10,29.1,28.00309
64942,11,31.3,30.359785
64942,12,33.2,32.731953
64942,13,34.2,34.770283
64942,14,36.1,36.30691
64942,15,37.4,37.531425
64942,16,38.5,38.36881
64942,17,39.1,38.86157
64942,18,39.1,38.929134
64942,19,38.6,38.314312
64942,20,37.9,37.373444
64942,21,36.9,36.176422
64942,22,35.5,34.863995
64942,23,34.4,33.526505
64942,24,33.5,32.25912
65158,1,9.3,10.654524
65158,2,10.3,10.784416
65158,3,10.0,10.676593
65158,4,9.1,10.272205
65158,5,8.8,9.733787
65158,6,8.0,9.045947
65158,7,7.4,8.211082
65158,8,7.0,7.6153283
65158,9,6.9,7.2383924
65158,10,6.8,7.019173
65158,11,7.0,6.902973
65158,12,6.5,6.792372
65158,13,4.8,6.6165495
65158,14,3.6,6.3835554
65158,15,1.9,6.05416
65158,16,0.5,5.6725197
65158,17,-0.8,5.35517
65158,18,-2.5,5.12752
65158,19,-3.6,5.1523266
65158,20,-4.6,5.4942055
65158,21,-4.3,6.1441846
65158,22,-2.3,6.9664106
65158,23,0.3,7.7905674
65158,24,1.1,8.506223
65195,1,4.7,3.9495945
65195,2,4.7,3.3795586
65195,3,3.6,2.7252095
65195,4,2.3,2.3577108
65195,5,1.2,2.2318592
65195,6,0.6,2.5712867
65195,7,0.8,3.2552395
65195,8,-0.1,3.987722
65195,9,0.6,4.3392634
65195,10,1.1,4.118472
65195,11,2.0,3.6752949
65195,12,2.6,3.3036206
65195,13,3.2,3.086924
65195,14,3.5,2.8329515
65195,15,2.2,2.3274868
65195,16,0.5,1.2675071
65195,17,-0.2,0.34984303
65195,18,-0.2,-0.5149932
65195,19,-0.7,-1.1559525
65195,20,-0.4,-1.6144528
65195,21,-0.7,-2.0781384
65195,22,-1.4,-2.6162024
65195,23,-2.4,-2.9880962
65195,24,-4.0,-3.2184944
65546,1,-12.9,-12.598148
65546,2,-14.0,-12.841372
65546,3,-14.9,-13.184082
65546,4,-16.2,-13.613114
65546,5,-17.7,-14.214963
65546,6,-18.5,-14.954537
65546,7,-20.0,-15.781539
65546,8,-20.6,-16.559164
65546,9,-20.7,-17.093746
65546,10,-17.3,-17.385206
65546,11,-13.1,-17.2737
65546,12,-11.9,-16.679195
65546,13,-11.7,-15.486448
65546,14,-10.8,-14.0659275
65546,15,-11.0,-12.633863
65546,16,-12.0,-11.715615
65546,17,-12.8,-11.420193
65546,18,-13.7,-11.829157
65546,19,-14.5,-12.901642
65546,20,-16.2,-14.043363
65546,21,-17.3,-15.299748
65546,22,-18.1,-16.658298
65546,23,-17.4,-17.62119
65546,24,-18.0,-18.25628
65641,1,-19.6,-19.591969
65641,2,-19.3,-20.121866
65641,3,-19.6,-20.568352
65641,4,-19.8,-21.011665
65641,5,-20.0,-21.42065
65641,6,-20.1,-21.859089
65641,7,-20.3,-22.243244
65641,8,-20.4,-22.632526
65641,9,-20.5,-22.829859
65641,10,-20.5,-22.543413
65641,11,-20.4,-21.818401
65641,12,-20.3,-20.403168
65641,13,-18.3,-18.346523
65641,14,-14.8,-16.245554
65641,15,-12.6,-14.350229
65641,16,-11.2,-12.898106
65641,17,-10.5,-11.939556
65641,18,-10.8,-11.43232
65641,19,-11.5,-11.48867
65641,20,-12.7,-11.906684
65641,21,-15.8,-12.745776
65641,22,-17.5,-14.08007
65641,23,-18.2,-15.39724
65641,24,-18.5,-16.6045
65826,1,-22.9,-23.55756
65826,2,-23.0,-23.93906
65826,3,-22.9,-24.27118
65826,4,-22.8,-24.67533
65826,5,-22.9,-25.122652
65826,6,-23.1,-25.45678
65826,7,-23.2,-25.515694
65826,8,-23.1,-25.106567
65826,9,-22.9,-23.860083
65826,10,-20.9,-21.725004
65826,11,-16.2,-19.424969
65826,12,-13.1,-17.258774
65826,13,-11.1,-15.332926
65826,14,-9.9,-13.968981
65826,15,-9.8,-13.053571
65826,16,-10.9,-12.820208
65826,17,-12.5,-13.220767
65826,18,-15.7,-14.188575
65826,19,-17.9,-15.697075
65826,20,-19.0,-16.988674
65826,21,-19.7,-18.12969
65826,22,-20.1,-19.125504
65826,23,-20.0,-20.011843
65826,24,-20.3,-20.799839
65931,1,-17.3,-17.89455
65931,2,-17.3,-18.24472
65931,3,-17.2,-18.677485
65931,4,-17.2,-18.9685
65931,5,-17.3,-18.971266
65931,6,-17.5,-18.150713
65931,7,-14.4,-16.455935
65931,8,-9.3,-14.293402
65931,9,-7.2,-12.007371
65931,10,-5.9,-9.849286
65931,11,-5.3,-8.206552
65931,12,-5.2,-7.0458574
65931,13,-5.5,-6.381279
65931,14,-6.3,-6.4811583
65931,15,-9.0,-7.268034
65931,16,-12.0,-8.910974
65931,17,-13.2,-10.55891
65931,18,-14.3,-12.103554
65931,19,-15.1,-13.3883705
65931,20,-15.7,-14.233177
65931,21,-16.3,-14.868038
65931,22,-16.2,-15.332977
65931,23,-15.8,-15.837401
65931,24,-15.7,-16.262753
66137,1,-16.3,-16.636473
66137,2,-15.9,-17.125723
66137,3,-16.5,-17.563347
66137,4,-17.0,-17.992996
66137,5,-18.2,-18.379562
66137,6,-20.5,-18.77504
66137,7,-22.1,-19.135988
66137,8,-23.1,-19.570961
66137,9,-23.9,-19.950315
66137,10,-24.6,-20.064468
66137,11,-25.3,-19.822567
66137,12,-25.4,-18.868174
66137,13,-20.4,-17.168919
66137,14,-16.5,-15.241716
66137,15,-15.4,-13.367239
66137,16,-14.5,-11.833273
66137,17,-14.0,-10.734272
66137,18,-13.8,-10.043351
66137,19,-14.0,-9.881067
66137,20,-14.3,-10.138979
66137,21,-14.9,-10.900663
66137,22,-16.4,-12.282116
66137,23,-20.1,-13.685791
66137,24,-22.1,-14.913305
66218,1,-9.1,-9.072055
66218,2,-9.5,-9.387853
66218,3,-9.9,-9.671244
66218,4,-10.5,-10.036926
66218,5,-11.1,-10.440256
66218,6,-11.6,-10.616359
66218,7,-11.5,-10.415215
66218,8,-11.1,-9.732454
66218,9,-9.2,-8.27991
66218,10,-4.9,-5.9964466
66218,11,-3.3,-3.598578
66218,12,-2.9,-1.3409128
66218,13,-3.0,0.7049732
66218,14,-2.3,2.1054516
66218,15,-1.4,2.9348469
66218,16,-0.8,2.9407187
66218,17,-0.9,2.3228388
66218,18,-1.1,1.2065411
66218,19,-2.0,-0.33567142
66218,20,-2.9,-1.5771046
66218,21,-3.6,-2.6683288
66218,22,-4.1,-3.6530285
66218,23,-4.1,-4.5570445
66218,24,-5.3,-5.3556147
66503,1,5.7,5.405574
66503,2,5.2,4.5568185
66503,3,4.1,3.4191234
66503,4,2.2,2.0975118
66503,5,-1.2,0.9637227
66503,6,-2.2,0.03855133
66503,7,-2.9,-0.45031977
66503,8,-2.1,-0.7776723
66503,9,-1.4,-1.1305637
66503,10,-1.0,-1.6484714
66503,11,-1.1,-2.296001
66503,12,-1.7,-2.8826432
66503,13,-1.9,-3.3058448
66503,14,-1.9,-3.5276456
66503,15,-2.6,-3.381782
66503,16,-2.4,-2.6779885
66503,17,-1.9,-1.4138346
66503,18,-1.4,0.30117512
66503,19,-0.9,2.2234948
66503,20,-1.0,3.902379
66503,21,-1.0,5.1706095
66503,22,-0.6,5.883205
66503,23,0.1,6.0431876
66503,24,1.0,5.8578315
66564,1,2.3,1.2938643
66564,2,3.6,2.3580158
66564,3,6.4,3.8828585
66564,4,8.1,5.6659856
66564,5,10.0,7.4716854
66564,6,11.1,9.025073
66564,7,11.3,10.185674
66564,8,10.6,10.939356
66564,9,8.8,11.368659
66564,10,7.2,11.377358
66564,11,5.1,11.079144
66564,12,1.9,10.291879
66564,13,1.7,8.908073
66564,14,1.4,7.47078
66564,15,1.3,6.1035233
66564,16,1.2,4.930202
66564,17,-0.6,4.000572
66564,18,-3.0,3.3088408
66564,19,-3.6,2.7261226
66564,20,-3.8,2.2064068
66564,21,-3.9,1.7205245
66564,22,-4.8,1.2779206
66564,23,-5.7,0.8849268
66564,24,-6.3,0.7887207
66800,1,9.2,9.208233
66800,2,7.2,8.089167
66800,3,4.5,6.969182
66800,4,4.1,6.074305
66800,5,4.9,5.35703
66800,6,4.3,4.774521
66800,7,3.2,4.313305
66800,8,2.3,3.89217
66800,9,1.1,3.5754914
66800,10,0.0,3.4121056
66800,11,-0.9,3.3676038
66800,12,-1.2,3.686677
66800,13,-0.5,4.514696
66800,14,3.4,5.6154346
66800,15,8.1,6.978217
66800,16,10.4,8.350163
66800,17,12.1,9.595837
66800,18,13.1,10.539683
66800,19,13.9,11.08454
66800,20,14.4,11.295767
66800,21,14.8,11.226698
66800,22,14.8,10.8001375
66800,23,14.3,10.245775
66800,24,13.2,9.522263
67145,1,15.2,15.590675
67145,2,14.4,14.923355
67145,3,13.3,14.326648
67145,4,12.6,13.773577
67145,5,11.5,13.265471
67145,6,10.5,12.768156
67145,7,10.0,12.439993
67145,8,10.3,12.306785
67145,9,10.5,12.658097
67145,10,11.7,13.711882
67145,11,14.4,15.084387
67145,12,17.7,16.671402
67145,13,19.7,18.268335
67145,14,20.7,19.631556
67145,15,21.8,20.75076
67145,16,22.6,21.499187
67145,17,23.3,21.893566
67145,18,23.7,21.945953
67145,19,23.4,21.518507
67145,20,21.8,20.875982
67145,21,21.6,19.991735
67145,22,20.7,18.897917
67145,23,18.6,17.820526
67145,24,16.6,16.856117
67374,1,18.8,18.584518
67374,2,19.0,18.999666
67374,3,19.1,19.16206
67374,4,19.6,18.922976
67374,5,19.7,18.538397
67374,6,17.9,18.053677
67374,7,16.7,17.563856
67374,8,16.5,17.193987
67374,9,16.5,16.866333
67374,10,16.6,16.581448
67374,11,16.2,16.358122
67374,12,16.2,16.209322
67374,13,16.0,16.104565
67374,14,15.8,15.978648
67374,15,15.6,15.82252
67374,16,15.6,15.745753
67374,17,15.5,15.816732
67374,18,15.6,16.15646
67374,19,15.7,16.835714
67374,20,16.2,17.704744
67374,21,17.4,18.656351
67374,22,18.1,19.542257
67374,23,19.5,20.244755
67374,24,20.4,20.787256
67564,1,12.4,13.709148
67564,2,13.3,14.81511
67564,3,16.5,16.252745
67564,4,19.1,17.864296
67564,5,20.7,19.389477
67564,6,22.0,20.725857
67564,7,22.8,21.728071
67564,8,23.0,22.380741
67564,9,22.8,22.730053
67564,10,22.3,22.675392
67564,11,21.8,22.328823
67564,12,21.0,21.592472
67564,13,19.8,20.516447
67564,14,18.1,19.45804
67564,15,16.3,18.532455
67564,16,15.8,17.787794
67564,17,15.1,17.214937
67564,18,14.6,16.757513
67564,19,13.9,16.319221
67564,20,13.8,15.898096
67564,21,13.8,15.53819
67564,22,15.0,15.317108
67564,23,15.1,15.179125
67564,24,15.4,15.294608
67620,1,16.8,17.300034
67620,2,17.0,17.635178
67620,3,17.5,18.253633
67620,4,18.2,19.13314
67620,5,19.9,20.012897
67620,6,20.8,20.735907
67620,7,20.9,21.221113
67620,8,20.3,21.496113
67620,9,20.6,21.598616
67620,10,20.3,21.540773
67620,11,19.8,21.390326
67620,12,19.2,20.980198
67620,13,18.7,20.231499
67620,14,18.4,19.491547
67620,15,18.3,18.826035
67620,16,18.4,18.267382
67620,17,18.6,17.855776
67620,18,18.6,17.508028
67620,19,18.4,17.17223
67620,20,18.4,16.851587
67620,21,18.5,16.551958
67620,22,18.3,16.363396
67620,23,18.1,16.263622
67620,24,18.1,16.272802
67918,1,13.3,13.273582
67918,2,12.4,13.549384
67918,3,12.0,13.608775
67918,4,10.8,13.407941
67918,5,10.8,13.031155
67918,6,10.9,12.463002
67918,7,9.7,11.613331
67918,8,7.9,10.906245
67918,9,7.1,10.338434
67918,10,6.8,9.959206
67918,11,6.5,9.669842
67918,12,5.7,9.393791
67918,13,5.1,9.063492
67918,14,4.9,8.704413
67918,15,4.7,8.28876
67918,16,4.4,7.834407
67918,17,4.4,7.464518
67918,18,4.3,7.3084884
67918,19,4.1,7.645092
67918,20,4.4,8.42197
67918,21,6.5,9.587181
67918,22,9.3,10.881892
67918,23,12.1,12.072572
67918,24,14.4,13.009592
67973,1,13.5,11.937672
67973,2,15.6,13.434112
67973,3,17.6,14.731026
67973,4,18.0,15.738207
67973,5,18.2,16.323784
67973,6,17.9,16.55979
67973,7,18.2,16.377857
67973,8,17.3,15.859507
67973,9,16.0,14.9875965
67973,10,13.7,13.684399
67973,11,12.9,12.510765
67973,12,12.4,11.471223
67973,13,11.4,10.691304
67973,14,11.1,10.169015
67973,15,10.9,9.820748
67973,16,10.8,9.489736
67973,17,10.9,9.221627
67973,18,10.4,8.928515
67973,19,10.9,8.557874
67973,20,10.3,8.077094
67973,21,9.3,7.724517
67973,22,8.6,7.7367764
67973,23,8.2,8.222432
67973,24,8.2,9.182406
68480,1,-5.6,-6.299847
68480,2,-6.9,-7.190013
68480,3,-7.6,-7.921868
68480,4,-6.7,-8.404596
68480,5,-7.8,-8.791841
68480,6,-8.5,-9.30941
68480,7,-9.2,-9.894199
68480,8,-10.0,-10.629375
68480,9,-10.6,-11.312929
68480,10,-10.5,-11.953331
68480,11,-11.0,-12.509792
68480,12,-11.7,-12.961765
68480,13,-12.2,-13.104345
68480,14,-12.8,-12.712536
68480,15,-14.8,-11.621507
68480,16,-14.2,-9.969846
68480,17,-11.5,-8.279707
68480,18,-10.6,-6.8077955
68480,19,-10.0,-5.84031
68480,20,-9.6,-5.318474
68480,21,-9.3,-5.260776
68480,22,-9.4,-5.676431
68480,23,-10.0,-6.3213744
68480,24,-13.2,-7.102847
68764,1,-28.1,-28.822569
68764,2,-27.6,-29.067461
68764,3,-25.2,-28.76564
68764,4,-21.7,-27.712772
68764,5,-17.2,-26.307318
68764,6,-15.3,-24.239664
68764,7,-14.4,-21.868568
68764,8,-13.8,-19.589792
68764,9,-13.4,-17.772171
68764,10,-13.5,-16.500328
68764,11,-13.4,-15.96483
68764,12,-13.7,-15.951031
68764,13,-14.0,-16.130201
68764,14,-14.2,-16.57866
68764,15,-14.3,-17.303764
68764,16,-14.3,-18.436283
68764,17,-14.0,-19.427202
68764,18,-13.7,-20.233988
68764,19,-13.6,-20.680613
68764,20,-14.0,-20.760738
68764,21,-15.3,-20.781612
68764,22,-16.0,-20.962776
68764,23,-17.3,-21.463139
68764,24,-18.6,-22.109325
68766,1,-14.4,-14.365286
68766,2,-13.8,-13.8262615
68766,3,-13.4,-13.57164
68766,4,-13.5,-13.647046
68766,5,-13.4,-13.963941
68766,6,-13.7,-14.556266
68766,7,-14.0,-15.5412655
68766,8,-14.2,-16.394672
68766,9,-14.3,-17.087095
68766,10,-14.3,-17.569687
68766,11,-14.0,-17.91131
68766,12,-13.7,-18.221794
68766,13,-13.6,-18.580463
68766,14,-14.0,-19.009497
68766,15,-15.3,-19.50592
68766,16,-16.0,-20.061655
68766,17,-17.3,-20.561434
68766,18,-18.6,-20.883255
68766,19,-19.3,-20.715408
68766,20,-20.9,-20.067036
68766,21,-22.4,-18.825706
68766,22,-21.3,-17.202208
68766,23,-21.5,-15.559612
68766,24,-21.4,-14.203482
68916,1,-26.3,-26.800524
68916,2,-26.3,-26.699802
68916,3,-26.2,-25.279436
68916,4,-22.0,-22.47883
68916,5,-15.5,-19.21564
68916,6,-13.6,-15.876456
68916,7,-12.8,-13.101825
68916,8,-12.4,-11.06316
68916,9,-12.4,-9.794453
68916,10,-12.7,-9.280924
68916,11,-13.5,-9.669765
68916,12,-14.8,-10.895791
68916,13,-18.2,-12.698965
68916,14,-20.1,-14.417852
68916,15,-21.0,-15.862863
68916,16,-21.7,-16.906698
68916,17,-22.0,-17.54702
68916,18,-22.4,-17.9412
68916,19,-22.6,-18.116581
68916,20,-23.4,-18.156471
68916,21,-24.5,-18.18476
68916,22,-26.7,-18.418594
68916,23,-27.1,-19.062378
68916,24,-28.0,-19.963823
68949,1,-11.0,-12.4874525
68949,2,-7.5,-10.032534
68949,3,-5.5,-7.7467785
68949,4,-5.4,-5.973856
68949,5,-5.4,-4.8745394
68949,6,-5.6,-4.3563623
68949,7,-5.7,-4.487957
68949,8,-6.0,-5.2055216
68949,9,-6.7,-6.469075
68949,10,-7.3,-8.186286
68949,11,-7.6,-9.567508
68949,12,-7.6,-10.60914
68949,13,-7.5,-11.162287
68949,14,-7.1,-11.389164
68949,15,-6.7,-11.534304
68949,16,-6.3,-11.714964
68949,17,-5.9,-11.914978
68949,18,-5.7,-12.074558
68949,19,-5.8,-12.337264
68949,20,-5.8,-12.837763
68949,21,-6.0,-13.353977
68949,22,-6.1,-13.60622
68949,23,-6.1,-13.297172
68949,24,-6.2,-12.216195
69118,1,2.3,1.2373427
69118,2,3.8,1.6362076
69118,3,4.1,1.6295195
69118,4,3.0,1.1443555
69118,5,2.6,0.39660174
69118,6,1.2,-0.73429483
69118,7,-2.0,-2.3635972
69118,8,-3.3,-3.6620786
69118,9,-4.8,-4.5515795
69118,10,-4.9,-4.960995
69118,11,-6.0,-5.1490016
69118,12,-6.4,-5.3563857
69118,13,-6.7,-5.787849
69118,14,-7.0,-6.475677
69118,15,-6.8,-7.374586
69118,16,-7.8,-8.385757
69118,17,-8.1,-9.311238
69118,18,-8.9,-9.947183
69118,19,-10.5,-9.797213
69118,20,-12.3,-8.789706
69118,21,-11.0,-6.8369074
69118,22,-4.9,-4.3209944
69118,23,0.8,-1.8475621
69118,24,2.5,0.039160088
69726,1,17.6,17.244785
69726,2,18.1,17.547049
69726,3,17.7,17.490837
69726,4,16.9,17.018148
69726,5,16.7,16.278809
69726,6,15.9,15.2989855
69726,7,14.4,14.024131
69726,8,12.0,12.839529
69726,9,9.3,11.734671
69726,10,10.0,10.826021
69726,11,9.4,10.045435
69726,12,8.5,9.315224
69726,13,8.0,8.591271
69726,14,7.4,7.939296
69726,15,7.0,7.3491945
69726,16,6.7,6.8607435
69726,17,6.1,6.6440144
69726,18,5.5,6.942979
69726,19,5.2,8.067961
69726,20,8.3,9.736663
69726,21,12.2,11.674201
69726,22,15.6,13.446463
69726,23,16.7,14.894943
69726,24,17.8,15.9975195
69932,1,7.2,7.290116
69932,2,7.4,8.165325
69932,3,7.8,9.286928
69932,4,8.0,10.545659
69932,5,8.5,11.706057
69932,6,8.9,12.770933
69932,7,9.2,13.61569
69932,8,9.3,14.250738
69932,9,10.6,14.694084
69932,10,10.3,14.813009
69932,11,9.4,14.630427
69932,12,9.9,14.019267
69932,13,9.5,13.084709
69932,14,8.7,12.170036
69932,15,7.8,11.399658
69932,16,7.7,10.781179
69932,17,7.6,10.295803
69932,18,7.5,9.889584
69932,19,7.2,9.504518
69932,20,7.0,9.187966
69932,21,7.0,8.952816
69932,22,6.3,8.863167
69932,23,6.5,8.80901
69932,24,6.2,8.970896
69941,1,7.5,8.095989
69941,2,8.1,9.103557
69941,3,9.9,9.9483185
69941,4,11.3,10.474911
69941,5,11.4,10.726134
69941,6,11.4,10.75152
69941,7,12.5,10.536201
69941,8,11.5,10.258341
69941,9,11.2,9.848463
69941,10,10.3,9.335848
69941,11,9.0,8.906706
69941,12,6.8,8.488905
69941,13,7.0,8.078148
69941,14,6.4,7.644206
69941,15,6.4,7.1464753
69941,16,5.4,6.5913725
69941,17,5.4,6.09436
69941,18,5.8,5.7805386
69941,19,5.2,5.809104
69941,20,4.6,6.147282
69941,21,4.3,6.7807045
69941,22,4.6,7.665486
69941,23,7.1,8.6399
69941,24,8.7,9.577141
70074,1,11.5,12.855639
70074,2,10.6,12.485298
70074,3,10.9,12.146282
70074,4,11.0,11.828196
70074,5,11.1,11.571291
70074,6,11.1,11.459348
70074,7,11.2,11.653019
70074,8,12.4,12.144946
70074,9,14.9,13.06569
70074,10,16.9,14.387369
70074,11,17.6,15.787671
70074,12,18.4,17.06869
70074,13,18.6,18.113981
70074,14,18.6,18.801346
70074,15,17.8,19.199825
70074,16,18.9,19.170618
70074,17,17.9,18.838179
70074,18,16.1,18.187561
70074,19,15.4,17.150223
70074,20,14.0,16.1497
70074,21,13.0,15.175008
70074,22,11.8,14.325833
70074,23,11.4,13.603818
70074,24,10.8,13.020006
71087,1,14.6,14.220339
71087,2,14.1,13.572794
71087,3,13.7,13.073855
71087,4,13.8,12.707896
71087,5,13.7,12.419173
71087,6,13.4,12.066755
71087,7,13.2,11.678364
71087,8,13.1,11.139235
71087,9,12.9,10.623072
71087,10,12.8,10.29381
71087,11,11.5,10.267162
71087,12,11.5,10.818405
71087,13,12.1,12.02433
71087,14,12.6,13.633965
71087,15,12.9,15.440337
71087,16,14.5,17.17345
71087,17,15.6,18.565083
71087,18,16.6,19.57155
71087,19,16.9,19.971415
71087,20,16.4,19.83356
71087,21,16.2,19.084574
71087,22,16.3,17.632324
71087,23,12.2,16.09081
71087,24,12.8,14.758902
71136,1,13.2,14.428913
71136,2,11.5,13.685369
71136,3,10.0,12.71117
71136,4,8.7,11.700712
71136,5,7.9,10.688143
71136,6,6.5,9.843258
71136,7,5.3,9.151836
71136,8,4.4,8.741487
71136,9,4.0,8.646509
71136,10,4.6,8.912949
71136,11,6.0,9.54391
71136,12,7.9,10.754339
71136,13,9.8,12.552353
71136,14,11.4,14.260787
71136,15,12.6,15.575935
71136,16,13.5,15.972537
71136,17,13.9,15.780061
71136,18,13.6,14.979073
71136,19,12.4,13.771686
71136,20,10.8,12.651485
71136,21,9.6,11.605594
71136,22,8.5,10.547305
71136,23,7.5,9.857124
71136,24,6.5,9.341837
71164,1,2.0,1.9967349
71164,2,3.6,3.19488
71164,3,4.9,4.145583
71164,4,5.3,4.6799283
71164,5,5.2,4.8082595
71164,6,4.7,4.526915
71164,7,3.7,3.7305799
71164,8,0.5,2.8282719
71164,9,-0.9,1.8896372
71164,10,-2.0,1.0729895
71164,11,-2.6,0.51405835
71164,12,-2.9,0.13933402
71164,13,-3.0,-0.08518505
71164,14,-3.0,-0.2921275
71164,15,-3.3,-0.5443466
71164,16,-3.7,-0.83534086
71164,17,-3.8,-1.1072206
71164,18,-3.8,-1.2183996
71164,19,-3.8,-0.9753617
71164,20,-4.8,-0.4711774
71164,21,-5.1,0.46086228
71164,22,-4.0,1.745454
71164,23,-2.1,3.1710708
71164,24,-0.5,4.536416
71211,1,12.0,12.316533
71211,2,14.5,15.883719
71211,3,16.9,19.24497
71211,4,19.1,21.902882
71211,5,20.8,23.783508
71211,6,22.2,25.033306
71211,7,23.1,25.526882
71211,8,23.4,25.224169
71211,9,23.0,24.119759
71211,10,21.3,22.043463
71211,11,20.3,19.980509
71211,12,19.2,18.211147
71211,13,17.8,17.074978
71211,14,16.4,16.333721
71211,15,15.4,15.803375
71211,16,14.8,15.365768
71211,17,14.2,14.98749
71211,18,13.5,14.674208
71211,19,12.8,14.226814
71211,20,11.7,13.502265
71211,21,11.5,12.817466
71211,22,11.6,12.460665
71211,23,14.3,12.738741
71211,24,14.8,13.963461
71232,1,13.5,13.324346
71232,2,13.1,12.725293
71232,3,12.4,12.173314
71232,4,12.1,11.598015
71232,5,11.7,11.027292
71232,6,11.2,10.573652
71232,7,10.8,10.439931
71232,8,9.4,10.780832
71232,9,11.0,12.023827
71232,10,14.0,14.231438
71232,11,16.9,16.632164
71232,12,19.6,18.909767
71232,13,21.2,20.897629
71232,14,22.3,22.315277
71232,15,23.2,23.329935
71232,16,23.8,23.728132
71232,17,23.9,23.532255
71232,18,23.6,22.745811
71232,19,22.5,21.297949
71232,20,21.4,19.906685
71232,21,20.7,18.582642
71232,22,19.1,17.391325
71232,23,18.7,16.321293
71232,24,17.9,15.380753
71458,1,17.2,17.158918
71458,2,17.9,17.335386
71458,3,17.9,17.898668
71458,4,18.4,18.89027
71458,5,18.7,19.999044
71458,6,20.4,21.100872
71458,7,21.3,22.045746
71458,8,22.5,22.815506
71458,9,22.6,23.422037
71458,10,23.0,23.726423
71458,11,23.8,23.65654
71458,12,23.4,23.063427
71458,13,23.0,21.966919
71458,14,20.8,20.857256
71458,15,20.3,19.920206
71458,16,20.0,19.177376
71458,17,19.7,18.651287
71458,18,19.2,18.190245
71458,19,18.5,17.749514
71458,20,17.8,17.387209
71458,21,17.9,17.089424
71458,22,17.8,16.901022
71458,23,17.9,16.697147
71458,24,18.1,16.546282
71562,1,15.6,16.212658
71562,2,15.2,17.02087
71562,3,17.4,18.905464
71562,4,20.0,21.724176
71562,5,22.6,24.840246
71562,6,25.2,27.600683
71562,7,27.5,29.668161
71562,8,29.5,31.020855
71562,9,30.9,31.919868
71562,10,31.8,32.34206
71562,11,32.0,32.18063
71562,12,31.7,31.209457
71562,13,30.9,29.227276
71562,14,29.6,27.096657
71562,15,28.0,25.156145
71562,16,25.2,23.686613
71562,17,23.5,22.624672
71562,18,22.2,21.785841
71562,19,21.2,20.930914
71562,20,20.4,20.03892
71562,21,19.5,19.239584
71562,22,19.2,18.586657
71562,23,19.0,17.914999
71562,24,18.6,17.31076
71891,1,27.3,27.203545
71891,2,29.6,29.749851
71891,3,31.2,31.98954
71891,4,33.1,33.721497
71891,5,33.6,34.969017
71891,6,34.2,35.91343
71891,7,35.3,36.379887
71891,8,35.6,36.37283
71891,9,35.6,35.752205
71891,10,34.6,34.09771
71891,11,33.3,32.17863
71891,12,31.1,30.231966
71891,13,30.2,28.6093
71891,14,29.3,27.315144
71891,15,28.4,26.314648
71891,16,27.4,25.395075
71891,17,26.5,24.643946
71891,18,26.1,24.004826
71891,19,26.0,23.453579
71891,20,25.8,22.924973
71891,21,25.4,22.681036
71891,22,25.2,22.835976
71891,23,25.9,23.470762
71891,24,27.2,24.762794
71965,1,30.8,30.48883
71965,2,31.2,30.550278
71965,3,30.2,30.09618
71965,4,29.2,29.005526
71965,5,28.1,27.799416
71965,6,26.7,26.603724
71965,7,25.5,25.712662
71965,8,24.9,25.11602
71965,9,24.7,24.664745
71965,10,24.4,24.218485
71965,11,23.8,23.818443
71965,12,23.4,23.484104
71965,13,23.2,23.231592
71965,14,23.0,22.994984
71965,15,22.8,22.85654
71965,16,22.8,22.991333
71965,17,23.2,23.468914
71965,18,24.9,24.374012
71965,19,26.6,25.647444
71965,20,28.0,27.03949
71965,21,29.2,28.350863
71965,22,30.2,29.42119
71965,23,31.1,30.147337
71965,24,31.6,30.661242
72143,1,27.4,27.045994
72143,2,26.9,26.626026
72143,3,26.5,26.281677
72143,4,26.0,25.968737
72143,5,25.7,25.72054
72143,6,25.2,25.47498
72143,7,24.9,25.267912
72143,8,24.7,24.986399
72143,9,24.6,24.709415
72143,10,24.6,24.611626
72143,11,25.5,24.808996
72143,12,26.8,25.609966
72143,13,28.4,27.031406
72143,14,30.2,28.645542
72143,15,31.5,30.190485
72143,16,32.6,31.425325
72143,17,33.5,32.30028
72143,18,34.5,32.847275
72143,19,34.9,32.96005
72143,20,35.2,32.723488
72143,21,34.7,32.043312
72143,22,33.0,30.811075
72143,23,30.9,29.553936
72143,24,30.0,28.456524
72889,1,26.8,26.84227
72889,2,26.4,26.602566
72889,3,26.1,26.363966
72889,4,25.8,26.29755
72889,5,26.4,26.495497
72889,6,27.0,27.307043
72889,7,29.0,28.727612
72889,8,30.9,30.463799
72889,9,32.7,32.228764
72889,10,34.4,33.81496
72889,11,35.6,34.97409
72889,12,36.5,35.728497
72889,13,36.7,36.03212
72889,14,37.1,35.76938
72889,15,36.6,34.968277
72889,16,35.8,33.495728
72889,17,34.9,32.04981
72889,18,33.5,30.732878
72889,19,30.6,29.674698
72889,20,29.9,28.983448
72889,21,29.3,28.459242
72889,22,28.6,28.02481
72889,23,28.0,27.552826
72889,24,27.6,27.185818
72920,1,25.4,25.458286
72920,2,24.8,24.443293
72920,3,24.4,23.490126
72920,4,23.4,22.630249
72920,5,22.8,21.895393
72920,6,22.4,21.35353
72920,7,22.0,21.256067
72920,8,20.2,21.669806
72920,9,22.3,23.024088
72920,10,24.5,25.367256
72920,11,26.7,27.867786
72920,12,28.9,30.185926
72920,13,30.4,32.090626
72920,14,31.4,33.412384
72920,15,32.0,34.401188
72920,16,32.3,34.909954
72920,17,32.2,34.957428
72920,18,31.7,34.45515
72920,19,30.8,33.213074
72920,20,30.9,31.846802
72920,21,29.9,30.440136
72920,22,29.1,29.143614
72920,23,28.5,27.920664
72920,24,27.3,26.804258
73930,1,3.2,4.053676
73930,2,2.3,4.2796865
73930,3,2.0,5.3943806
73930,4,2.8,7.440818
73930,5,4.1,9.885603
73930,6,5.4,12.303686
73930,7,7.1,14.27129
73930,8,8.4,15.700903
73930,9,9.2,16.600962
73930,10,9.6,16.89496
73930,11,9.5,16.550861
73930,12,8.5,15.631195
73930,13,7.2,14.140217
73930,14,5.4,12.663328
73930,15,4.3,11.370342
73930,16,3.5,10.366265
73930,17,2.6,9.681829
73930,18,1.8,9.155018
73930,19,0.5,8.729838
73930,20,-0.3,8.322838
73930,21,-0.7,7.9848394
73930,22,-1.1,7.6105084
73930,23,-1.4,7.086859
73930,24,-1.7,6.4777994
73975,1,14.2,13.053484
73975,2,13.1,11.51184
73975,3,12.4,10.257209
73975,4,11.0,9.421026
73975,5,9.8,8.883485
73975,6,9.4,8.387981
73975,7,9.3,7.92694
73975,8,9.3,7.372572
73975,9,9.4,7.009191
73975,10,8.9,7.051178
73975,11,7.4,7.3993964
73975,12,7.8,8.466864
73975,13,10.7,10.364435
73975,14,14.4,12.714957
73975,15,17.8,15.391883
73975,16,22.0,18.150887
73975,17,24.5,20.531395
73975,18,25.6,22.269753
73975,19,26.0,22.993437
73975,20,25.9,22.801617
73975,21,25.1,21.861965
73975,22,23.0,20.157574
73975,23,21.0,18.277576
73975,24,19.3,16.411854
74161,1,18.9,18.813366
74161,2,19.1,18.61949
74161,3,19.2,18.31108
74161,4,19.1,18.074938
74161,5,19.2,18.01075
74161,6,19.5,18.531984
74161,7,20.4,19.700716
74161,8,22.1,21.220778
74161,9,24.1,22.817795
74161,10,25.8,24.240856
74161,11,27.1,25.27582
74161,12,28.2,25.909979
74161,13,28.8,26.137793
74161,14,28.8,25.839418
74161,15,28.3,25.08384
74161,16,27.1,23.712534
74161,17,25.3,22.384995
74161,18,23.7,21.13145
74161,19,22.2,20.060293
74161,20,20.8,19.329287
74161,21,19.7,18.752182
74161,22,19.1,18.34415
74161,23,18.6,17.97991
74161,24,18.7,17.75423
74218,1,13.6,13.517177
74218,2,13.1,13.665228
74218,3,13.6,14.324332
74218,4,13.8,15.566617
74218,5,15.1,17.040426
74218,6,16.5,18.548914
74218,7,14.7,19.847034
74218,8,16.7,20.873978
74218,9,18.3,21.603783
74218,10,18.7,21.854282
74218,11,18.1,21.595957
74218,12,18.0,20.781145
74218,13,17.0,19.451838
74218,14,16.8,18.142498
74218,15,16.8,17.032701
74218,16,16.6,16.141237
74218,17,16.7,15.519724
74218,18,17.0,14.996847
74218,19,16.4,14.53654
74218,20,16.7,14.150502
74218,21,16.8,13.8290415
74218,22,17.0,13.548702
74218,23,17.1,13.211081
74218,24,17.3,12.904726
74255,1,13.4,13.499722
74255,2,12.4,12.578887
74255,3,11.5,11.808019
74255,4,10.6,11.190372
74255,5,9.7,10.69826
74255,6,9.2,10.219406
74255,7,8.4,9.799229
74255,8,8.2,9.287485
74255,9,8.0,8.887431
74255,10,7.8,8.878283
74255,11,7.3,9.262709
74255,12,9.0,10.438007
74255,13,11.7,12.478045
74255,14,14.3,14.815594
74255,15,16.9,17.216602
74255,16,20.5,19.433731
74255,17,22.0,21.226898
74255,18,23.0,22.509834
74255,19,23.6,23.034664
74255,20,23.8,22.8875
74255,21,23.6,22.080456
74255,22,23.4,20.558098
74255,23,21.1,18.934135
74255,24,20.0,17.395714
74400,1,20.7,20.535675
74400,2,20.3,20.160654
74400,3,20.0,19.81632
74400,4,19.4,19.434343
74400,5,19.2,19.034077
74400,6,18.7,18.714409
74400,7,19.5,18.646872
74400,8,20.0,18.977863
74400,9,21.0,20.03071
74400,10,22.5,21.821192
74400,11,23.3,23.758625
74400,12,25.3,25.55592
74400,13,27.2,27.070873
74400,14,29.3,28.117647
74400,15,29.6,28.823624
74400,16,30.4,28.987045
74400,17,30.8,28.641542
74400,18,29.4,27.800133
74400,19,27.3,26.434875
74400,20,25.9,25.181751
74400,21,25.0,24.03764
74400,22,23.8,23.06649
74400,23,22.8,22.24108
74400,24,21.9,21.550182
74537,1,20.6,20.666367
74537,2,20.5,20.510595
74537,3,20.5,20.509975
74537,4,21.0,20.841604
74537,5,21.1,21.473661
74537,6,21.9,22.614513
74537,7,23.9,24.174458
74537,8,25.7,25.860336
74537,9,26.4,27.426905
74537,10,27.5,28.738703
74537,11,28.4,29.636444
74537,12,29.7,30.200653
74537,13,30.3,30.369265
74537,14,30.4,30.046803
74537,15,30.4,29.25238
74537,16,27.5,27.876854
74537,17,26.2,26.562887
74537,18,24.9,25.356773
74537,19,23.7,24.354948
74537,20,22.9,23.607515
74537,21,22.3,23.010763
74537,22,22.2,22.516422
74537,23,21.9,22.029995
74537,24,21.7,21.618433
74583,1,20.8,20.827137
74583,2,20.4,20.561895
74583,3,20.3,20.397848
74583,4,21.4,20.250347
74583,5,21.0,20.087015
74583,6,20.6,19.84838
74583,7,20.4,19.630066
74583,8,20.4,19.360909
74583,9,20.4,19.23023
74583,10,20.7,19.435463
74583,11,21.0,19.955877
74583,12,21.4,20.87678
74583,13,22.6,22.150074
74583,14,24.5,23.493093
74583,15,25.5,24.769793
74583,16,26.4,25.8
74583,17,26.4,26.49973
74583,18,27.3,26.881577
74583,19,27.1,26.787
74583,20,27.5,26.369968
74583,21,27.2,25.565899
74583,22,26.4,24.379438
74583,23,25.3,23.223347
74583,24,24.1,22.267971
74650,1,17.0,16.75544
74650,2,16.9,16.802853
74650,3,16.7,17.040033
74650,4,16.6,17.565775
74650,5,16.8,18.206415
74650,6,17.5,19.016655
74650,7,17.8,19.918114
74650,8,17.5,20.803951
74650,9,19.1,21.583939
74650,10,18.5,22.143349
74650,11,18.0,22.41661
74650,12,17.8,22.32754
74650,13,16.5,21.866613
74650,14,15.4,21.230595
74650,15,14.4,20.511026
74650,16,14.2,19.65373
74650,17,14.0,18.921494
74650,18,13.9,18.238075
74650,19,13.1,17.618053
74650,20,12.8,17.128048
74650,21,12.5,16.724918
74650,22,12.2,16.459295
74650,23,11.9,16.241587
74650,24,11.7,16.110098
74678,1,25.6,24.727919
74678,2,24.4,23.798035
74678,3,23.1,22.938404
74678,4,22.4,22.314184
74678,5,21.7,21.88665
74678,6,21.2,21.524677
74678,7,20.9,21.24477
74678,8,20.7,20.947279
74678,9,20.4,20.710571
74678,10,20.3,20.54837
74678,11,20.2,20.377563
74678,12,20.3,20.35709
74678,13,20.3,20.640842
74678,14,21.2,21.217812
74678,15,21.8,22.2521
74678,16,22.5,23.636261
74678,17,23.7,25.052362
74678,18,25.5,26.31083
74678,19,26.4,27.267574
74678,20,28.0,27.909515
74678,21,29.0,28.32707
74678,22,29.3,28.46129
74678,23,29.4,28.324602
74678,24,30.0,27.817684
75350,1,13.6,13.154327
75350,2,14.0,13.264179
75350,3,13.8,13.093698
75350,4,12.8,12.558077
75350,5,12.1,11.92988
75350,6,11.8,11.236643
75350,7,11.3,10.60004
75350,8,11.0,10.2209835
75350,9,10.9,10.019655
75350,10,10.3,9.859262
75350,11,9.6,9.757119
75350,12,9.3,9.674631
75350,13,8.8,9.577363
75350,14,9.2,9.443386
75350,15,8.9,9.260516
75350,16,9.0,9.110535
75350,17,9.0,9.068717
75350,18,9.1,9.128118
75350,19,9.1,9.31492
75350,20,9.3,9.655944
75350,21,10.3,10.132698
75350,22,10.6,10.690304
75350,23,10.8,11.210079
75350,24,10.9,11.678269
75401,1,7.9,7.942249
75401,2,7.8,7.8241606
75401,3,7.7,7.771591
75401,4,7.7,7.723388
75401,5,7.0,7.681679
75401,6,6.6,7.5661874
75401,7,7.0,7.463169
75401,8,6.8,7.433411
75401,9,6.4,7.57002
75401,10,6.1,7.9026766
75401,11,6.6,8.358733
75401,12,6.9,8.846064
75401,13,7.6,9.297866
75401,14,7.8,9.67774
75401,15,8.3,10.008527
75401,16,8.4,10.238211
75401,17,8.5,10.326122
75401,18,8.4,10.235599
75401,19,7.7,9.921435
75401,20,7.2,9.603357
75401,21,7.1,9.280903
75401,22,6.7,8.989324
75401,23,6.2,8.750711
75401,24,5.8,8.493395
75622,1,6.0,6.611146
75622,2,6.1,6.8005733
75622,3,6.0,6.748364
75622,4,5.9,6.3563848
75622,5,6.5,5.8814745
75622,6,6.3,5.3340125
75622,7,6.2,4.808248
75622,8,6.1,4.487286
75622,9,6.1,4.2905784
75622,10,6.1,4.1164684
75622,11,6.1,3.9830976
75622,12,6.0,3.8821807
75622,13,6.0,3.7669969
75622,14,5.9,3.6211638
75622,15,5.3,3.4238036
75622,16,4.7,3.2582245
75622,17,4.0,3.1992788
75622,18,4.2,3.2806692
75622,19,4.3,3.548582
75622,20,4.8,3.9800408
75622,21,5.8,4.538574
75622,22,6.3,5.130958
75622,23,6.9,5.6463966
75622,24,8.2,6.087077
75688,1,10.3,9.925901
75688,2,8.6,9.746266
75688,3,7.8,9.687979
75688,4,6.9,9.698435
75688,5,6.6,9.751249
75688,6,7.4,9.675546
75688,7,7.8,9.478967
75688,8,7.8,9.208278
75688,9,7.8,8.937677
75688,10,7.0,8.6957035
75688,11,7.7,8.524985
75688,12,6.9,8.489705
75688,13,9.2,8.609956
75688,14,11.2,8.9222975
75688,15,10.6,9.41674
75688,16,9.8,10.056384
75688,17,8.9,10.657494
75688,18,8.9,11.15293
75688,19,9.5,11.4631195
75688,20,10.5,11.635175
75688,21,10.0,11.648448
75688,22,9.1,11.440251
75688,23,9.1,11.137222
75688,24,8.5,10.766226
75692,1,9.2,7.1701164
75692,2,11.2,7.587523
75692,3,10.6,8.0259
75692,4,9.8,8.4316635
75692,5,8.9,8.807474
75692,6,8.9,9.142304
75692,7,9.5,9.455346
75692,8,10.5,9.664955
75692,9,10.0,9.631659
75692,10,9.1,9.273387
75692,11,9.1,8.866431
75692,12,8.5,8.450167
75692,13,8.2,8.063787
75692,14,8.0,7.763202
75692,15,7.9,7.500751
75692,16,6.8,7.2874837
75692,17,5.3,7.1996713
75692,18,5.3,7.186441
75692,19,5.3,7.1810665
75692,20,5.1,7.1309843
75692,21,5.4,7.0348153
75692,22,5.7,6.9686255
75692,23,7.2,6.970875
75692,24,7.2,7.0890226
75915,1,0.4,0.49211988
75915,2,0.1,0.5165316
75915,3,-0.2,0.74403095
75915,4,0.2,1.2981222
75915,5,0.4,2.0117366
75915,6,0.9,3.0576134
75915,7,1.8,4.2807536
75915,8,3.2,5.52766
75915,9,4.4,6.621586
75915,10,5.4,7.434516
75915,11,6.0,7.8539863
75915,12,5.9,7.9084735
75915,13,5.3,7.6901445
75915,14,4.2,7.268168
75915,15,3.6,6.684797
75915,16,3.1,5.83702
75915,17,2.3,5.0613995
75915,18,1.9,4.3467093
75915,19,1.5,3.7696352
75915,20,1.0,3.3815122
75915,21,0.6,3.1118584
75915,22,0.7,2.9228745
75915,23,0.7,2.6884918
75915,24,1.0,2.5101957
75917,1,1.8,2.0204976
75917,2,3.2,3.172317
75917,3,4.4,4.2441983
75917,4,5.4,5.000666
75917,5,6.0,5.4257727
75917,6,5.9,5.4590044
75917,7,5.3,5.0312376
75917,8,4.2,4.412971
75917,9,3.6,3.6449466
75917,10,3.1,2.843273
75917,11,2.3,2.3018022
75917,12,1.9,1.9956897
75917,13,1.5,1.8615212
75917,14,1.0,1.8346515
75917,15,0.6,1.7044927
75917,16,0.7,1.4729255
75917,17,0.7,1.2012994
75917,18,1.0,1.0055608
75917,19,0.7,0.92061883
75917,20,0.1,0.8715669
75917,21,0.0,0.92394245
75917,22,0.1,1.0674343
75917,23,-0.3,1.413485
75917,24,1.3,2.0568871
76359,1,10.3,10.186468
76359,2,8.9,9.372722
76359,3,8.0,8.454977
76359,4,7.3,7.5492625
76359,5,6.9,6.8477974
76359,6,6.5,6.2775316
76359,7,5.9,5.9445195
76359,8,6.5,5.7383914
76359,9,6.2,5.5518193
76359,10,6.0,5.280849
76359,11,6.2,4.91668
76359,12,5.9,4.5715547
76359,13,5.6,4.311473
76359,14,6.7,4.21486
76359,15,6.7,4.4082866
76359,16,6.8,5.0001974
76359,17,6.9,5.940046
76359,18,6.6,7.09023
76359,19,7.6,8.289978
76359,20,8.3,9.31233
76359,21,8.5,10.118233
76359,22,9.3,10.609
76359,23,9.2,10.736074
76359,24,9.1,10.556074
76611,1,8.9,8.954775
76611,2,8.3,9.0171385
76611,3,8.5,9.456234
76611,4,9.8,10.370257
76611,5,11.1,11.534206
76611,6,11.9,12.87981
76611,7,12.9,14.217556
76611,8,13.8,15.428968
76611,9,14.4,16.430393
76611,10,14.9,17.119291
76611,11,15.4,17.422432
76611,12,15.5,17.303219
76611,13,15.5,16.7003
76611,14,15.3,15.883234
76611,15,14.0,14.929631
76611,16,12.4,13.811061
76611,17,11.5,12.842487
76611,18,10.2,11.985852
76611,19,9.3,11.2483635
76611,20,8.9,10.637491
76611,21,8.3,10.139423
76611,22,8.2,9.720936
76611,23,7.9,9.303787
76611,24,7.6,8.985694
76843,1,10.6,10.599182
76843,2,10.3,10.639313
76843,3,10.3,10.807875
76843,4,10.5,11.232894
76843,5,10.9,11.763769
76843,6,11.3,12.521542
76843,7,11.8,13.42348
76843,8,12.2,14.344203
76843,9,12.4,15.157869
76843,10,12.8,15.745438
76843,11,14.2,16.054245
76843,12,16.0,16.048714
76843,13,16.5,15.745643
76843,14,16.2,15.247585
76843,15,14.7,14.619965
76843,16,13.6,13.769248
76843,17,12.6,13.014094
76843,18,12.0,12.289588
76843,19,11.3,11.634524
76843,20,11.0,11.118065
76843,21,10.6,10.714476
76843,22,10.1,10.475899
76843,23,9.3,10.30866
76843,24,8.9,10.23555
77371,1,14.5,14.5208845
77371,2,14.4,14.569338
77371,3,14.4,14.8498535
77371,4,14.4,15.466783
77371,5,14.7,16.29913
77371,6,15.2,17.41774
77371,7,16.1,18.686222
77371,8,17.0,19.941742
77371,9,18.1,21.025923
77371,10,19.2,21.82613
77371,11,20.2,22.272648
77371,12,20.8,22.378347
77371,13,21.2,22.10756
77371,14,20.8,21.562275
77371,15,20.8,20.764448
77371,16,20.0,19.64313
77371,17,18.4,18.616455
77371,18,17.0,17.703148
77371,19,16.1,16.956564
77371,20,15.3,16.394451
77371,21,14.8,15.947661
77371,22,14.4,15.565729
77371,23,14.1,15.183692
77371,24,13.7,14.912215
77461,1,21.7,21.715908
77461,2,23.4,23.278368
77461,3,25.0,24.48058
77461,4,26.1,25.328308
77461,5,27.0,25.731302
77461,6,27.4,25.781082
77461,7,27.3,25.372004
77461,8,27.1,24.707914
77461,9,26.0,23.755722
77461,10,24.4,22.377743
77461,11,22.6,21.092304
77461,12,21.1,19.843697
77461,13,20.1,18.768362
77461,14,19.6,17.877012
77461,15,18.8,17.210001
77461,16,18.1,16.572056
77461,17,17.4,16.035578
77461,18,17.4,15.521257
77461,19,16.9,15.107004
77461,20,16.6,14.797321
77461,21,16.9,14.988109
77461,22,17.8,15.89082
77461,23,18.9,17.312538
77461,24,20.4,18.974064
77522,1,16.1,16.427933
77522,2,15.7,16.230421
77522,3,15.4,16.006287
77522,4,15.2,15.802678
77522,5,15.1,15.659091
77522,6,14.9,15.755064
77522,7,15.0,16.215633
77522,8,15.0,16.924429
77522,9,15.8,17.878777
77522,10,17.0,18.920534
77522,11,18.5,19.85958
77522,12,18.8,20.605957
77522,13,19.0,21.191195
77522,14,19.6,21.510855
77522,15,19.9,21.673994
77522,16,20.4,21.52089
77522,17,19.6,21.19833
77522,18,19.7,20.628082
77522,19,18.8,19.757736
77522,20,17.9,18.941225
77522,21,17.6,18.175507
77522,22,16.3,17.579884
77522,23,15.5,17.098806
77522,24,14.9,16.72502
77650,1,18.5,18.708498
77650,2,18.0,18.230846
77650,3,17.6,17.668169
77650,4,17.3,17.181084
77650,5,16.0,16.936556
77650,6,16.7,17.261711
77650,7,17.9,18.390564
77650,8,20.1,19.938194
77650,9,22.2,21.759426
77650,10,24.1,23.569386
77650,11,25.8,25.102713
77650,12,27.2,26.262451
77650,13,28.2,27.028166
77650,14,28.4,27.246786
77650,15,28.5,27.111486
77650,16,28.6,26.531134
77650,17,28.1,25.916449
77650,18,26.9,25.136414
77650,19,25.9,23.999249
77650,20,25.0,22.801497
77650,21,24.0,21.614681
77650,22,22.8,20.713129
77650,23,22.0,19.940336
77650,24,21.0,19.366604
77729,1,17.3,17.237032
77729,2,17.0,16.760855
77729,3,16.7,16.351566
77729,4,16.3,15.977994
77729,5,15.9,15.631193
77729,6,15.7,15.277487
77729,7,15.5,15.044294
77729,8,15.2,14.936707
77729,9,15.1,15.17267
77729,10,15.6,15.918689
77729,11,16.7,16.93132
77729,12,18.3,18.134134
77729,13,19.7,19.378147
77729,14,20.6,20.472054
77729,15,21.3,21.386911
77729,16,21.8,21.982384
77729,17,22.4,22.274654
77729,18,22.8,22.278399
77729,19,23.1,21.887192
77729,20,22.5,21.335207
77729,21,21.4,20.573692
77729,22,19.9,19.620695
77729,23,18.8,18.700956
77729,24,18.2,17.898554
77849,1,23.8,23.428211
77849,2,22.8,22.609165
77849,3,21.8,21.746975
77849,4,20.0,20.899763
77849,5,18.5,20.090105
77849,6,17.4,19.32441
77849,7,16.8,18.679815
77849,8,16.0,18.288187
77849,9,15.6,18.394085
77849,10,16.2,19.172832
77849,11,17.1,20.346931
77849,12,18.1,21.908918
77849,13,19.3,23.702127
77849,14,20.8,25.329489
77849,15,22.5,26.644836
77849,16,24.0,27.337435
77849,17,24.6,27.52488
77849,18,24.3,27.231873
77849,19,23.8,26.463907
77849,20,22.5,25.601381
77849,21,19.2,24.614813
77849,22,17.6,23.439507
77849,23,16.7,22.40976
77849,24,16.1,21.54302
78368,1,9.0,8.305475
78368,2,8.9,8.018807
78368,3,7.8,7.8147717
78368,4,7.7,7.67826
78368,5,7.2,7.586605
78368,6,7.6,7.420405
78368,7,7.2,7.20184
78368,8,6.8,6.906243
78368,9,6.5,6.6072683
78368,10,6.4,6.3514385
78368,11,6.2,6.1920624
78368,12,6.4,6.249545
78368,13,6.7,6.585689
78368,14,6.9,7.145303
78368,15,7.0,7.9110894
78368,16,7.7,8.778343
78368,17,8.6,9.562129
78368,18,9.2,10.1952305
78368,19,9.7,10.587069
78368,20,10.3,10.783763
78368,21,10.5,10.754374
78368,22,10.8,10.434895
78368,23,10.6,10.012622
78368,24,10.4,9.523028
78528,1,13.8,13.62086
78528,2,13.9,13.308984
78528,3,13.7,13.1376915
78528,4,13.7,13.092452
78528,5,13.5,13.132317
78528,6,13.1,13.03439
78528,7,12.3,12.770657
78528,8,11.5,12.5131445
78528,9,11.1,12.340946
78528,10,10.2,12.218651
78528,11,10.0,12.142271
78528,12,9.9,12.13166
78528,13,9.9,12.166475
78528,14,9.3,12.34487
78528,15,9.1,12.658245
78528,16,8.2,13.070598
78528,17,8.8,13.416686
78528,18,8.8,13.583452
78528,19,9.0,13.531547
78528,20,9.0,13.4142475
78528,21,8.9,13.287174
78528,22,8.7,13.099291
78528,23,8.7,12.894441
78528,24,8.5,12.614684
79607,1,15.1,14.942641
79607,2,14.9,14.005663
79607,3,14.0,12.935161
79607,4,12.6,11.853224
79607,5,11.1,10.967262
79607,6,9.9,10.197062
79607,7,9.4,9.681571
79607,8,9.1,9.239561
79607,9,8.3,8.816818
79607,10,7.4,8.339553
79607,11,6.7,7.7748394
79607,12,6.6,7.3001003
79607,13,6.7,7.0301113
79607,14,5.5,7.035962
79607,15,6.6,7.500127
79607,16,7.4,8.536467
79607,17,8.9,9.98848
79607,18,10.9,11.692875
79607,19,12.5,13.419265
79607,20,14.3,14.839536
79607,21,15.5,15.874678
79607,22,16.5,16.391779
79607,23,16.7,16.416317
79607,24,16.3,16.073032
79675,1,13.3,13.850913
79675,2,12.9,13.953551
79675,3,13.1,14.4652815
79675,4,14.1,15.489426
79675,5,15.9,16.776203
79675,6,17.6,18.214073
79675,7,19.3,19.619093
79675,8,21.5,20.86359
79675,9,22.9,21.90407
79675,10,23.8,22.64388
79675,11,24.2,23.005882
79675,12,24.2,22.911308
79675,13,24.2,22.245909
79675,14,23.6,21.315872
79675,15,22.6,20.231129
79675,16,21.0,18.975876
79675,17,19.4,17.890564
79675,18,17.7,16.9135
79675,19,16.4,16.016129
79675,20,15.1,15.214215
79675,21,13.6,14.53787
79675,22,12.7,13.999679
79675,23,12.3,13.52293
79675,24,12.1,13.187417
79698,1,12.1,12.545441
79698,2,11.6,12.270792
79698,3,11.5,11.954674
79698,4,11.4,11.669996
79698,5,11.1,11.519397
79698,6,11.4,11.754468
79698,7,11.9,12.55481
79698,8,12.6,13.678557
79698,9,13.4,15.077813
79698,10,13.4,16.55445
79698,11,14.2,17.874739
79698,12,16.1,18.937492
79698,13,17.5,19.733673
79698,14,17.8,20.112358
79698,15,17.9,20.197388
79698,16,15.4,19.850018
79698,17,15.5,19.349989
79698,18,15.4,18.62436
79698,19,15.1,17.543129
79698,20,14.1,16.448254
79698,21,13.2,15.363401
79698,22,12.6,14.475743
79698,23,12.3,13.721603
79698,24,12.0,13.178247
