window,hour,actual,predicted
218,1,15.8,14.9302845
218,2,15.7,14.539034
218,3,15.2,14.29823
218,4,15.4,14.158745
218,5,16.1,14.116625
218,6,16.8,14.358552
218,7,17.1,14.97618
218,8,18.0,15.820122
218,9,18.6,16.891306
218,10,19.8,18.03052
218,11,19.9,19.0771
218,12,19.4,20.061098
218,13,20.7,20.824757
218,14,22.6,21.341818
218,15,22.5,21.610107
218,16,22.1,21.505268
218,17,21.3,21.179817
218,18,19.9,20.580719
218,19,18.7,19.664959
218,20,17.9,18.75528
218,21,17.3,17.780405
218,22,16.8,16.795723
218,23,16.3,15.978292
218,24,16.3,15.27978
427,1,9.2,4.6204867
427,2,9.6,4.9860277
427,3,9.5,5.711528
427,4,9.2,6.693801
427,5,8.9,7.8194227
427,6,9.3,9.019605
427,7,10.4,10.045544
427,8,11.1,10.820022
427,9,11.1,11.294729
427,10,11.0,11.3797245
427,11,10.0,11.1604805
427,12,8.7,10.764768
427,13,7.0,10.075374
427,14,4.9,9.439761
427,15,2.8,8.737385
427,16,1.2,7.9533834
427,17,2.6,7.2935696
427,18,1.4,6.723892
427,19,0.1,6.300009
427,20,-1.0,5.9584002
427,21,-2.0,5.651712
427,22,-2.8,5.3250923
427,23,-3.5,5.022127
427,24,-3.9,4.8509603
661,1,5.7,8.798932
661,2,7.7,10.102063
661,3,9.0,11.292784
661,4,9.7,12.125246
661,5,10.1,12.596789
661,6,9.6,12.660444
661,7,9.0,12.287943
661,8,8.0,11.654987
661,9,6.3,10.845442
661,10,5.1,9.859877
661,11,4.9,8.910105
661,12,3.9,8.025309
661,13,2.9,7.137753
661,14,2.1,6.3799047
661,15,1.4,5.7696114
661,16,0.8,5.2712145
661,17,0.3,4.8714848
661,18,-0.2,4.558601
661,19,-0.6,4.366029
661,20,-1.0,4.362267
661,21,-1.2,4.661634
661,22,-1.6,5.35958
661,23,-1.6,6.291152
661,24,-0.5,7.4278293
1176,1,14.0,14.79852
1176,2,14.4,13.8962345
1176,3,12.9,13.10318
1176,4,12.1,12.356254
1176,5,12.0,11.715222
1176,6,10.7,11.10351
1176,7,9.5,10.606795
1176,8,8.7,10.13037
1176,9,8.4,9.770143
1176,10,8.2,9.57741
1176,11,8.4,9.532444
1176,12,8.1,9.764962
1176,13,7.6,10.360016
1176,14,10.1,11.151798
1176,15,11.0,12.32996
1176,16,10.9,13.711327
1176,17,9.7,15.091693
1176,18,11.0,16.310194
1176,19,11.3,17.124609
1176,20,10.9,17.58365
1176,21,10.5,17.67889
1176,22,10.2,17.353235
1176,23,10.8,16.842167
1176,24,10.4,16.094982
1280,1,12.1,12.003388
1280,2,11.9,10.581257
1280,3,11.1,9.273121
1280,4,9.9,8.057359
1280,5,8.8,7.0068827
1280,6,8.0,6.139337
1280,7,7.3,5.3875217
1280,8,6.7,4.6972065
1280,9,6.8,4.113288
1280,10,6.9,3.585154
1280,11,6.7,3.3063164
1280,12,6.5,3.5823705
1280,13,6.4,4.649696
1280,14,8.1,6.417441
1280,15,11.3,8.698474
1280,16,14.4,11.243927
1280,17,16.8,13.657294
1280,18,18.3,15.763899
1280,19,19.6,17.288654
1280,20,20.3,18.122599
1280,21,20.4,18.160257
1280,22,20.1,17.223082
1280,23,19.4,15.897308
1280,24,18.0,14.345055
1306,1,10.6,10.801266
1306,2,10.0,10.179473
1306,3,9.3,9.638418
1306,4,8.4,9.190183
1306,5,8.2,8.879208
1306,6,7.9,8.978415
1306,7,7.8,9.640063
1306,8,9.7,10.696095
1306,9,14.1,12.19692
1306,10,17.6,13.952236
1306,11,20.2,15.672314
1306,12,22.0,17.267801
1306,13,23.6,18.553854
1306,14,24.7,19.343393
1306,15,25.3,19.754257
1306,16,24.5,19.648485
1306,17,24.0,19.19483
1306,18,22.4,18.355406
1306,19,20.7,17.092093
1306,20,19.9,15.874551
1306,21,18.6,14.653062
1306,22,17.8,13.55184
1306,23,16.9,12.691198
1306,24,15.2,11.948217
1319,1,20.9,19.248842
1319,2,21.0,18.20133
1319,3,18.7,16.791786
1319,4,18.0,15.009362
1319,5,17.9,13.360156
1319,6,16.3,11.909268
1319,7,15.0,10.84545
1319,8,13.7,10.110698
1319,9,12.8,9.537104
1319,10,12.2,8.999432
1319,11,11.8,8.3981495
1319,12,11.1,7.8040705
1319,13,10.4,7.382923
1319,14,9.8,7.1337357
1319,15,9.1,7.2892776
1319,16,8.8,7.9552317
1319,17,9.9,9.179301
1319,18,12.8,10.937122
1319,19,15.7,13.023319
1319,20,18.4,15.210222
1319,21,20.4,17.264761
1319,22,22.0,18.850948
1319,23,23.1,19.797543
1319,24,23.6,20.0332
1765,1,25.9,20.7839
1765,2,27.1,22.993795
1765,3,27.5,24.934338
1765,4,27.7,26.25758
1765,5,28.0,26.907248
1765,6,27.9,26.976856
1765,7,27.4,26.50818
1765,8,26.3,25.721369
1765,9,24.9,24.669683
1765,10,23.8,23.221708
1765,11,23.4,21.790388
1765,12,22.5,20.397833
1765,13,21.7,19.029253
1765,14,21.1,17.886686
1765,15,20.7,16.95861
1765,16,20.0,16.174885
1765,17,19.0,15.444583
1765,18,18.1,14.78409
1765,19,17.6,14.218163
1765,20,17.3,13.939537
1765,21,17.2,14.104205
1765,22,18.9,14.963218
1765,23,21.9,16.262848
1765,24,23.7,18.023428
2059,1,22.1,19.150331
2059,2,21.9,18.959787
2059,3,22.0,19.46415
2059,4,23.0,20.67408
2059,5,24.2,22.367592
2059,6,26.5,24.401043
2059,7,28.1,26.491444
2059,8,29.3,28.334427
2059,9,30.1,29.874935
2059,10,31.0,30.963432
2059,11,31.4,31.434338
2059,12,31.9,31.419703
2059,13,24.8,30.645882
2059,14,24.6,29.506271
2059,15,24.4,28.150143
2059,16,24.3,26.591393
2059,17,23.0,25.255856
2059,18,23.0,24.104618
2059,19,22.8,23.23249
2059,20,22.5,22.559237
2059,21,22.3,21.956657
2059,22,22.0,21.38053
2059,23,21.8,20.772892
2059,24,21.6,20.172918
2262,1,33.7,30.39204
2262,2,33.9,30.943459
2262,3,33.8,31.140566
2262,4,32.9,30.789415
2262,5,31.2,30.17654
2262,6,31.6,29.249622
2262,7,29.8,27.952868
2262,8,29.6,26.7171
2262,9,27.9,25.556225
2262,10,23.1,24.521837
2262,11,23.8,23.63847
2262,12,24.2,22.941896
2262,13,23.7,22.274174
2262,14,23.6,21.73085
2262,15,23.5,21.281384
2262,16,23.4,21.00609
2262,17,23.3,20.952164
2262,18,23.1,21.29062
2262,19,23.7,22.148537
2262,20,25.7,23.338697
2262,21,26.9,24.825314
2262,22,27.9,26.437714
2262,23,27.8,27.963406
2262,24,27.7,29.241796
2271,1,31.5,28.436996
2271,2,31.7,28.074236
2271,3,31.1,27.461102
2271,4,30.4,26.510906
2271,5,27.8,25.51252
2271,6,27.1,24.49205
2271,7,26.5,23.474371
2271,8,25.8,22.668966
2271,9,25.3,22.042196
2271,10,24.7,21.567106
2271,11,24.0,21.19012
2271,12,23.5,20.946856
2271,13,23.0,20.803814
2271,14,22.7,20.79164
2271,15,22.5,20.977348
2271,16,23.4,21.409424
2271,17,25.2,22.051144
2271,18,27.1,22.928362
2271,19,28.6,24.024303
2271,20,29.6,25.193756
2271,21,30.8,26.35639
2271,22,31.5,27.345728
2271,23,32.1,28.102833
2271,24,32.3,28.48335
2682,1,20.5,21.34603
2682,2,19.9,20.643393
2682,3,19.5,20.160337
2682,4,19.0,19.915058
2682,5,18.6,19.877127
2682,6,18.2,20.294918
2682,7,18.4,21.315002
2682,8,20.1,22.676193
2682,9,22.8,24.39873
2682,10,24.9,26.284292
2682,11,26.4,27.995771
2682,12,27.6,29.507526
2682,13,28.4,30.614311
2682,14,28.7,31.168732
2682,15,29.0,31.330624
2682,16,28.8,30.962673
2682,17,28.3,30.307863
2682,18,27.5,29.343117
2682,19,25.3,28.031841
2682,20,24.4,26.806038
2682,21,23.0,25.561846
2682,22,21.9,24.400997
2682,23,21.3,23.436619
2682,24,20.8,22.538317
3243,1,17.7,13.895594
3243,2,17.7,14.591304
3243,3,17.8,15.445541
3243,4,18.7,16.33707
3243,5,18.3,17.187847
3243,6,19.0,18.037052
3243,7,20.6,18.594364
3243,8,21.1,19.016937
3243,9,22.2,19.239538
3243,10,23.8,19.095394
3243,11,24.2,18.78645
3243,12,24.5,18.41504
3243,13,24.1,17.80611
3243,14,22.9,17.387579
3243,15,20.9,16.83395
3243,16,20.2,16.143911
3243,17,19.5,15.446124
3243,18,18.8,14.745293
3243,19,18.0,14.200159
3243,20,17.1,13.749083
3243,21,16.2,13.365303
3243,22,15.3,13.037501
3243,23,14.6,12.877246
3243,24,14.1,12.991649
3271,1,21.2,16.046186
3271,2,20.9,15.935542
3271,3,20.3,15.6476345
3271,4,18.0,15.092835
3271,5,17.3,14.4737215
3271,6,17.2,13.7973175
3271,7,16.9,13.049434
3271,8,16.7,12.437538
3271,9,16.8,11.978
3271,10,17.0,11.674915
3271,11,16.0,11.50724
3271,12,15.4,11.44723
3271,13,14.8,11.440976
3271,14,14.4,11.512903
3271,15,13.8,11.707569
3271,16,13.2,12.038331
3271,17,13.0,12.454717
3271,18,14.5,12.943609
3271,19,16.1,13.495191
3271,20,17.2,14.080237
3271,21,18.0,14.699811
3271,22,18.2,15.279601
3271,23,18.2,15.795391
3271,24,18.1,16.121296
3340,1,0.6,5.2292614
3340,2,1.3,5.765257
3340,3,3.2,6.5214624
3340,4,4.0,7.3931723
3340,5,4.5,8.301705
3340,6,5.9,9.181753
3340,7,6.3,9.839205
3340,8,7.2,10.2441845
3340,9,7.8,10.366676
3340,10,8.2,10.099028
3340,11,7.8,9.613573
3340,12,7.2,9.005845
3340,13,6.2,8.213804
3340,14,7.1,7.5401497
3340,15,7.1,6.9211397
3340,16,7.0,6.325861
3340,17,6.6,5.8714924
3340,18,6.3,5.4979563
3340,19,5.4,5.2492805
3340,20,5.4,5.0636554
3340,21,5.5,4.9321785
3340,22,5.6,4.8647985
3340,23,5.8,4.8506985
3340,24,5.8,4.991265
3451,1,8.6,9.850729
3451,2,8.6,10.01
3451,3,8.7,10.569639
3451,4,9.8,11.478626
3451,5,10.0,12.626182
3451,6,10.4,13.98163
3451,7,10.9,15.245731
3451,8,10.7,16.32879
3451,9,12.7,17.132404
3451,10,13.4,17.503826
3451,11,14.9,17.48393
3451,12,15.4,17.182287
3451,13,15.2,16.449146
3451,14,14.4,15.719049
3451,15,14.1,14.868384
3451,16,14.2,13.927255
3451,17,14.3,13.151355
3451,18,14.7,12.497829
3451,19,15.0,12.0461035
3451,20,15.0,11.696021
3451,21,15.3,11.361772
3451,22,15.1,10.964734
3451,23,12.2,10.553312
3451,24,11.0,10.224496
3880,1,12.5,10.693348
3880,2,12.1,9.446625
3880,3,11.1,8.348033
3880,4,11.1,7.346551
3880,5,11.3,6.523019
3880,6,10.9,5.803754
3880,7,8.6,5.2583094
3880,8,8.7,4.7237463
3880,9,8.0,4.2846575
3880,10,8.0,3.9748924
3880,11,7.9,3.8228471
3880,12,7.7,4.053974
3880,13,7.2,4.8339343
3880,14,7.3,5.9725914
3880,15,9.7,7.5875044
3880,16,12.8,9.447865
3880,17,16.0,11.30761
3880,18,18.4,12.994537
3880,19,20.5,14.206919
3880,20,21.0,14.932531
3880,21,20.0,15.109359
3880,22,19.5,14.604052
3880,23,18.8,13.766935
3880,24,17.1,12.637024
3886,1,20.5,14.193256
3886,2,21.0,14.910411
3886,3,20.0,15.35616
3886,4,19.5,15.331418
3886,5,18.8,15.034953
3886,6,17.1,14.390876
3886,7,15.9,13.399347
3886,8,15.2,12.379608
3886,9,14.8,11.395399
3886,10,14.3,10.558098
3886,11,13.8,9.898491
3886,12,13.6,9.395111
3886,13,13.7,8.935323
3886,14,13.6,8.517388
3886,15,13.7,8.162872
3886,16,13.5,7.8863926
3886,17,13.5,7.7280016
3886,18,13.8,7.8002057
3886,19,14.2,8.155002
3886,20,14.6,8.789327
3886,21,14.9,9.736453
3886,22,16.4,10.916967
3886,23,16.4,12.144714
3886,24,16.7,13.275991
3986,1,-0.2,3.5184412
3986,2,-0.3,2.8791513
3986,3,-1.1,2.3359773
3986,4,-2.1,1.9339327
3986,5,-2.8,1.7017637
3986,6,-3.1,1.7786236
3986,7,-3.1,2.2599437
3986,8,-3.0,3.0536056
3986,9,-2.6,4.2568865
3986,10,-2.0,5.8038707
3986,11,-1.0,7.407523
3986,12,0.4,8.988533
3986,13,1.8,10.347843
3986,14,2.5,11.279255
3986,15,2.3,11.807058
3986,16,2.2,11.841759
3986,17,1.8,11.505956
3986,18,0.6,10.770802
3986,19,-0.2,9.690482
3986,20,-1.0,8.630892
3986,21,-1.7,7.531987
3986,22,-2.1,6.5133867
3986,23,-2.6,5.700757
3986,24,-3.0,4.9731083
4159,1,4.6,14.306348
4159,2,4.3,14.078585
4159,3,3.5,13.653629
4159,4,2.0,12.958524
4159,5,1.8,12.237782
4159,6,1.8,11.473669
4159,7,1.3,10.706812
4159,8,1.2,10.07762
4159,9,0.7,9.57658
4159,10,0.0,9.222655
4159,11,-0.5,8.970709
4159,12,-0.7,8.805214
4159,13,-0.5,8.717041
4159,14,-0.2,8.684934
4159,15,-0.4,8.80727
4159,16,-1.5,9.102189
4159,17,-0.5,9.567797
4159,18,0.9,10.205086
4159,19,2.2,10.971996
4159,20,3.5,11.816727
4159,21,4.6,12.696048
4159,22,5.7,13.491648
4159,23,6.7,14.128153
4159,24,7.1,14.482854
4682,1,22.7,19.232517
4682,2,20.7,18.712992
4682,3,19.0,18.455288
4682,4,19.7,18.440928
4682,5,19.6,18.62297
4682,6,19.8,19.147964
4682,7,21.9,20.10512
4682,8,23.5,21.245607
4682,9,25.5,22.55003
4682,10,27.2,23.87308
4682,11,28.8,24.980698
4682,12,29.6,25.916082
4682,13,22.0,26.522139
4682,14,23.2,26.772793
4682,15,25.9,26.762623
4682,16,28.0,26.382397
4682,17,28.4,25.86754
4682,18,26.3,25.178745
4682,19,23.3,24.258688
4682,20,22.4,23.406189
4682,21,22.4,22.507246
4682,22,22.3,21.588408
4682,23,21.9,20.77021
4682,24,21.7,19.980492
4889,1,23.3,21.759718
4889,2,22.6,20.845617
4889,3,22.1,20.175829
4889,4,21.7,19.632881
4889,5,21.6,19.184069
4889,6,21.3,18.801281
4889,7,21.0,18.506134
4889,8,20.5,18.371609
4889,9,20.3,18.612785
4889,10,19.9,19.401676
4889,11,19.9,20.466476
4889,12,20.2,21.941536
4889,13,20.2,23.59258
4889,14,20.3,25.129469
4889,15,20.6,26.525291
4889,16,20.8,27.539108
4889,17,21.0,28.116358
4889,18,21.4,28.264307
4889,19,21.6,27.919449
4889,20,22.2,27.326275
4889,21,21.5,26.48973
4889,22,20.6,25.345905
4889,23,21.0,24.307667
4889,24,21.0,23.201275
5291,1,19.6,15.157028
5291,2,18.9,14.712699
5291,3,18.4,14.447379
5291,4,18.3,14.3010235
5291,5,18.1,14.25518
5291,6,17.5,14.442525
5291,7,17.5,14.952122
5291,8,17.4,15.648216
5291,9,18.4,16.568714
5291,10,20.6,17.610838
5291,11,23.0,18.609436
5291,12,25.4,19.616112
5291,13,27.5,20.466562
5291,14,29.2,21.08863
5291,15,29.1,21.497162
5291,16,29.0,21.537357
5291,17,28.0,21.336548
5291,18,27.3,20.844612
5291,19,26.7,20.006598
5291,20,23.7,19.136406
5291,21,24.5,18.176085
5291,22,23.8,17.171213
5291,23,22.9,16.325592
5291,24,22.4,15.580604
5340,1,10.5,7.0955586
5340,2,10.1,6.542931
5340,3,9.6,6.2409787
5340,4,9.2,6.357582
5340,5,6.8,6.97301
5340,6,8.5,8.610447
5340,7,12.0,10.839701
5340,8,15.5,13.578552
5340,9,18.5,16.571333
5340,10,20.7,19.228935
5340,11,22.3,21.25224
5340,12,23.1,22.397709
5340,13,23.6,22.402557
5340,14,23.5,21.854488
5340,15,21.7,20.618172
5340,16,19.3,18.982872
5340,17,19.6,17.358194
5340,18,19.2,15.705566
5340,19,18.6,14.308587
5340,20,18.3,13.186863
5340,21,17.8,12.210302
5340,22,17.4,11.396689
5340,23,17.1,10.649859
5340,24,16.8,9.951034
5829,1,1.5,1.7601281
5829,2,0.7,2.017919
5829,3,0.8,2.79174
5829,4,2.9,4.0303
5829,5,5.6,5.5402884
5829,6,7.9,7.172643
5829,7,9.6,8.585289
5829,8,10.6,9.663248
5829,9,11.1,10.364898
5829,10,11.2,10.629974
5829,11,10.9,10.477835
5829,12,10.1,10.026115
5829,13,7.6,9.122166
5829,14,8.0,8.239223
5829,15,6.6,7.2675047
5829,16,5.6,6.311884
5829,17,4.9,5.5652823
5829,18,4.1,4.9167166
5829,19,3.7,4.49638
5829,20,3.0,4.127689
5829,21,2.3,3.7671356
5829,22,1.6,3.3851464
5829,23,1.0,2.990798
5829,24,0.4,2.6709323
6008,1,9.6,13.085348
6008,2,10.0,12.864046
6008,3,10.0,12.418024
6008,4,9.8,11.671636
6008,5,8.9,10.893831
6008,6,8.9,10.07195
6008,7,8.8,9.27611
6008,8,8.9,8.642971
6008,9,9.2,8.165887
6008,10,9.4,7.870836
6008,11,9.5,7.683794
6008,12,9.9,7.576558
6008,13,10.3,7.52916
6008,14,10.9,7.4882836
6008,15,11.7,7.5678296
6008,16,12.2,7.7896786
6008,17,11.4,8.179156
6008,18,12.0,8.754389
6008,19,13.5,9.479822
6008,20,15.3,10.324046
6008,21,16.4,11.238678
6008,22,17.4,12.103978
6008,23,18.1,12.814737
6008,24,20.4,13.234852
6217,1,30.1,22.368029
6217,2,25.6,21.378788
6217,3,22.6,20.40018
6217,4,21.6,19.371773
6217,5,20.1,18.44594
6217,6,19.4,17.605185
6217,7,18.5,16.896885
6217,8,17.5,16.282232
6217,9,16.3,15.7795515
6217,10,15.5,15.332314
6217,11,14.9,14.964903
6217,12,15.2,14.8030815
6217,13,17.2,14.975576
6217,14,16.0,15.48557
6217,15,17.5,16.526196
6217,16,20.8,18.028107
6217,17,24.3,19.702707
6217,18,27.8,21.337948
6217,19,30.5,22.710665
6217,20,31.8,23.69625
6217,21,32.1,24.27709
6217,22,32.2,24.371246
6217,23,32.0,24.152843
6217,24,31.5,23.57704
6340,1,17.8,14.7721
6340,2,17.8,14.661989
6340,3,17.9,14.78421
6340,4,17.6,15.10415
6340,5,17.5,15.582207
6340,6,17.8,16.353188
6340,7,18.0,17.321743
6340,8,18.4,18.391455
6340,9,19.2,19.502108
6340,10,19.4,20.437944
6340,11,21.0,21.134104
6340,12,21.9,21.64647
6340,13,23.4,21.779165
6340,14,23.9,21.744194
6340,15,23.6,21.438137
6340,16,22.8,20.812803
6340,17,19.9,20.101137
6340,18,19.5,19.273506
6340,19,19.2,18.3946
6340,20,18.5,17.604107
6340,21,18.2,16.808527
6340,22,18.1,16.023554
6340,23,17.7,15.367105
6340,24,17.4,14.867024
6422,1,11.5,14.097211
6422,2,14.0,15.897956
6422,3,15.9,17.741413
6422,4,17.5,19.342766
6422,5,18.3,20.516207
6422,6,19.0,21.248806
6422,7,19.4,21.448456
6422,8,19.6,21.19014
6422,9,19.2,20.527185
6422,10,17.6,19.317465
6422,11,15.5,17.98973
6422,12,13.7,16.625929
6422,13,12.5,15.2258415
6422,14,11.6,14.115285
6422,15,11.1,13.292676
6422,16,10.8,12.673322
6422,17,10.4,12.142561
6422,18,9.8,11.600859
6422,19,8.9,11.036971
6422,20,8.1,10.553189
6422,21,7.3,10.309969
6422,22,6.9,10.550354
6422,23,7.4,11.153384
6422,24,10.9,12.22769
6577,1,27.1,22.768377
6577,2,24.7,22.009644
6577,3,24.2,21.313385
6577,4,23.9,20.600046
6577,5,23.1,19.94565
6577,6,22.3,19.304565
6577,7,21.7,18.69702
6577,8,21.3,18.150448
6577,9,21.5,17.730293
6577,10,21.7,17.464895
6577,11,21.9,17.339157
6577,12,21.9,17.47215
6577,13,21.9,17.896372
6577,14,22.5,18.552704
6577,15,23.7,19.549637
6577,16,24.9,20.772678
6577,17,26.6,22.01087
6577,18,27.8,23.132366
6577,19,27.5,23.980392
6577,20,29.0,24.52157
6577,21,28.9,24.749979
6577,22,29.5,24.596895
6577,23,29.2,24.279339
6577,24,29.3,23.716667
6591,1,28.1,24.483189
6591,2,28.7,24.961996
6591,3,28.5,25.207855
6591,4,29.6,25.062513
6591,5,30.6,24.73159
6591,6,30.4,24.150703
6591,7,28.9,23.163792
6591,8,26.5,22.214426
6591,9,25.6,21.322357
6591,10,24.3,20.531725
6591,11,24.0,19.89279
6591,12,23.5,19.417517
6591,13,22.9,18.920485
6591,14,22.4,18.574018
6591,15,22.0,18.261223
6591,16,21.8,18.05702
6591,17,21.5,17.976688
6591,18,21.5,18.13348
6591,19,21.8,18.688286
6591,20,22.6,19.458454
6591,21,23.1,20.447508
6591,22,23.9,21.527851
6591,23,25.0,22.600544
6591,24,27.5,23.536663
6716,1,23.4,20.566227
6716,2,23.2,20.32672
6716,3,22.7,20.47248
6716,4,22.3,21.008976
6716,5,22.6,21.821579
6716,6,24.6,22.936817
6716,7,26.7,24.25645
6716,8,28.9,25.58128
6716,9,31.0,26.864613
6716,10,32.8,27.950422
6716,11,34.6,28.68957
6716,12,36.0,29.162287
6716,13,36.8,29.152954
6716,14,37.3,28.827684
6716,15,37.1,28.223576
6716,16,36.0,27.279474
6716,17,31.5,26.325146
6716,18,29.8,25.36249
6716,19,28.3,24.447203
6716,20,26.9,23.694586
6716,21,25.9,22.97007
6716,22,24.9,22.264547
6716,23,24.2,21.629581
6716,24,23.9,21.055773
7131,1,23.3,21.351519
7131,2,23.2,21.113878
7131,3,23.1,20.999556
7131,4,22.9,20.936668
7131,5,23.0,20.892818
7131,6,23.4,21.019905
7131,7,23.5,21.359175
7131,8,23.9,21.8692
7131,9,24.0,22.552353
7131,10,24.2,23.323435
7131,11,24.1,24.072086
7131,12,24.1,24.870163
7131,13,24.6,25.577736
7131,14,25.1,26.163132
7131,15,24.3,26.523045
7131,16,24.0,26.527052
7131,17,23.9,26.295446
7131,18,24.2,25.837908
7131,19,23.8,25.134733
7131,20,24.4,24.444817
7131,21,24.0,23.684765
7131,22,24.0,22.852524
7131,23,24.0,22.170143
7131,24,24.0,21.574085
7257,1,33.0,29.324715
7257,2,30.4,28.521421
7257,3,29.3,27.74691
7257,4,28.4,26.935242
7257,5,27.9,26.164576
7257,6,27.3,25.38134
7257,7,26.8,24.675787
7257,8,26.3,24.038012
7257,9,25.9,23.542683
7257,10,25.6,23.242628
7257,11,25.4,23.081835
7257,12,25.4,23.167715
7257,13,25.4,23.572083
7257,14,25.8,24.137266
7257,15,27.0,25.094353
7257,16,28.5,26.316034
7257,17,29.9,27.590992
7257,18,31.1,28.81095
7257,19,32.5,29.782953
7257,20,33.5,30.495544
7257,21,34.5,30.925999
7257,22,35.0,31.011831
7257,23,35.2,30.898823
7257,24,34.4,30.451311
7308,1,25.9,23.242882
7308,2,25.6,22.81088
7308,3,25.2,22.802673
7308,4,25.2,23.235907
7308,5,26.0,23.986177
7308,6,26.7,25.071365
7308,7,28.6,26.46878
7308,8,30.2,27.887821
7308,9,31.7,29.291603
7308,10,32.5,30.554068
7308,11,33.2,31.447117
7308,12,34.3,32.059044
7308,13,29.2,32.189396
7308,14,29.1,31.906248
7308,15,30.1,31.346252
7308,16,30.2,30.419374
7308,17,29.9,29.488499
7308,18,28.8,28.560667
7308,19,27.9,27.639164
7308,20,27.1,26.893728
7308,21,26.7,26.16367
7308,22,26.3,25.431719
7308,23,25.9,24.735779
7308,24,25.6,24.029484
8437,1,0.9,1.1440127
8437,2,0.5,1.1540778
8437,3,0.9,1.5479606
8437,4,2.3,2.3411236
8437,5,4.2,3.4428277
8437,6,6.2,4.746848
8437,7,7.9,5.9130926
8437,8,10.0,6.9198833
8437,9,11.2,7.6961308
8437,10,12.0,8.164333
8437,11,12.2,8.304368
8437,12,11.6,8.20481
8437,13,10.6,7.6629143
8437,14,10.7,7.110673
8437,15,10.3,6.3139687
8437,16,9.9,5.3983626
8437,17,9.4,4.6184645
8437,18,9.1,3.9267488
8437,19,8.1,3.5426683
8437,20,7.7,3.2683012
8437,21,7.2,2.990201
8437,22,6.9,2.6336284
8437,23,6.9,2.2378824
8437,24,6.7,1.8789966
9197,1,13.9,12.480012
9197,2,13.5,12.876337
9197,3,15.5,14.059896
9197,4,18.2,15.903374
9197,5,21.2,18.094929
9197,6,24.2,20.483772
9197,7,27.5,22.663975
9197,8,29.2,24.369318
9197,9,30.2,25.57202
9197,10,30.6,26.100536
9197,11,30.6,25.955385
9197,12,30.1,25.306362
9197,13,29.5,23.923903
9197,14,26.9,22.434647
9197,15,25.4,20.935097
9197,16,23.5,19.488453
9197,17,21.7,18.336042
9197,18,20.1,17.320671
9197,19,18.8,16.506622
9197,20,18.2,15.742623
9197,21,17.9,15.0421295
9197,22,17.7,14.430345
9197,23,17.4,13.860425
9197,24,17.1,13.452115
9542,1,16.6,18.685015
9542,2,18.3,20.286303
9542,3,19.8,21.817772
9542,4,20.9,23.069296
9542,5,21.8,23.924967
9542,6,22.4,24.423615
9542,7,22.5,24.503506
9542,8,22.5,24.26207
9542,9,22.0,23.699627
9542,10,21.9,22.624565
9542,11,19.6,21.44658
9542,12,18.3,20.201246
9542,13,17.3,18.904621
9542,14,16.5,17.845873
9542,15,15.8,17.027987
9542,16,14.1,16.381128
9542,17,12.9,15.834603
9542,18,12.3,15.321096
9542,19,12.2,14.862494
9542,20,11.8,14.542243
9542,21,11.9,14.462516
9542,22,12.4,14.854808
9542,23,14.0,15.565053
9542,24,17.0,16.675045
9928,1,29.7,26.830067
9928,2,30.7,26.47994
9928,3,29.6,25.943413
9928,4,30.4,25.12875
9928,5,29.2,24.27211
9928,6,28.2,23.391903
9928,7,25.5,22.499256
9928,8,23.3,21.792921
9928,9,23.5,21.264624
9928,10,24.0,20.909384
9928,11,24.7,20.662964
9928,12,24.3,20.553932
9928,13,24.0,20.534908
9928,14,23.8,20.625586
9928,15,23.4,20.889412
9928,16,23.3,21.35469
9928,17,23.9,21.965921
9928,18,25.4,22.72954
9928,19,25.4,23.62438
9928,20,24.6,24.548578
9928,21,27.5,25.45082
9928,22,29.0,26.196327
9928,23,30.2,26.768414
9928,24,30.2,27.016716
9977,1,32.0,30.060108
9977,2,31.1,29.02114
9977,3,29.6,28.026997
9977,4,28.3,27.02857
9977,5,27.5,26.116417
9977,6,26.7,25.22646
9977,7,25.8,24.487253
9977,8,25.5,23.804878
9977,9,25.4,23.24569
9977,10,25.2,22.836267
9977,11,24.8,22.54304
9977,12,24.6,22.50659
9977,13,25.4,22.872772
9977,14,25.9,23.466446
9977,15,27.5,24.596184
9977,16,28.9,26.1162
9977,17,30.6,27.758017
9977,18,32.5,29.359055
9977,19,33.3,30.654318
9977,20,34.5,31.59879
9977,21,35.6,32.15598
9977,22,35.1,32.258217
9977,23,34.8,32.063774
9977,24,34.5,31.463331
10048,1,11.2,14.779343
10048,2,12.0,15.051341
10048,3,12.4,14.963036
10048,4,11.7,14.374924
10048,5,9.5,13.635816
10048,6,7.8,12.715599
10048,7,6.7,11.639667
10048,8,6.2,10.680618
10048,9,5.7,9.824723
10048,10,5.0,9.106161
10048,11,4.5,8.503884
10048,12,4.0,8.015096
10048,13,3.5,7.5440373
10048,14,2.9,7.0985136
10048,15,3.0,6.71104
10048,16,2.9,6.4341393
10048,17,2.6,6.4083233
10048,18,2.5,6.778058
10048,19,4.0,7.5853395
10048,20,5.7,8.739298
10048,21,8.7,10.162734
10048,22,10.3,11.658711
10048,23,11.3,12.998233
10048,24,12.0,14.0616
10591,1,-10.5,-1.8055712
10591,2,-8.5,-1.541638
10591,3,-7.0,-1.3823076
10591,4,-5.9,-1.3315225
10591,5,-5.5,-1.2989547
10591,6,-5.3,-1.3836513
10591,7,-6.4,-1.7323415
10591,8,-6.7,-2.1349165
10591,9,-6.9,-2.650187
10591,10,-7.2,-3.1167946
10591,11,-7.1,-3.530982
10591,12,-7.6,-3.9914005
10591,13,-7.4,-4.507518
10591,14,-6.4,-4.886189
10591,15,-4.8,-5.2894063
10591,16,-4.1,-5.493328
10591,17,-3.5,-5.487028
10591,18,-2.7,-5.359625
10591,19,-2.2,-4.884891
10591,20,-1.5,-4.2924933
10591,21,-0.9,-3.6311574
10591,22,-0.7,-2.8837802
10591,23,-0.9,-2.205681
10591,24,-0.9,-1.73406
10795,1,-2.9,-0.21941876
10795,2,-2.8,-1.124046
10795,3,-2.9,-1.7872933
10795,4,-3.2,-2.277394
10795,5,-3.0,-2.6799104
10795,6,-2.4,-3.1797013
10795,7,-1.9,-3.2769213
10795,8,-1.5,-3.4207768
10795,9,-1.5,-3.3961737
10795,10,-1.1,-2.720079
10795,11,0.6,-1.8193138
10795,12,2.8,-0.6441364
10795,13,4.8,0.85111034
10795,14,6.0,1.9175743
10795,15,6.7,2.9881766
10795,16,6.0,3.7691605
10795,17,5.2,4.3560925
10795,18,5.1,4.6254063
10795,19,4.1,4.309454
10795,20,3.4,3.9003854
10795,21,3.1,3.318015
10795,22,3.5,2.665884
10795,23,3.3,2.0210855
10795,24,4.3,1.083769
11179,1,3.3,6.9411736
11179,2,2.3,6.5274777
11179,3,0.4,6.2042923
11179,4,-0.6,5.819165
11179,5,-1.1,5.4549437
11179,6,-2.0,5.0961637
11179,7,-3.3,4.7089405
11179,8,-4.7,4.4443645
11179,9,-4.9,4.4321847
11179,10,-4.1,4.8124948
11179,11,-1.1,5.4113913
11179,12,0.2,6.3160353
11179,13,1.6,7.328136
11179,14,3.2,8.3218355
11179,15,4.4,9.151817
11179,16,4.7,9.699062
11179,17,4.9,9.986365
11179,18,4.2,10.053814
11179,19,3.5,9.898156
11179,20,3.1,9.660035
11179,21,1.7,9.341242
11179,22,0.1,8.817612
11179,23,1.0,8.351526
11179,24,0.1,7.8368006
11297,1,7.3,11.205564
11297,2,6.5,10.924924
11297,3,5.4,10.3832855
11297,4,4.5,9.524066
11297,5,4.6,8.7076
11297,6,3.9,7.8539214
11297,7,3.5,6.9371324
11297,8,3.0,6.1540036
11297,9,2.5,5.4559345
11297,10,2.1,4.8586884
11297,11,1.6,4.3237944
11297,12,1.5,3.8979404
11297,13,1.2,3.5263638
11297,14,1.0,3.269184
11297,15,0.9,3.1209023
11297,16,2.3,3.1714005
11297,17,5.0,3.5342321
11297,18,8.0,4.2950788
11297,19,10.8,5.498102
11297,20,12.9,6.915076
11297,21,14.1,8.40483
11297,22,14.9,9.712989
11297,23,15.0,10.690697
11297,24,14.6,11.2735615
11657,1,10.8,8.685417
11657,2,10.6,8.300731
11657,3,10.2,7.8366284
11657,4,9.9,7.1910076
11657,5,9.7,6.5596952
11657,6,9.6,5.9086733
11657,7,9.5,5.267827
11657,8,9.7,4.719304
11657,9,9.8,4.325489
11657,10,9.9,4.119279
11657,11,10.2,4.037719
11657,12,10.7,4.0989356
11657,13,11.5,4.2824507
11657,14,12.6,4.5305343
11657,15,13.9,4.9736795
11657,16,16.1,5.577701
11657,17,14.0,6.2665644
11657,18,14.1,6.9793644
11657,19,14.7,7.634643
11657,20,15.0,8.220866
11657,21,16.0,8.749978
11657,22,18.2,9.144226
11657,23,20.0,9.410761
11657,24,20.3,9.450975
11906,1,27.2,21.093187
11906,2,26.0,20.073856
11906,3,25.3,19.298445
11906,4,25.0,18.63303
11906,5,24.3,18.065168
11906,6,23.3,17.611616
11906,7,22.8,17.233187
11906,8,22.0,17.02057
11906,9,21.2,17.13721
11906,10,20.5,17.702393
11906,11,20.4,18.530306
11906,12,21.6,19.829979
11906,13,23.0,21.419008
11906,14,23.4,23.120348
11906,15,23.6,24.7533
11906,16,24.0,26.09463
11906,17,24.6,27.029404
11906,18,23.7,27.536482
11906,19,23.2,27.535652
11906,20,23.3,27.175869
11906,21,23.0,26.43388
11906,22,20.3,25.177893
11906,23,18.9,23.934746
11906,24,17.4,22.61136
11909,1,20.5,16.711082
11909,2,20.4,17.30136
11909,3,21.6,18.508724
11909,4,23.0,20.205454
11909,5,23.4,22.10082
11909,6,23.6,24.101398
11909,7,24.0,25.853868
11909,8,24.6,27.197031
11909,9,23.7,28.09166
11909,10,23.2,28.380438
11909,11,23.3,28.133896
11909,12,23.0,27.51005
11909,13,20.3,26.318182
11909,14,18.9,25.09969
11909,15,17.4,23.838837
11909,16,17.3,22.562357
11909,17,18.8,21.478634
11909,18,18.5,20.49297
11909,19,17.4,19.684128
11909,20,17.1,18.957119
11909,21,17.5,18.307611
11909,22,17.5,17.765135
11909,23,18.1,17.326754
11909,24,18.6,17.097095
11958,1,22.0,18.699894
11958,2,24.3,20.585474
11958,3,25.7,22.548574
11958,4,26.7,24.309368
11958,5,27.2,25.636293
11958,6,27.6,26.541058
11958,7,27.4,26.899979
11958,8,27.3,26.778494
11958,9,26.6,26.199526
11958,10,25.9,24.994509
11958,11,25.2,23.610004
11958,12,24.0,22.133913
11958,13,22.2,20.583302
11958,14,21.9,19.340675
11958,15,20.9,18.384354
11958,16,19.9,17.650387
11958,17,18.8,17.025257
11958,18,17.7,16.409855
11958,19,16.9,15.803948
11958,20,15.9,15.288438
11958,21,15.0,15.013592
11958,22,14.6,15.229254
11958,23,14.8,15.812892
11958,24,15.0,16.874725
12015,1,26.1,25.319818
12015,2,28.3,26.108816
12015,3,29.6,26.667423
12015,4,30.9,26.78068
12015,5,31.0,26.602016
12015,6,30.1,26.050411
12015,7,29.0,24.99847
12015,8,28.2,23.906487
12015,9,27.8,22.844082
12015,10,26.5,21.904007
12015,11,26.0,21.152502
12015,12,24.9,20.599752
12015,13,24.3,20.05579
12015,14,24.1,19.64955
12015,15,23.6,19.296242
12015,16,23.2,19.044353
12015,17,22.8,18.872152
12015,18,22.3,18.900625
12015,19,21.8,19.275019
12015,20,21.6,19.881374
12015,21,20.6,20.774826
12015,22,20.6,21.877733
12015,23,22.1,23.067657
12015,24,22.8,24.191465
13995,1,-3.4,-4.0521526
13995,2,-4.3,-4.576896
13995,3,-5.9,-5.0118313
13995,4,-5.2,-5.383114
13995,5,-3.6,-5.6815624
13995,6,-3.3,-5.8535028
13995,7,-3.4,-6.055032
13995,8,-3.7,-6.1040406
13995,9,-4.1,-5.9791164
13995,10,-3.8,-5.5072737
13995,11,-2.9,-4.842368
13995,12,-2.0,-4.0072784
13995,13,-0.3,-3.0827203
13995,14,0.9,-1.9874457
13995,15,1.1,-1.104321
13995,16,0.8,-0.31191874
13995,17,0.8,0.2673167
13995,18,0.9,0.4857093
13995,19,0.8,0.5029228
13995,20,0.6,0.2828946
13995,21,0.5,-0.19499266
13995,22,0.8,-0.9381623
13995,23,0.8,-1.655793
13995,24,0.7,-2.4884937
14030,1,-2.5,-4.0951424
14030,2,-1.4,-3.518402
14030,3,0.2,-2.793971
14030,4,1.2,-1.95291
14030,5,1.9,-1.1569989
14030,6,2.5,-0.46656013
14030,7,3.7,0.24016547
14030,8,3.9,0.63252634
14030,9,3.7,0.61259204
14030,10,3.4,0.27864206
14030,11,2.1,-0.27667928
14030,12,0.7,-1.0680146
14030,13,0.1,-1.899145
14030,14,-0.8,-2.721953
14030,15,-1.9,-3.4188738
14030,16,-2.9,-3.9787424
14030,17,-3.7,-4.2764893
14030,18,-4.6,-4.523499
14030,19,-4.2,-4.749468
14030,20,-5.0,-4.8729477
14030,21,-6.1,-4.974908
14030,22,-6.8,-4.853306
14030,23,-7.2,-4.699786
14030,24,-8.9,-4.5531282
14673,1,30.4,23.298449
14673,2,28.9,22.399885
14673,3,27.6,21.321959
14673,4,26.2,19.990099
14673,5,25.1,18.732817
14673,6,24.0,17.597057
14673,7,22.4,16.63552
14673,8,21.0,15.899447
14673,9,20.4,15.326709
14673,10,18.8,14.8024025
14673,11,17.3,14.313639
14673,12,16.6,13.969987
14673,13,16.1,13.84901
14673,14,15.5,14.037854
14673,15,16.1,14.657615
14673,16,17.3,15.746186
14673,17,18.5,17.14559
14673,18,19.7,18.735367
14673,19,20.4,20.368965
14673,20,20.2,21.830904
14673,21,19.7,23.030415
14673,22,19.7,23.7778
14673,23,19.2,24.113605
14673,24,19.9,23.986702
14775,1,8.3,17.368656
14775,2,8.2,18.4339
14775,3,8.5,19.33105
14775,4,8.1,19.884083
14775,5,8.2,20.157557
14775,6,8.9,20.187801
14775,7,9.0,19.88397
14775,8,9.3,19.479807
14775,9,9.6,18.962175
14775,10,9.5,18.19309
14775,11,8.8,17.41384
14775,12,8.1,16.636383
14775,13,7.7,15.762144
14775,14,7.4,15.0502205
14775,15,7.4,14.415982
14775,16,5.8,13.86044
14775,17,5.7,13.400211
14775,18,5.4,13.046452
14775,19,5.4,12.899989
14775,20,6.2,12.95339
14775,21,7.9,13.248075
14775,22,10.9,13.859182
14775,23,13.5,14.658017
14775,24,16.1,15.658295
15658,1,5.7,4.3172708
15658,2,5.0,4.395119
15658,3,3.8,4.301494
15658,4,3.3,3.9916925
15658,5,3.4,3.6235626
15658,6,3.7,3.1411138
15658,7,3.6,2.4390666
15658,8,3.7,1.811138
15658,9,3.6,1.2923491
15658,10,3.6,0.96130455
15658,11,3.7,0.8062182
15658,12,3.7,0.79704237
15658,13,3.7,0.810364
15658,14,3.7,0.9460896
15658,15,3.8,1.023214
15658,16,3.9,1.1631389
15658,17,4.6,1.3380017
15658,18,4.5,1.5198896
15658,19,3.5,1.9082947
15658,20,2.5,2.3638694
15658,21,3.2,2.8644142
15658,22,3.2,3.3859267
15658,23,2.7,3.8997154
15658,24,2.2,4.2927504
15874,1,-1.2,-0.6951407
15874,2,-1.6,-0.95650876
15874,3,-2.7,-1.4298967
15874,4,-3.3,-2.0973625
15874,5,-3.5,-2.7451727
15874,6,-4.2,-3.2746353
15874,7,-4.9,-3.8712034
15874,8,-5.6,-4.2390404
15874,9,-6.1,-4.473505
15874,10,-6.5,-4.5749273
15874,11,-6.9,-4.579607
15874,12,-7.1,-4.6251736
15874,13,-7.1,-4.699571
15874,14,-7.1,-4.513935
15874,15,-7.0,-4.3312187
15874,16,-6.8,-3.8403594
15874,17,-7.4,-3.2101958
15874,18,-6.6,-2.6036506
15874,19,-5.1,-1.8178672
15874,20,-3.4,-1.113448
15874,21,-1.5,-0.5127772
15874,22,0.4,-0.033721447
15874,23,2.0,0.3102696
15874,24,3.0,0.3860917
15956,1,-1.2,-1.8184747
15956,2,-1.2,-2.2870703
15956,3,-1.2,-2.6310692
15956,4,-1.0,-2.923271
15956,5,-0.9,-3.2113922
15956,6,-0.8,-3.525103
15956,7,-0.8,-3.6176238
15956,8,-0.6,-3.7067108
15956,9,-0.4,-3.7122333
15956,10,-0.4,-3.3510375
15956,11,-1.2,-2.8301454
15956,12,-0.8,-2.1236124
15956,13,-0.1,-1.1725918
15956,14,0.3,-0.32812655
15956,15,0.8,0.4877348
15956,16,1.9,1.1383005
15956,17,2.2,1.6422517
15956,18,2.2,1.8582811
15956,19,2.7,1.6724364
15956,20,2.6,1.3639238
15956,21,2.3,0.8747375
15956,22,2.2,0.28523147
15956,23,1.4,-0.27185726
15956,24,0.9,-0.9794376
16789,1,10.3,13.479185
16789,2,10.3,13.445617
16789,3,10.1,13.499166
16789,4,10.1,13.561511
16789,5,9.9,13.635619
16789,6,9.9,13.9279785
16789,7,10.1,14.396372
16789,8,10.0,15.027244
16789,9,10.1,15.75977
16789,10,10.1,16.401232
16789,11,10.3,16.950657
16789,12,10.4,17.462818
16789,13,11.3,17.815256
16789,14,11.5,18.167934
16789,15,12.1,18.313065
16789,16,11.9,18.185383
16789,17,11.6,17.895555
16789,18,10.9,17.403982
16789,19,10.3,16.727222
16789,20,10.0,16.051346
16789,21,9.7,15.308657
16789,22,9.5,14.507999
16789,23,9.4,13.856358
16789,24,9.3,13.377987
17511,1,22.8,21.075758
17511,2,23.5,21.75204
17511,3,23.8,22.65682
17511,4,24.3,23.668262
17511,5,23.3,24.647038
17511,6,23.1,25.568947
17511,7,23.0,26.18296
17511,8,23.5,26.576336
17511,9,23.1,26.702192
17511,10,22.9,26.450382
17511,11,22.7,25.993752
17511,12,22.6,25.46192
17511,13,22.3,24.719444
17511,14,22.0,24.131401
17511,15,21.8,23.497173
17511,16,21.9,22.794882
17511,17,21.8,22.1446
17511,18,21.6,21.55508
17511,19,21.4,21.13348
17511,20,21.1,20.814753
17511,21,21.0,20.563438
17511,22,21.1,20.367441
17511,23,21.1,20.297028
17511,24,21.1,20.419308
18092,1,7.0,6.981787
18092,2,6.9,6.1790447
18092,3,6.5,5.580376
18092,4,6.4,5.0706596
18092,5,6.0,4.6924334
18092,6,5.8,4.370863
18092,7,5.6,4.1833878
18092,8,5.2,4.108524
18092,9,5.2,4.3372126
18092,10,5.5,5.056564
18092,11,5.8,5.9800596
18092,12,6.4,7.1971493
18092,13,7.3,8.522703
18092,14,8.7,9.655619
18092,15,9.9,10.669225
18092,16,11.1,11.364862
18092,17,11.4,11.779311
18092,18,11.1,11.913851
18092,19,10.6,11.666604
18092,20,10.1,11.285108
18092,21,9.1,10.767055
18092,22,8.5,10.023652
18092,23,7.7,9.312603
18092,24,7.5,8.486073
18116,1,7.7,10.055046
18116,2,7.5,9.206789
18116,3,6.8,8.544108
18116,4,6.6,7.974782
18116,5,6.3,7.505908
18116,6,6.1,7.109357
18116,7,5.3,6.836933
18116,8,5.5,6.6984935
18116,9,5.9,6.8820457
18116,10,6.6,7.537341
18116,11,6.8,8.454792
18116,12,7.3,9.733542
18116,13,8.5,11.23079
18116,14,10.4,12.645048
18116,15,11.9,13.979663
18116,16,13.7,14.996263
18116,17,14.6,15.648495
18116,18,14.8,15.916084
18116,19,14.4,15.685588
18116,20,13.4,15.217091
18116,21,11.8,14.5130205
18116,22,10.8,13.512561
18116,23,10.3,12.574006
18116,24,9.6,11.575241
18158,1,8.5,11.244576
18158,2,8.2,11.526928
18158,3,8.0,12.0718
18158,4,7.7,12.829704
18158,5,7.5,13.727494
18158,6,7.6,14.771344
18158,7,7.8,15.683777
18158,8,7.9,16.494274
18158,9,7.6,17.118055
18158,10,7.2,17.400745
18158,11,7.1,17.424883
18158,12,7.0,17.277262
18158,13,7.0,16.781708
18158,14,6.9,16.31943
18158,15,6.6,15.669408
18158,16,6.6,14.836398
18158,17,6.4,14.0534
18158,18,5.8,13.322893
18158,19,5.0,12.774319
18158,20,4.4,12.348626
18158,21,4.7,11.964278
18158,22,4.8,11.563568
18158,23,4.9,11.231418
18158,24,4.9,11.054876
18376,1,-10.3,1.8637806
18376,2,-9.0,2.3720355
18376,3,-7.9,2.8654377
18376,4,-5.6,3.3244271
18376,5,-4.8,3.7265863
18376,6,-4.4,3.9963698
18376,7,-4.0,4.130293
18376,8,-4.0,4.095869
18376,9,-4.5,3.8682313
18376,10,-4.0,3.456471
18376,11,-4.4,2.984621
18376,12,-4.7,2.45177
18376,13,-4.5,1.8660207
18376,14,-3.9,1.32864
18376,15,-3.4,0.82606936
18376,16,-2.2,0.37762105
18376,17,-1.9,0.080093145
18376,18,-1.7,-0.1650474
18376,19,-1.5,-0.25241864
18376,20,-2.1,-0.20085108
18376,21,-2.9,-0.07147205
18376,22,-3.5,0.25845456
18376,23,-4.0,0.6482844
18376,24,-3.7,1.0828266
18422,1,-4.4,-3.4725723
18422,2,-4.4,-3.4986377
18422,3,-4.7,-3.3667126
18422,4,-5.3,-3.0775497
18422,5,-5.9,-2.6998675
18422,6,-6.0,-2.170777
18422,7,-5.3,-1.4353466
18422,8,-4.7,-0.7450104
18422,9,-4.2,-0.21162546
18422,10,-3.9,0.1867888
18422,11,-3.6,0.40579307
18422,12,-3.5,0.45380855
18422,13,-3.4,0.40047944
18422,14,-3.8,0.30905056
18422,15,-4.0,0.09350443
18422,16,-3.7,-0.22398615
18422,17,-4.0,-0.4695096
18422,18,-4.3,-0.78729963
18422,19,-3.8,-1.157559
18422,20,-4.2,-1.4761173
18422,21,-4.2,-1.8822616
18422,22,-3.5,-2.2968984
18422,23,-3.9,-2.712243
18422,24,-3.6,-3.1532407
18442,1,-11.6,0.7076178
18442,2,-12.1,0.43650413
18442,3,-12.5,0.14058936
18442,4,-12.4,-0.2188685
18442,5,-13.2,-0.6192105
18442,6,-14.3,-1.0836921
18442,7,-15.0,-1.167691
18442,8,-15.5,-1.2911179
18442,9,-15.9,-1.4291656
18442,10,-16.3,-1.4199827
18442,11,-17.0,-1.3886251
18442,12,-17.2,-1.3871646
18442,13,-17.5,-1.1832231
18442,14,-17.7,-1.184985
18442,15,-18.0,-0.92255163
18442,16,-18.4,-0.54154277
18442,17,-18.7,-0.01816237
18442,18,-18.8,0.43548083
18442,19,-18.1,0.5659034
18442,20,-17.2,0.6879121
18442,21,-16.2,0.744531
18442,22,-14.5,0.92494184
18442,23,-13.9,1.0577476
18442,24,-13.4,0.96224356
18546,1,7.6,6.5471554
18546,2,7.2,6.6563134
18546,3,6.8,6.5834885
18546,4,6.1,6.256055
18546,5,5.8,5.8639736
18546,6,5.2,5.362719
18546,7,4.6,4.689268
18546,8,4.0,4.0919247
18546,9,3.5,3.606735
18546,10,3.4,3.2743454
18546,11,3.5,3.0862045
18546,12,3.4,3.0180745
18546,13,3.3,2.951876
18546,14,3.2,2.939713
18546,15,3.1,2.9122167
18546,16,3.3,2.9250138
18546,17,3.5,3.005403
18546,18,3.5,3.162476
18546,19,4.1,3.523632
18546,20,4.6,4.0045066
18546,21,5.0,4.5903606
18546,22,4.4,5.231124
18546,23,5.1,5.8559813
18546,24,5.1,6.3622923
18600,1,-8.5,-1.4493529
18600,2,-8.4,-0.9874011
18600,3,-8.0,-0.39135635
18600,4,-6.4,0.27254546
18600,5,-6.2,0.84283096
18600,6,-5.8,1.1637721
18600,7,-5.8,1.687328
18600,8,-6.3,1.8243197
18600,9,-7.1,1.5648559
18600,10,-6.8,1.1341219
18600,11,-7.5,0.5429822
18600,12,-7.9,-0.20460296
18600,13,-8.3,-0.82204616
18600,14,-8.6,-1.6694483
18600,15,-8.6,-2.2188659
18600,16,-7.3,-2.6704357
18600,17,-7.6,-2.83617
18600,18,-7.4,-2.9156966
18600,19,-7.3,-3.1554613
18600,20,-7.3,-3.2351289
18600,21,-7.3,-3.2414656
18600,22,-7.0,-2.9099205
18600,23,-7.1,-2.5564327
18600,24,-7.1,-2.2940803
19137,1,3.5,10.591412
19137,2,3.9,11.1443615
19137,3,4.1,11.462335
19137,4,4.4,11.364876
19137,5,4.2,11.068606
19137,6,4.2,10.47651
19137,7,3.7,9.554543
19137,8,3.9,8.621401
19137,9,3.8,7.7567377
19137,10,3.6,7.068754
19137,11,4.0,6.564624
19137,12,4.2,6.2363186
19137,13,5.2,5.929499
19137,14,5.1,5.6351676
19137,15,4.9,5.352603
19137,16,4.4,5.0826225
19137,17,4.2,4.900049
19137,18,4.0,4.9287167
19137,19,2.9,5.2508974
19137,20,2.6,5.8402143
19137,21,2.6,6.717655
19137,22,3.0,7.7839785
19137,23,3.2,8.878188
19137,24,3.9,9.878484
19357,1,0.9,15.177977
19357,2,0.6,14.697131
19357,3,0.2,14.39489
19357,4,-0.3,14.223165
19357,5,-0.7,14.166741
19357,6,-1.2,14.380114
19357,7,-0.7,14.971104
19357,8,-0.4,15.775683
19357,9,0.0,16.824594
19357,10,0.5,17.993708
19357,11,0.9,19.096184
19357,12,1.2,20.168306
19357,13,1.6,21.045527
19357,14,1.9,21.647923
19357,15,1.9,22.015808
19357,16,1.8,21.998678
19357,17,1.4,21.739815
19357,18,1.0,21.18413
19357,19,1.1,20.272629
19357,20,0.7,19.343683
19357,21,0.7,18.333607
19357,22,1.0,17.301222
19357,23,1.5,16.434387
19357,24,2.2,15.668256
20349,1,10.7,12.282061
20349,2,10.1,11.1455345
20349,3,9.2,10.113297
20349,4,8.6,9.116421
20349,5,8.1,8.193009
20349,6,7.4,7.529098
20349,7,7.1,6.936119
20349,8,6.8,6.6469946
20349,9,6.7,6.808378
20349,10,6.7,7.3888597
20349,11,4.2,8.368787
20349,12,5.4,9.922696
20349,13,7.6,11.942348
20349,14,10.4,14.303556
20349,15,13.1,16.580008
20349,16,15.1,18.530094
20349,17,16.4,19.892914
20349,18,17.2,20.633408
20349,19,17.6,20.725094
20349,20,17.4,20.281363
20349,21,15.6,19.295086
20349,22,13.8,17.65521
20349,23,14.8,16.049685
20349,24,13.8,14.493528
20556,1,18.2,17.507895
20556,2,18.3,17.096014
20556,3,17.7,16.582775
20556,4,17.1,15.878853
20556,5,16.0,15.162437
20556,6,15.7,14.448743
20556,7,15.4,13.746769
20556,8,15.0,13.181842
20556,9,14.3,12.778661
20556,10,14.0,12.522148
20556,11,13.8,12.389278
20556,12,13.7,12.39873
20556,13,14.1,12.542349
20556,14,11.8,12.834637
20556,15,11.9,13.358366
20556,16,13.3,14.096296
20556,17,15.6,14.913833
20556,18,17.6,15.724504
20556,19,19.6,16.44803
20556,20,21.9,17.050364
20556,21,23.4,17.537634
20556,22,23.7,17.844069
20556,23,23.5,18.032223
20556,24,22.2,17.99706
20733,1,0.5,8.034255
20733,2,0.2,7.1982875
20733,3,0.1,6.588793
20733,4,-0.7,6.0987616
20733,5,-0.9,5.727579
20733,6,-1.7,5.3955536
20733,7,-1.6,5.182045
20733,8,-1.7,5.0481997
20733,9,-2.0,5.1943264
20733,10,-2.5,5.807447
20733,11,-2.7,6.656708
20733,12,-2.8,7.8550262
20733,13,-2.4,9.261657
20733,14,-1.7,10.55243
20733,15,-1.2,11.788871
20733,16,0.3,12.726896
20733,17,0.8,13.343981
20733,18,2.2,13.615122
20733,19,2.9,13.407481
20733,20,3.1,12.979105
20733,21,2.7,12.334791
20733,22,1.8,11.409399
20733,23,1.9,10.525342
20733,24,1.1,9.55802
21097,1,0.3,8.338815
21097,2,1.9,9.077621
21097,3,3.4,10.024705
21097,4,4.7,11.063659
21097,5,5.9,12.069565
21097,6,6.9,12.977838
21097,7,7.7,13.643746
21097,8,7.9,14.002887
21097,9,7.7,14.018435
21097,10,6.4,13.583328
21097,11,6.9,12.915371
21097,12,6.5,12.089872
21097,13,5.7,11.1083
21097,14,5.1,10.264977
21097,15,5.2,9.563541
21097,16,5.5,8.966992
21097,17,5.6,8.5379505
21097,18,5.2,8.188053
21097,19,4.5,7.912388
21097,20,4.5,7.69373
21097,21,4.3,7.5475683
21097,22,4.4,7.5417595
21097,23,4.4,7.627918
21097,24,4.4,7.8967195
21304,1,8.2,4.2209272
21304,2,6.1,3.9272418
21304,3,7.7,4.2610273
21304,4,9.6,5.26629
21304,5,11.5,6.8122606
21304,6,13.2,8.79176
21304,7,14.7,10.907268
21304,8,15.8,12.818691
21304,9,16.5,14.439747
21304,10,17.1,15.604664
21304,11,17.2,16.131918
21304,12,16.9,16.068861
21304,13,16.2,15.223641
21304,14,15.1,13.992229
21304,15,14.3,12.572563
21304,16,12.6,11.034717
21304,17,11.4,9.814703
21304,18,10.6,8.845322
21304,19,9.8,8.176203
21304,20,9.4,7.7202134
21304,21,9.0,7.3585496
21304,22,8.5,7.0128574
21304,23,8.2,6.5448127
21304,24,8.0,6.005481
21455,1,8.4,10.234329
21455,2,7.9,9.743685
21455,3,7.6,9.5335045
21455,4,7.4,9.692635
21455,5,8.2,10.256065
21455,6,10.7,11.59263
21455,7,13.5,13.418357
21455,8,16.4,15.608853
21455,9,18.6,17.992887
21455,10,19.8,20.123726
21455,11,20.6,21.748184
21455,12,21.1,22.741222
21455,13,21.3,22.846441
21455,14,21.1,22.49883
21455,15,20.6,21.61753
21455,16,19.2,20.36314
21455,17,17.7,19.086859
21455,18,16.4,17.738417
21455,19,15.5,16.506021
21455,20,14.8,15.467545
21455,21,14.3,14.507967
21455,22,13.9,13.647471
21455,23,13.6,12.86928
21455,24,13.2,12.162186
21541,1,26.3,21.937344
21541,2,25.9,21.240984
21541,3,25.2,20.757624
21541,4,24.7,20.353449
21541,5,24.2,20.008217
21541,6,23.7,19.687653
21541,7,23.2,19.35387
21541,8,21.1,19.133993
21541,9,21.4,19.180695
21541,10,21.0,19.65777
21541,11,19.3,20.365467
21541,12,19.7,21.456856
21541,13,20.6,22.720919
21541,14,22.1,23.995422
21541,15,23.6,25.15028
21541,16,24.9,26.004242
21541,17,25.7,26.521223
21541,18,25.3,26.724188
21541,19,25.6,26.577042
21541,20,24.6,26.22838
21541,21,24.8,25.661856
21541,22,23.6,24.757849
21541,23,21.1,23.912842
21541,24,19.2,22.98676
21838,1,22.5,21.635946
21838,2,22.7,21.217436
21838,3,22.2,20.964203
21838,4,22.6,20.814924
21838,5,21.5,20.724346
21838,6,21.2,20.8051
21838,7,21.3,21.143068
21838,8,19.8,21.654692
21838,9,20.1,22.386229
21838,10,20.4,23.298847
21838,11,20.9,24.218636
21838,12,22.7,25.213333
21838,13,23.6,26.131601
21838,14,25.4,26.846737
21838,15,26.4,27.345367
21838,16,27.1,27.461582
21838,17,27.3,27.309021
21838,18,26.9,26.88845
21838,19,26.3,26.14878
21838,20,21.4,25.393806
21838,21,21.3,24.54979
21838,22,21.3,23.62811
21838,23,21.2,22.856895
21838,24,21.2,22.13668
22150,1,24.5,22.858295
22150,2,24.3,22.311321
22150,3,24.1,21.994272
22150,4,23.7,21.873857
22150,5,23.5,21.879898
22150,6,23.0,22.125893
22150,7,23.2,22.77444
22150,8,23.6,23.598993
22150,9,25.1,24.646942
22150,10,24.8,25.857126
22150,11,26.8,26.985392
22150,12,27.0,28.094372
22150,13,29.1,29.03752
22150,14,30.6,29.620487
22150,15,30.9,29.967926
22150,16,30.4,29.887016
22150,17,29.4,29.562485
22150,18,28.9,28.986607
22150,19,28.1,28.0661
22150,20,25.3,27.177586
22150,21,25.1,26.219387
22150,22,25.0,25.233498
22150,23,25.1,24.390251
22150,24,24.9,23.5764
22553,1,29.9,27.198164
22553,2,32.2,29.125956
22553,3,33.9,31.007118
22553,4,34.9,32.588364
22553,5,36.0,33.650787
22553,6,37.2,34.1841
22553,7,37.0,34.222065
22553,8,36.4,33.804783
22553,9,35.8,32.986664
22553,10,34.7,31.656721
22553,11,33.2,30.23326
22553,12,32.2,28.77724
22553,13,31.5,27.354504
22553,14,30.7,26.118715
22553,15,29.9,25.203487
22553,16,29.8,24.47354
22553,17,29.2,23.834606
22553,18,29.0,23.254827
22553,19,28.1,22.691015
22553,20,27.5,22.32226
22553,21,26.9,22.268805
22553,22,26.4,22.814333
22553,23,25.2,23.742119
22553,24,26.8,25.082872
23096,1,7.4,10.076901
23096,2,7.0,10.828232
23096,3,8.3,12.076173
23096,4,10.2,13.650558
23096,5,12.3,15.302016
23096,6,14.1,16.968807
23096,7,16.0,18.296844
23096,8,17.0,19.197792
23096,9,17.5,19.611769
23096,10,17.6,19.404243
23096,11,17.5,18.768726
23096,12,16.7,17.869576
23096,13,15.5,16.623861
23096,14,14.8,15.592111
23096,15,14.1,14.643185
23096,16,13.7,13.806073
23096,17,13.2,13.171012
23096,18,12.6,12.614639
23096,19,10.2,12.160764
23096,20,9.5,11.694509
23096,21,8.9,11.240812
23096,22,8.5,10.799711
23096,23,7.4,10.433838
23096,24,6.1,10.288827
23106,1,19.0,22.42203
23106,2,20.7,23.510002
23106,3,21.2,24.16165
23106,4,21.4,24.094114
23106,5,21.1,23.58418
23106,6,19.7,22.66124
23106,7,18.1,21.256493
23106,8,16.8,19.917473
23106,9,15.9,18.696499
23106,10,15.4,17.634983
23106,11,14.7,16.820143
23106,12,13.9,16.238916
23106,13,12.3,15.671965
23106,14,11.9,15.250937
23106,15,11.7,14.812052
23106,16,11.6,14.427638
23106,17,11.4,14.106739
23106,18,11.2,14.02109
23106,19,11.5,14.348998
23106,20,11.5,15.025033
23106,21,11.9,16.106895
23106,22,13.5,17.513477
23106,23,15.0,19.057198
23106,24,15.2,20.590553
23887,1,9.1,6.4872503
23887,2,8.9,5.8965464
23887,3,8.6,5.441457
23887,4,8.0,5.2882767
23887,5,7.6,5.5450735
23887,6,7.9,6.755553
23887,7,10.2,8.668093
23887,8,13.3,11.168277
23887,9,16.3,14.059297
23887,10,21.4,16.795998
23887,11,23.5,19.037365
23887,12,24.9,20.506506
23887,13,25.5,20.960703
23887,14,26.0,20.758993
23887,15,24.2,19.857056
23887,16,21.5,18.457918
23887,17,20.9,16.94724
23887,18,19.7,15.301321
23887,19,18.2,13.7378845
23887,20,16.8,12.45895
23887,21,15.4,11.345582
23887,22,14.2,10.474178
23887,23,12.9,9.749918
23887,24,11.9,9.102195
23941,1,18.9,13.001999
23941,2,18.2,11.794764
23941,3,17.6,10.73372
23941,4,16.5,9.740284
23941,5,16.2,8.809492
23941,6,15.9,8.110273
23941,7,15.4,7.4139338
23941,8,15.0,6.9417443
23941,9,14.7,6.828188
23941,10,14.4,7.0297413
23941,11,13.8,7.661267
23941,12,14.2,9.000752
23941,13,16.6,11.01801
23941,14,19.1,13.625703
23941,15,20.8,16.284058
23941,16,22.0,18.693111
23941,17,23.9,20.502647
23941,18,24.9,21.645266
23941,19,25.4,22.050293
23941,20,25.2,21.762413
23941,21,25.0,20.75573
23941,22,23.7,18.887014
23941,23,22.9,16.988407
23941,24,22.4,15.167733
24579,1,26.4,27.84035
24579,2,26.0,27.171322
24579,3,25.3,26.098675
24579,4,23.9,24.545988
24579,5,21.6,23.025543
24579,6,20.4,21.603775
24579,7,19.9,20.293055
24579,8,19.2,19.299126
24579,9,18.5,18.472017
24579,10,17.6,17.65085
24579,11,17.2,16.82338
24579,12,17.0,16.089346
24579,13,16.7,15.462002
24579,14,16.4,15.133988
24579,15,16.0,15.13885
24579,16,16.1,15.633264
24579,17,17.1,16.623686
24579,18,18.4,18.134245
24579,19,20.4,20.147083
24579,20,22.5,22.28044
24579,21,24.2,24.350357
24579,22,24.9,26.034714
24579,23,26.7,27.18623
24579,24,27.6,27.747639
24793,1,27.7,24.49707
24793,2,28.8,25.575886
24793,3,30.3,26.568998
24793,4,31.6,27.335958
24793,5,32.4,27.833897
24793,6,32.6,28.064098
24793,7,32.7,27.987255
24793,8,32.4,27.725882
24793,9,32.1,27.266819
24793,10,29.7,26.498047
24793,11,29.6,25.66549
24793,12,28.8,24.79762
24793,13,28.1,23.864
24793,14,27.6,23.04042
24793,15,27.2,22.346981
24793,16,25.8,21.730707
24793,17,25.3,21.218756
24793,18,25.1,20.825535
24793,19,25.1,20.596586
24793,20,25.0,20.574965
24793,21,24.8,20.776127
24793,22,24.7,21.311094
24793,23,25.9,22.037586
24793,24,27.5,22.949894
24839,1,23.0,21.57382
24839,2,23.1,21.360245
24839,3,22.7,21.485409
24839,4,22.3,21.932833
24839,5,23.2,22.603024
24839,6,23.6,23.524353
24839,7,24.5,24.59275
24839,8,27.4,25.669827
24839,9,28.1,26.699602
24839,10,27.1,27.565798
24839,11,28.8,28.14558
24839,12,29.3,28.532887
24839,13,28.3,28.541155
24839,14,27.8,28.337673
24839,15,27.1,27.892025
24839,16,25.4,27.15112
24839,17,23.6,26.397814
24839,18,23.2,25.642187
24839,19,23.3,24.928967
24839,20,23.5,24.345894
24839,21,23.4,23.7606
24839,22,23.8,23.125977
24839,23,22.8,22.537868
24839,24,22.4,21.978447
25300,1,7.5,3.82897
25300,2,7.6,3.1140614
25300,3,6.5,1.8181312
25300,4,4.3,0.19756424
25300,5,2.6,-1.1745884
25300,6,1.8,-2.147804
25300,7,0.3,-3.2815285
25300,8,-0.7,-3.9095578
25300,9,-1.3,-4.4486046
25300,10,-2.0,-5.142916
25300,11,-2.5,-5.873946
25300,12,-2.8,-6.755619
25300,13,-2.9,-7.7373514
25300,14,-3.1,-7.967652
25300,15,-3.2,-8.283292
25300,16,-3.2,-7.9182587
25300,17,-3.6,-7.001216
25300,18,-3.3,-5.5530114
25300,19,-1.9,-3.0259204
25300,20,0.9,-0.38753235
25300,21,3.8,2.0174866
25300,22,6.4,3.822277
25300,23,8.8,4.9221773
25300,24,10.5,5.3606334
25726,1,-3.8,-2.6531253
25726,2,-4.3,-4.017002
25726,3,-4.7,-5.2833304
25726,4,-4.7,-6.3447714
25726,5,-5.0,-7.310049
25726,6,-5.4,-8.093121
25726,7,-5.3,-8.5799465
25726,8,-5.7,-8.875648
25726,9,-6.2,-8.923758
25726,10,-6.6,-8.42675
25726,11,-8.2,-7.4963927
25726,12,-8.5,-6.0515766
25726,13,-7.9,-3.8637552
25726,14,-7.0,-1.3344122
25726,15,-4.7,1.1385052
25726,16,-2.6,3.4367788
25726,17,-0.1,5.230422
25726,18,2.3,6.3084064
25726,19,3.0,6.6475577
25726,20,2.3,6.408504
25726,21,1.1,5.4128666
25726,22,-0.9,3.7645454
25726,23,-0.7,2.0259273
25726,24,-1.1,0.09668219
26163,1,11.8,12.868044
26163,2,15.1,16.000137
26163,3,17.0,18.450157
26163,4,17.8,19.692848
26163,5,17.9,19.809704
26163,6,17.4,18.899113
26163,7,15.0,16.720215
26163,8,11.7,14.295281
26163,9,10.0,11.768228
26163,10,8.1,9.355085
26163,11,6.4,7.4176517
26163,12,4.1,5.921564
26163,13,1.5,4.6632314
26163,14,-0.4,4.047955
26163,15,-1.6,3.3356953
26163,16,-2.3,2.8665285
26163,17,-2.7,2.297134
26163,18,-2.7,1.8043007
26163,19,-2.7,1.8177211
26163,20,-2.5,2.2375643
26163,21,-2.0,3.3227525
26163,22,-0.1,5.153701
26163,23,3.4,7.5278454
26163,24,6.8,10.269336
26232,1,-1.8,-0.8952249
26232,2,-2.0,-1.3228074
26232,3,-1.9,-1.6912571
26232,4,-1.5,-1.6170306
26232,5,-2.0,-0.994483
26232,6,-1.8,0.6473346
26232,7,1.0,2.7707288
26232,8,6.3,5.578583
26232,9,12.0,8.815123
26232,10,16.1,11.98184
26232,11,18.5,14.670446
26232,12,19.9,16.41848
26232,13,20.6,16.829666
26232,14,20.9,16.53439
26232,15,20.2,15.07548
26232,16,18.2,13.035188
26232,17,15.9,10.790521
26232,18,13.5,8.393564
26232,19,9.6,6.541812
26232,20,6.4,5.1719728
26232,21,4.6,4.0567694
26232,22,3.0,3.3681002
26232,23,1.1,2.8729353
26232,24,-0.1,2.4730518
26873,1,9.5,8.591493
26873,2,10.6,9.520234
26873,3,11.3,11.026558
26873,4,12.1,12.911132
26873,5,12.8,14.865714
26873,6,14.5,16.754074
26873,7,15.4,18.317425
26873,8,16.1,19.352993
26873,9,16.9,19.890932
26873,10,17.4,19.840061
26873,11,16.7,19.31813
26873,12,16.7,18.468145
26873,13,16.8,17.163149
26873,14,16.6,15.850786
26873,15,15.4,14.627214
26873,16,14.2,13.476591
26873,17,13.4,12.527837
26873,18,12.0,11.649128
26873,19,10.9,10.822021
26873,20,10.0,10.059427
26873,21,9.1,9.436484
26873,22,8.3,9.044154
26873,23,7.8,8.819595
26873,24,7.4,8.866129
27009,1,13.9,13.051897
27009,2,15.5,14.40393
27009,3,18.4,16.72728
27009,4,22.4,19.738447
27009,5,26.3,22.886301
27009,6,29.5,25.950577
27009,7,32.5,28.57064
27009,8,34.5,30.330114
27009,9,35.4,31.316763
27009,10,34.4,31.383036
27009,11,31.8,30.652327
27009,12,32.4,29.332727
27009,13,32.1,27.24862
27009,14,30.6,25.049314
27009,15,29.4,23.059578
27009,16,27.9,21.27741
27009,17,24.7,19.82483
27009,18,22.4,18.458395
27009,19,20.7,17.137661
27009,20,19.3,15.853436
27009,21,17.5,14.778911
27009,22,16.4,14.148127
27009,23,15.4,13.779052
27009,24,14.5,13.817813
27574,1,19.6,17.113138
27574,2,19.3,16.014158
27574,3,19.1,15.124865
27574,4,18.9,14.288721
27574,5,18.2,13.5134115
27574,6,17.2,12.92402
27574,7,16.6,12.255111
27574,8,16.0,11.785281
27574,9,16.0,11.667427
27574,10,16.2,11.87669
27574,11,15.8,12.470486
27574,12,16.6,13.768423
27574,13,17.6,15.601024
27574,14,18.9,17.993011
27574,15,19.9,20.38211
27574,16,20.5,22.515474
27574,17,21.9,24.084091
27574,18,22.2,25.025246
27574,19,20.9,25.33746
27574,20,21.3,25.00187
27574,21,19.8,24.016827
27574,22,18.5,22.222523
27574,23,17.0,20.428375
27574,24,16.9,18.724096
27968,1,8.2,5.8874598
27968,2,7.3,5.744895
27968,3,6.4,5.9616346
27968,4,5.0,6.7584276
27968,5,4.1,8.143197
27968,6,5.3,10.386789
27968,7,8.3,12.897606
27968,8,10.1,15.695112
27968,9,11.1,18.591415
27968,10,8.0,21.064014
27968,11,10.9,22.862907
27968,12,12.8,23.734241
27968,13,14.6,23.252739
27968,14,14.3,22.074013
27968,15,14.8,20.102852
27968,16,10.6,17.629633
27968,17,9.6,15.217142
27968,18,9.1,12.927046
27968,19,8.7,11.2210865
27968,20,8.5,9.993142
27968,21,8.2,9.11844
27968,22,8.1,8.637545
27968,23,7.9,8.296802
27968,24,7.8,8.102858
28596,1,6.6,9.099313
28596,2,6.0,8.728301
28596,3,3.3,7.8021865
28596,4,2.2,6.386924
28596,5,2.0,4.9520993
28596,6,0.8,3.4237995
28596,7,-0.5,2.0708046
28596,8,-1.5,0.9138862
28596,9,-2.1,-0.25474274
28596,10,-2.1,-1.2572832
28596,11,-2.2,-2.2007973
28596,12,-2.4,-3.0960867
28596,13,-2.4,-3.7336555
28596,14,-2.4,-4.2553263
28596,15,-2.2,-4.6418753
28596,16,-2.5,-4.647992
28596,17,-2.1,-4.08043
28596,18,-1.9,-2.8439698
28596,19,-0.9,-0.87906563
28596,20,1.4,1.5326582
28596,21,4.9,4.0073175
28596,22,10.1,6.3022823
28596,23,12.8,7.9976177
28596,24,14.3,8.934079
28839,1,-0.4,1.3645877
28839,2,-0.8,0.7078153
28839,3,-1.1,-0.18562484
28839,4,-1.2,-1.05234
28839,5,-1.8,-1.7650368
28839,6,-2.4,-1.8696554
28839,7,-2.2,-1.5617883
28839,8,-2.5,-0.4152205
28839,9,-2.9,1.6470369
28839,10,-2.3,4.390583
28839,11,0.9,7.413768
28839,12,4.0,10.2990265
28839,13,6.2,12.634967
28839,14,7.6,14.395753
28839,15,8.3,15.114964
28839,16,8.8,15.030736
28839,17,8.8,14.122676
28839,18,8.4,12.435188
28839,19,6.2,10.525803
28839,20,4.5,8.718883
28839,21,2.1,6.961976
28839,22,1.0,5.5703697
28839,23,-0.4,4.679291
28839,24,-1.6,4.048908
29202,1,-6.6,1.7104087
29202,2,-4.4,3.3975306
29202,3,-1.3,5.248391
29202,4,0.9,7.048316
29202,5,3.8,8.499471
29202,6,6.4,9.50615
29202,7,8.8,9.851155
29202,8,10.2,9.660893
29202,9,10.4,8.98849
29202,10,11.0,7.8627567
29202,11,9.7,6.6370792
29202,12,10.0,5.4029818
29202,13,8.5,4.1381683
29202,14,7.2,3.2712746
29202,15,6.3,2.52652
29202,16,6.0,1.9978966
29202,17,5.6,1.5399774
29202,18,5.9,0.97063637
29202,19,5.5,0.46167195
29202,20,6.0,-0.048278093
29202,21,5.9,-0.43186533
29202,22,5.6,-0.4497707
29202,23,5.4,-0.13047552
29202,24,5.8,0.58913803
29392,1,8.7,5.6736593
29392,2,7.4,5.564015
29392,3,6.4,5.8999643
29392,4,5.8,6.8696327
29392,5,5.4,8.440269
29392,6,6.3,10.776759
29392,7,9.5,13.283076
29392,8,12.5,15.931912
29392,9,16.6,18.547735
29392,10,20.6,20.670448
29392,11,23.1,22.096886
29392,12,23.9,22.651434
29392,13,24.1,21.932508
29392,14,23.8,20.60913
29392,15,19.4,18.61359
29392,16,17.5,16.201143
29392,17,16.8,13.934815
29392,18,15.4,11.857117
29392,19,14.7,10.383302
29392,20,13.8,9.346988
29392,21,13.0,8.622545
29392,22,11.5,8.210182
29392,23,9.9,7.8755407
29392,24,8.9,7.657456
29598,1,12.4,11.108385
29598,2,11.3,10.146065
29598,3,10.4,9.283914
29598,4,9.8,8.44866
29598,5,9.5,7.6900187
29598,6,8.9,7.138858
29598,7,8.9,6.733955
29598,8,8.7,6.6427197
29598,9,6.2,7.06299
29598,10,5.7,8.037728
29598,11,3.2,9.364374
29598,12,3.2,11.093872
29598,13,3.4,13.029859
29598,14,4.1,14.924791
29598,15,4.3,16.621971
29598,16,3.7,17.90861
29598,17,4.1,18.651865
29598,18,4.4,18.841484
29598,19,4.7,18.45511
29598,20,4.3,17.750637
29598,21,3.8,16.76174
29598,22,1.8,15.455598
29598,23,1.7,14.289394
29598,24,1.5,13.142472
30001,1,16.7,13.332836
30001,2,17.0,15.069969
30001,3,18.9,17.64722
30001,4,21.4,20.706831
30001,5,23.8,23.708614
30001,6,25.8,26.479996
30001,7,26.1,28.655224
30001,8,27.2,29.949469
30001,9,28.5,30.452667
30001,10,28.9,30.034298
30001,11,29.3,28.936745
30001,12,28.2,27.384007
30001,13,27.8,25.241695
30001,14,24.7,23.182755
30001,15,24.8,21.387615
30001,16,23.4,19.850758
30001,17,21.7,18.589655
30001,18,21.7,17.375992
30001,19,18.2,16.171005
30001,20,17.9,14.970156
30001,21,17.4,13.986847
30001,22,16.3,13.45912
30001,23,15.6,13.256518
30001,24,15.5,13.543114
30149,1,32.2,28.778069
30149,2,31.5,28.511648
30149,3,30.1,27.806503
30149,4,28.3,26.576124
30149,5,27.6,25.304132
30149,6,26.8,24.0186
30149,7,26.3,22.666174
30149,8,25.9,21.583748
30149,9,25.5,20.648256
30149,10,25.0,19.741482
30149,11,24.0,18.87764
30149,12,23.4,18.1203
30149,13,22.8,17.399515
30149,14,22.3,16.91878
30149,15,21.7,16.64515
30149,16,21.3,16.738085
30149,17,20.9,17.263926
30149,18,22.5,18.328491
30149,19,24.7,20.020927
30149,20,26.9,21.962536
30149,21,28.8,23.991796
30149,22,30.3,25.810322
30149,23,31.4,27.218658
30149,24,32.3,28.135616
30324,1,18.1,18.236269
30324,2,19.2,19.594036
30324,3,19.7,20.562298
30324,4,19.8,20.799986
30324,5,19.1,20.514725
30324,6,17.3,19.674622
30324,7,15.5,18.306192
30324,8,16.4,16.848259
30324,9,15.6,15.409023
30324,10,15.1,14.110306
30324,11,14.7,13.048828
30324,12,14.3,12.223119
30324,13,14.0,11.487354
30324,14,13.7,10.87686
30324,15,13.4,10.369858
30324,16,13.1,9.996187
30324,17,13.0,9.72481
30324,18,12.9,9.700793
30324,19,12.7,9.985927
30324,20,11.4,10.621118
30324,21,12.0,11.712197
30324,22,13.7,13.216615
30324,23,16.2,14.888516
30324,24,18.7,16.569553
30654,1,13.4,13.891968
30654,2,13.1,13.436761
30654,3,12.4,12.927229
30654,4,12.2,12.285063
30654,5,12.0,11.6448555
30654,6,11.4,10.995679
30654,7,10.4,10.400209
30654,8,9.3,9.906188
30654,9,8.7,9.569737
30654,10,8.4,9.421989
30654,11,8.4,9.414959
30654,12,8.3,9.560314
30654,13,8.8,9.87953
30654,14,8.9,10.28064
30654,15,9.0,10.911284
30654,16,10.2,11.699851
30654,17,12.5,12.521181
30654,18,15.5,13.283171
30654,19,17.9,13.854683
30654,20,19.1,14.288857
30654,21,19.7,14.598088
30654,22,20.2,14.741769
30654,23,19.9,14.793495
30654,24,17.6,14.638592
30723,1,13.9,7.0847673
30723,2,14.9,8.121519
30723,3,14.6,9.341513
30723,4,15.7,10.559753
30723,5,16.9,11.633976
30723,6,17.6,12.494443
30723,7,18.6,13.038231
30723,8,18.3,13.210331
30723,9,18.8,13.02061
30723,10,18.7,12.393511
30723,11,18.1,11.572828
30723,12,17.9,10.653577
30723,13,17.9,9.630501
30723,14,18.1,8.754467
30723,15,18.2,8.039846
30723,16,18.5,7.4168253
30723,17,19.0,6.92762
30723,18,19.1,6.500847
30723,19,18.4,6.1078534
30723,20,17.9,5.7996035
30723,21,17.9,5.6280155
30723,22,18.2,5.687604
30723,23,17.0,5.9087944
30723,24,6.7,6.38437
31077,1,11.7,17.517391
31077,2,12.1,17.037333
31077,3,11.9,16.17726
31077,4,10.8,14.899669
31077,5,10.7,13.643888
31077,6,10.3,12.44794
31077,7,9.9,11.430381
31077,8,9.4,10.694041
31077,9,9.7,10.122141
31077,10,9.4,9.66111
31077,11,9.0,9.2183
31077,12,9.7,8.79587
31077,13,10.3,8.429048
31077,14,10.4,8.108358
31077,15,10.5,7.962132
31077,16,10.2,8.084323
31077,17,9.3,8.604498
31077,18,9.3,9.5935955
31077,19,9.6,10.981356
31077,20,10.6,12.62385
31077,21,11.0,14.342135
31077,22,11.8,15.863055
31077,23,12.2,16.98231
31077,24,9.2,17.584255
31303,1,23.6,16.032814
31303,2,23.1,14.996704
31303,3,22.2,14.173964
31303,4,20.9,13.407602
31303,5,19.8,12.712398
31303,6,18.9,12.184502
31303,7,18.1,11.612835
31303,8,17.5,11.23409
31303,9,17.1,11.214011
31303,10,16.7,11.561073
31303,11,15.5,12.257803
31303,12,16.6,13.576862
31303,13,18.4,15.324506
31303,14,20.5,17.48032
31303,15,22.5,19.599358
31303,16,24.3,21.44597
31303,17,25.5,22.771334
31303,18,26.6,23.521143
31303,19,27.6,23.685251
31303,20,28.2,23.295887
31303,21,28.1,22.36126
31303,22,27.1,20.741787
31303,23,25.5,19.144608
31303,24,24.3,17.607868
31480,1,14.5,12.197787
31480,2,14.2,11.571503
31480,3,13.9,10.924891
31480,4,13.5,10.29361
31480,5,13.2,9.783129
31480,6,12.9,9.879842
31480,7,12.6,10.549864
31480,8,13.6,11.875105
31480,9,15.8,13.927762
31480,10,18.2,16.35015
31480,11,20.9,18.8131
31480,12,23.1,21.112434
31480,13,25.0,22.894299
31480,14,26.6,24.09605
31480,15,27.8,24.643318
31480,16,28.5,24.473879
31480,17,28.6,23.705853
31480,18,27.9,22.332048
31480,19,26.5,20.528465
31480,20,25.8,18.75805
31480,21,24.5,17.037674
31480,22,23.6,15.577723
31480,23,22.7,14.546513
31480,24,21.9,13.795255
32045,1,35.5,32.86965
32045,2,35.9,32.531593
32045,3,35.5,31.88884
32045,4,34.9,30.86316
32045,5,32.5,29.807917
32045,6,31.4,28.69202
32045,7,30.6,27.504017
32045,8,29.7,26.497047
32045,9,28.0,25.611
32045,10,24.3,24.816353
32045,11,25.4,24.088968
32045,12,26.7,23.506973
32045,13,26.4,23.028542
32045,14,25.9,22.720898
32045,15,25.7,22.653683
32045,16,25.6,22.901314
32045,17,26.9,23.491852
32045,18,28.5,24.517056
32045,19,30.1,26.00276
32045,20,31.8,27.665321
32045,21,33.4,29.367079
32045,22,34.7,30.861357
32045,23,36.1,32.002583
32045,24,35.3,32.66446
32212,1,31.0,30.297289
32212,2,31.9,31.137707
32212,3,32.8,31.691792
32212,4,33.2,31.718657
32212,5,33.3,31.403166
32212,6,30.7,30.656734
32212,7,27.9,29.419882
32212,8,26.1,28.139454
32212,9,26.2,26.895613
32212,10,26.3,25.807842
32212,11,26.2,24.915367
32212,12,26.0,24.252285
32212,13,25.6,23.640352
32212,14,25.0,23.132092
32212,15,24.4,22.708656
32212,16,23.9,22.40558
32212,17,23.6,22.226646
32212,18,23.4,22.341116
32212,19,23.5,22.869707
32212,20,24.8,23.708366
32212,21,26.7,24.886969
32212,22,28.7,26.30098
32212,23,30.6,27.7612
32212,24,32.7,29.084877
32350,1,30.5,28.824272
32350,2,31.3,28.07226
32350,3,31.8,27.3371
32350,4,31.0,26.551928
32350,5,30.0,25.807234
32350,6,29.2,25.043259
32350,7,28.5,24.33576
32350,8,27.9,23.685902
32350,9,27.4,23.158758
32350,10,27.1,22.79797
32350,11,26.9,22.558874
32350,12,26.5,22.539377
32350,13,26.3,22.812473
32350,14,26.2,23.254488
32350,15,28.1,24.10471
32350,16,29.8,25.257927
32350,17,31.1,26.504532
32350,18,33.0,27.731676
32350,19,34.9,28.75601
32350,20,35.7,29.537762
32350,21,35.8,30.058784
32350,22,35.3,30.255623
32350,23,35.4,30.242298
32350,24,35.3,29.885979
32575,1,30.9,27.409595
32575,2,30.4,26.16476
32575,3,29.6,25.21184
32575,4,28.8,24.427534
32575,5,28.5,23.749737
32575,6,28.0,23.184746
32575,7,27.4,22.717957
32575,8,26.8,22.414202
32575,9,26.3,22.490389
32575,10,25.8,23.102156
32575,11,24.6,24.04833
32575,12,26.1,25.599075
32575,13,28.3,27.5849
32575,14,30.6,29.688803
32575,15,32.9,31.742615
32575,16,34.5,33.42639
32575,17,35.1,34.58856
32575,18,35.6,35.238365
32575,19,36.0,35.264374
32575,20,36.2,34.854218
32575,21,35.7,33.963413
32575,22,34.4,32.456463
32575,23,33.9,30.954605
32575,24,33.1,29.35621
32602,1,22.3,22.671436
32602,2,22.5,23.197025
32602,3,23.8,24.29851
32602,4,25.8,25.862879
32602,5,28.4,27.595373
32602,6,30.7,29.385437
32602,7,32.1,30.936916
32602,8,33.8,32.10173
32602,9,34.8,32.854343
32602,10,35.1,33.096813
32602,11,33.9,32.874
32602,12,31.8,32.363026
32602,13,31.7,31.383568
32602,14,31.5,30.348745
32602,15,31.0,29.245346
32602,16,30.4,28.050224
32602,17,29.6,26.996397
32602,18,29.1,26.054218
32602,19,28.6,25.29216
32602,20,28.2,24.652197
32602,21,27.8,24.089348
32602,22,27.2,23.604082
32602,23,26.8,23.21331
32602,24,26.5,22.98276
32781,1,35.2,33.865135
32781,2,34.7,33.791904
32781,3,33.4,33.30545
32781,4,32.3,32.326637
32781,5,30.1,31.265282
32781,6,30.2,30.077766
32781,7,30.0,28.706367
32781,8,29.3,27.513327
32781,9,28.9,26.419004
32781,10,28.2,25.374136
32781,11,27.5,24.409184
32781,12,26.7,23.582773
32781,13,26.1,22.819921
32781,14,25.5,22.246632
32781,15,25.1,21.8849
32781,16,24.7,21.848677
32781,17,24.5,22.210873
32781,18,25.3,23.122408
32781,19,27.1,24.69046
32781,20,26.5,26.555498
32781,21,29.8,28.569324
32781,22,33.0,30.468243
32781,23,34.4,32.016666
32781,24,35.2,33.096535
33079,1,17.3,15.87274
33079,2,16.9,15.201635
33079,3,16.5,14.750985
33079,4,15.9,14.377021
33079,5,15.5,14.070383
33079,6,15.6,13.788728
33079,7,15.5,13.499202
33079,8,15.4,13.316459
33079,9,15.2,13.426263
33079,10,16.0,13.971874
33079,11,15.9,14.7626915
33079,12,16.2,15.92786
33079,13,17.2,17.229626
33079,14,18.8,18.509699
33079,15,20.9,19.680046
33079,16,21.8,20.545378
33079,17,22.9,21.0503
33079,18,23.4,21.17534
33079,19,23.7,20.885399
33079,20,23.6,20.360222
33079,21,23.0,19.62835
33079,22,21.5,18.6254
33079,23,20.6,17.732677
33079,24,20.0,16.828032
33178,1,18.6,15.608098
33178,2,18.4,16.80209
33178,3,19.5,18.543308
33178,4,21.4,20.586065
33178,5,22.0,22.594585
33178,6,22.1,24.539276
33178,7,24.1,25.99958
33178,8,25.8,26.925074
33178,9,25.9,27.259638
33178,10,26.3,26.828003
33178,11,26.2,25.911194
33178,12,25.4,24.71333
33178,13,23.4,23.137161
33178,14,22.8,21.869104
33178,15,21.6,20.715954
33178,16,20.2,19.719147
33178,17,19.2,18.915535
33178,18,18.4,18.170414
33178,19,16.9,17.540287
33178,20,15.8,16.888422
33178,21,14.9,16.286993
33178,22,14.3,15.791691
33178,23,13.8,15.466153
33178,24,13.6,15.486446
33289,1,16.7,13.758739
33289,2,16.8,13.705101
33289,3,16.6,14.027967
33289,4,16.3,14.697557
33289,5,16.0,15.640674
33289,6,16.3,16.856003
33289,7,17.0,18.08644
33289,8,18.6,19.269823
33289,9,20.7,20.33779
33289,10,22.9,21.112017
33289,11,24.0,21.540249
33289,12,24.0,21.714119
33289,13,24.0,21.375616
33289,14,23.4,20.897243
33289,15,21.4,20.162289
33289,16,19.5,19.182484
33289,17,18.3,18.255678
33289,18,17.3,17.363585
33289,19,16.8,16.64254
33289,20,16.0,16.049414
33289,21,15.3,15.487081
33289,22,14.2,14.905043
33289,23,13.3,14.372373
33289,24,12.7,13.946461
33623,1,18.0,6.954185
33623,2,17.4,6.055732
33623,3,16.9,5.386554
33623,4,16.3,4.8582215
33623,5,16.3,4.4349594
33623,6,16.2,4.061648
33623,7,16.3,3.710872
33623,8,16.5,3.4232368
33623,9,16.4,3.4090054
33623,10,15.6,3.8173816
33623,11,14.8,4.5436296
33623,12,15.0,5.755397
33623,13,16.7,7.340931
33623,14,18.9,9.034699
33623,15,20.7,10.718584
33623,16,22.9,12.122343
33623,17,24.0,13.106994
33623,18,24.5,13.618324
33623,19,24.5,13.565282
33623,20,24.0,13.127481
33623,21,22.0,12.313315
33623,22,20.1,11.066592
33623,23,18.5,9.861518
33623,24,17.3,8.650351
33765,1,10.9,17.932323
33765,2,10.0,17.775286
33765,3,8.7,17.3016
33765,4,6.9,16.450596
33765,5,5.8,15.577977
33765,6,5.0,14.678321
33765,7,4.3,13.744162
33765,8,3.5,13.011923
33765,9,3.1,12.408972
33765,10,1.6,11.911161
33765,11,0.8,11.476013
33765,12,0.2,11.092736
33765,13,-0.2,10.6998825
33765,14,-0.6,10.37074
33765,15,-1.1,10.1274185
33765,16,-1.3,10.062994
33765,17,-1.4,10.28791
33765,18,-1.4,10.889805
33765,19,-0.3,11.905458
33765,20,1.6,13.1692
33765,21,3.6,14.56616
33765,22,5.6,15.876873
33765,23,8.3,16.937618
33765,24,10.0,17.634047
33801,1,-0.6,8.337071
33801,2,-1.4,8.429493
33801,3,-1.9,8.642362
33801,4,-3.6,8.925023
33801,5,-4.1,9.261789
33801,6,-4.6,9.748141
33801,7,-4.5,10.3359
33801,8,-4.3,10.954199
33801,9,-4.3,11.524109
33801,10,-5.4,11.908422
33801,11,-5.1,12.145111
33801,12,-4.8,12.287441
33801,13,-4.6,12.274918
33801,14,-4.2,12.253348
33801,15,-4.3,12.08533
33801,16,-7.0,11.710059
33801,17,-7.0,11.298512
33801,18,-7.3,10.828253
33801,19,-7.6,10.313407
33801,20,-7.7,9.869663
33801,21,-7.4,9.409248
33801,22,-8.6,8.922852
33801,23,-8.7,8.515268
33801,24,-8.8,8.231444
34016,1,11.6,11.431066
34016,2,10.3,10.738582
34016,3,9.3,9.999176
34016,4,8.3,9.244078
34016,5,7.4,8.5589
34016,6,6.8,8.3804655
34016,7,6.1,8.696369
34016,8,5.2,9.648266
34016,9,5.2,11.39032
34016,10,6.0,13.662554
34016,11,7.4,16.14488
34016,12,9.0,18.628513
34016,13,10.5,20.781235
34016,14,12.0,22.387999
34016,15,13.2,23.394611
34016,16,13.9,23.663498
34016,17,14.3,23.215569
34016,18,14.1,22.052444
34016,19,14.3,20.319252
34016,20,13.3,18.527327
34016,21,12.2,16.737377
34016,22,11.8,15.178968
34016,23,11.2,14.086973
34016,24,10.6,13.276267
34137,1,19.9,14.075877
34137,2,19.2,14.014354
34137,3,18.7,14.196828
34137,4,18.5,14.570421
34137,5,18.6,15.098157
34137,6,12.5,15.874954
34137,7,10.2,16.748981
34137,8,11.5,17.676826
34137,9,13.4,18.592606
34137,10,11.6,19.310658
34137,11,10.6,19.799875
34137,12,10.6,20.140043
34137,13,11.4,20.133795
34137,14,11.6,20.053509
34137,15,11.7,19.738731
34137,16,9.3,19.163374
34137,17,9.4,18.540241
34137,18,9.3,17.84079
34137,19,9.4,17.144266
34137,20,9.5,16.514593
34137,21,9.7,15.864629
34137,22,9.0,15.169219
34137,23,8.7,14.566801
34137,24,8.5,14.100014
34461,1,28.0,21.112087
34461,2,27.3,20.674501
34461,3,27.2,20.014093
34461,4,27.0,19.024721
34461,5,25.3,18.021475
34461,6,24.5,17.068321
34461,7,24.0,16.140926
34461,8,23.8,15.447693
34461,9,23.4,14.941312
34461,10,23.4,14.538221
34461,11,22.7,14.20997
34461,12,22.0,13.9988575
34461,13,21.4,13.859761
34461,14,20.9,13.932271
34461,15,20.5,14.213646
34461,16,20.2,14.782334
34461,17,20.6,15.561914
34461,18,21.8,16.513353
34461,19,23.2,17.620008
34461,20,24.3,18.708153
34461,21,25.0,19.725002
34461,22,24.6,20.504616
34461,23,25.5,21.045425
34461,24,26.5,21.258371
35225,1,22.1,15.518205
35225,2,21.4,15.448442
35225,3,21.1,15.462802
35225,4,21.0,15.480379
35225,5,21.1,15.495935
35225,6,21.7,15.69966
35225,7,22.0,16.070728
35225,8,21.7,16.609352
35225,9,23.2,17.276922
35225,10,23.5,17.912693
35225,11,24.5,18.50045
35225,12,25.2,19.099527
35225,13,27.0,19.578176
35225,14,25.7,20.045431
35225,15,24.4,20.303715
35225,16,24.6,20.264734
35225,17,24.6,20.02523
35225,18,24.3,19.55505
35225,19,23.1,18.866858
35225,20,23.2,18.166962
35225,21,23.3,17.391922
35225,22,23.2,16.555166
35225,23,23.5,15.883538
35225,24,23.5,15.379652
35445,1,13.2,12.680978
35445,2,14.2,12.806017
35445,3,14.8,12.78501
35445,4,15.0,12.535419
35445,5,14.5,12.256354
35445,6,13.6,11.819159
35445,7,12.3,11.12181
35445,8,11.8,10.433764
35445,9,11.1,9.773591
35445,10,10.4,9.208995
35445,11,9.7,8.754245
35445,12,9.1,8.398762
35445,13,8.5,8.037006
35445,14,7.9,7.7416415
35445,15,7.4,7.5237837
35445,16,6.9,7.418188
35445,17,6.4,7.478503
35445,18,6.1,7.7645674
35445,19,5.9,8.361717
35445,20,5.3,9.118272
35445,21,6.2,10.01665
35445,22,8.0,10.935367
35445,23,9.2,11.763094
35445,24,11.3,12.398402
36008,1,20.9,16.489708
36008,2,20.9,15.905133
36008,3,20.6,15.499896
36008,4,20.4,15.121134
36008,5,20.4,14.775362
36008,6,20.7,14.454057
36008,7,21.2,14.082203
36008,8,21.3,13.829714
36008,9,20.7,13.848359
36008,10,20.1,14.255857
36008,11,20.4,14.909916
36008,12,20.9,15.951139
36008,13,22.5,17.155037
36008,14,24.1,18.433683
36008,15,25.2,19.600933
36008,16,26.5,20.491005
36008,17,27.4,21.033209
36008,18,28.0,21.218344
36008,19,28.1,21.034422
36008,20,27.6,20.61361
36008,21,26.4,19.974117
36008,22,24.6,19.023172
36008,23,23.9,18.167301
36008,24,22.9,17.308304
36247,1,13.4,13.567031
36247,2,12.3,12.705514
36247,3,12.0,11.893922
36247,4,11.5,11.08028
36247,5,11.0,10.365222
36247,6,10.3,9.684248
36247,7,9.9,9.156888
36247,8,9.5,8.667615
36247,9,9.0,8.279735
36247,10,8.7,8.033654
36247,11,8.4,7.9006896
36247,12,8.0,7.9725733
36247,13,7.8,8.378408
36247,14,6.5,8.955471
36247,15,8.5,9.949919
36247,16,11.4,11.221167
36247,17,14.6,12.578611
36247,18,17.0,13.858202
36247,19,18.5,14.804254
36247,20,19.5,15.450503
36247,21,20.1,15.780317
36247,22,20.5,15.732794
36247,23,20.5,15.457387
36247,24,20.0,14.886339
36423,1,25.8,20.774122
36423,2,24.7,19.972137
36423,3,23.6,19.238787
36423,4,22.6,18.487617
36423,5,21.9,17.804506
36423,6,21.1,17.151016
36423,7,20.9,16.540909
36423,8,20.5,15.9926
36423,9,19.9,15.572992
36423,10,19.5,15.2922
36423,11,19.1,15.151043
36423,12,18.7,15.2799635
36423,13,18.9,15.716181
36423,14,20.6,16.41962
36423,15,21.5,17.489182
36423,16,22.9,18.806849
36423,17,24.9,20.140997
36423,18,26.1,21.337528
36423,19,25.9,22.23033
36423,20,26.4,22.776327
36423,21,26.7,22.976765
36423,22,27.3,22.764874
36423,23,27.5,22.377537
36423,24,26.6,21.756578
36805,1,33.5,29.211754
36805,2,33.9,29.883495
36805,3,33.0,30.252018
36805,4,32.3,30.111862
36805,5,31.6,29.686447
36805,6,30.8,28.90559
36805,7,29.4,27.685715
36805,8,28.1,26.470007
36805,9,27.5,25.299067
36805,10,26.7,24.246786
36805,11,26.4,23.36566
36805,12,26.5,22.687103
36805,13,26.7,22.049759
36805,14,26.4,21.555897
36805,15,26.1,21.158539
36805,16,26.0,20.918373
36805,17,25.7,20.843449
36805,18,25.3,21.085344
36805,19,25.4,21.772984
36805,20,26.4,22.746557
36805,21,27.9,24.009253
36805,22,29.4,25.431025
36805,23,30.4,26.836132
36805,24,31.3,28.067154
36826,1,24.5,18.913824
36826,2,24.0,18.66752
36826,3,23.1,18.826294
36826,4,22.3,19.376322
36826,5,22.0,20.217049
36826,6,22.7,21.370754
36826,7,24.9,22.664518
36826,8,27.1,23.93769
36826,9,28.4,25.106411
36826,10,29.1,26.01794
36826,11,29.7,26.554443
36826,12,29.8,26.81481
36826,13,29.7,26.603632
36826,14,29.7,26.201742
36826,15,28.8,25.571568
36826,16,27.3,24.70591
36826,17,26.0,23.903866
36826,18,25.3,23.142937
36826,19,25.1,22.482965
36826,20,24.9,21.939573
36826,21,24.5,21.382292
36826,22,24.2,20.74796
36826,23,23.9,20.11652
36826,24,23.5,19.501226
37932,1,26.5,19.784262
37932,2,28.3,21.847242
37932,3,30.0,23.813236
37932,4,30.2,25.406755
37932,5,31.8,26.453928
37932,6,32.3,27.011856
37932,7,29.6,27.056963
37932,8,29.3,26.67991
37932,9,29.3,25.90717
37932,10,28.4,24.543001
37932,11,27.8,23.0786
37932,12,27.1,21.553295
37932,13,26.3,20.022474
37932,14,25.8,18.770374
37932,15,25.4,17.830574
37932,16,25.5,17.108053
37932,17,24.7,16.475655
37932,18,24.3,15.856382
37932,19,24.0,15.241989
37932,20,23.7,14.7836895
37932,21,23.4,14.6360445
37932,22,23.1,15.107778
37932,23,23.4,15.997767
37932,24,24.8,17.397697
38421,1,15.7,16.073994
38421,2,17.1,16.715939
38421,3,17.8,17.150507
38421,4,18.0,17.19409
38421,5,18.1,17.01747
38421,6,17.7,16.531506
38421,7,16.2,15.626327
38421,8,15.1,14.6757765
38421,9,15.0,13.744508
38421,10,14.9,12.907721
38421,11,14.9,12.236284
38421,12,15.0,11.721994
38421,13,16.2,11.217316
38421,14,16.3,10.830709
38421,15,15.9,10.527488
38421,16,14.9,10.339586
38421,17,14.4,10.259667
38421,18,15.6,10.366386
38421,19,15.4,10.756955
38421,20,15.6,11.342927
38421,21,16.2,12.177517
38421,22,17.6,13.188175
38421,23,19.1,14.247313
38421,24,19.8,15.239059
38428,1,17.6,13.346881
38428,2,19.1,14.37493
38428,3,19.8,15.434609
38428,4,21.2,16.390678
38428,5,21.8,17.16348
38428,6,22.9,17.748545
38428,7,22.8,18.03887
38428,8,21.9,18.075912
38428,9,18.0,17.835247
38428,10,15.7,17.157099
38428,11,13.0,16.33693
38428,12,12.6,15.412559
38428,13,12.3,14.378037
38428,14,11.8,13.516673
38428,15,11.2,12.825042
38428,16,11.6,12.255909
38428,17,11.3,11.817
38428,18,10.1,11.4371395
38428,19,9.3,11.132413
38428,20,8.6,10.929369
38428,21,7.9,10.871551
38428,22,7.8,11.087571
38428,23,7.2,11.48461
38428,24,7.4,12.140842
38826,1,-3.3,3.5835023
38826,2,-3.1,3.3882089
38826,3,-2.8,3.380281
38826,4,-3.1,3.5084999
38826,5,-3.0,3.7789178
38826,6,-3.0,4.2791977
38826,7,-2.6,4.98777
38826,8,-2.2,5.762351
38826,9,-1.3,6.574971
38826,10,-0.8,7.3050647
38826,11,1.1,7.8722944
38826,12,2.6,8.340614
38826,13,3.5,8.595999
38826,14,3.8,8.7209215
38826,15,3.3,8.650736
38826,16,2.2,8.319223
38826,17,1.1,7.931081
38826,18,0.4,7.4470687
38826,19,-0.1,6.8656173
38826,20,-0.7,6.3393507
38826,21,-1.3,5.7812967
38826,22,-2.4,5.1691065
38826,23,-3.0,4.607209
38826,24,-3.3,4.119933
39403,1,15.3,9.748279
39403,2,16.2,10.229266
39403,3,18.8,11.40233
39403,4,21.3,13.134175
39403,5,23.4,15.1362095
39403,6,24.6,17.270393
39403,7,25.3,19.181723
39403,8,25.8,20.62733
39403,9,25.2,21.581543
39403,10,25.3,21.902777
39403,11,25.4,21.635035
39403,12,24.4,20.932625
39403,13,23.4,19.62737
39403,14,22.0,18.27516
39403,15,21.4,16.954657
39403,16,20.9,15.704692
39403,17,20.6,14.726487
39403,18,20.2,13.870596
39403,19,19.5,13.16242
39403,20,19.0,12.494333
39403,21,18.8,11.885666
39403,22,18.6,11.3609295
39403,23,18.5,10.884411
39403,24,18.4,10.573322
39629,1,26.7,23.796844
39629,2,28.9,24.039097
39629,3,29.5,24.06494
39629,4,29.8,23.756176
39629,5,29.1,23.346771
39629,6,29.3,22.773266
39629,7,27.9,21.861355
39629,8,26.8,21.032148
39629,9,26.0,20.279192
39629,10,25.6,19.62196
39629,11,21.7,19.089474
39629,12,21.5,18.696836
39629,13,20.8,18.256289
39629,14,20.5,17.95746
39629,15,20.2,17.676819
39629,16,19.9,17.49904
39629,17,19.6,17.470652
39629,18,18.9,17.699245
39629,19,18.5,18.353714
39629,20,18.2,19.209818
39629,21,17.7,20.236935
39629,22,18.3,21.275648
39629,23,19.4,22.243229
39629,24,20.3,23.024084
39797,1,21.8,24.349434
39797,2,21.0,24.844105
39797,3,21.0,25.092697
39797,4,21.6,24.92907
39797,5,22.0,24.571249
39797,6,22.0,23.960873
39797,7,22.6,22.95308
39797,8,22.3,21.991873
39797,9,21.6,21.09943
39797,10,21.3,20.321222
39797,11,21.0,19.696156
39797,12,20.9,19.233734
39797,13,20.7,18.740892
39797,14,20.8,18.379854
39797,15,20.7,18.041904
39797,16,20.7,17.802284
39797,17,20.7,17.68809
39797,18,20.6,17.82061
39797,19,19.7,18.36174
39797,20,21.0,19.137823
39797,21,22.7,20.151714
39797,22,24.9,21.274237
39797,23,26.3,22.391449
39797,24,27.2,23.368639
39988,1,27.5,25.186283
39988,2,27.3,25.801428
39988,3,26.6,26.314405
39988,4,29.0,26.61146
39988,5,29.6,26.749887
39988,6,25.9,26.673733
39988,7,25.4,26.27526
39988,8,25.6,25.806591
39988,9,25.7,25.270847
39988,10,24.0,24.645826
39988,11,24.5,24.04821
39988,12,24.6,23.498852
39988,13,24.7,22.882488
39988,14,24.4,22.354527
39988,15,24.2,21.884022
39988,16,24.7,21.471115
39988,17,25.5,21.160395
39988,18,24.7,21.014265
39988,19,24.5,21.13669
39988,20,23.5,21.455702
39988,21,23.3,21.963272
39988,22,24.0,22.64366
39988,23,24.3,23.399418
39988,24,24.4,24.156202
40167,1,28.7,28.291393
40167,2,29.1,29.144817
40167,3,29.1,29.477646
40167,4,28.8,29.036076
40167,5,27.1,28.197508
40167,6,25.2,26.980335
40167,7,25.4,25.380127
40167,8,22.9,23.89001
40167,9,22.0,22.516876
40167,10,21.9,21.26703
40167,11,22.7,20.203993
40167,12,22.1,19.33952
40167,13,21.7,18.51398
40167,14,21.2,17.841034
40167,15,20.8,17.271734
40167,16,20.3,16.916471
40167,17,17.6,16.808846
40167,18,17.2,17.135847
40167,19,17.2,18.034748
40167,20,18.8,19.34309
40167,21,21.1,21.047668
40167,22,23.1,22.995527
40167,23,24.8,24.892471
40167,24,26.2,26.583082
40218,1,13.2,10.566036
40218,2,13.4,9.716107
40218,3,12.9,8.913897
40218,4,12.2,8.106461
40218,5,11.7,7.3621283
40218,6,11.4,6.8385963
40218,7,11.0,6.50608
40218,8,9.8,6.5744343
40218,9,7.7,7.285242
40218,10,8.2,8.689377
40218,11,10.6,10.468393
40218,12,12.4,12.545074
40218,13,14.0,14.635922
40218,14,15.8,16.418968
40218,15,17.5,17.854704
40218,16,19.0,18.758
40218,17,20.4,19.048706
40218,18,21.6,18.745848
40218,19,21.5,17.889204
40218,20,18.6,16.842117
40218,21,16.9,15.686377
40218,22,14.9,14.47496
40218,23,13.2,13.538176
40218,24,12.6,12.654365
40318,1,15.7,11.181887
40318,2,17.0,12.588525
40318,3,18.0,13.831487
40318,4,18.7,14.654945
40318,5,19.0,15.079234
40318,6,18.7,15.088778
40318,7,17.7,14.739767
40318,8,15.4,14.147637
40318,9,14.1,13.383286
40318,10,12.8,12.413288
40318,11,11.5,11.459686
40318,12,10.3,10.54066
40318,13,9.2,9.615585
40318,14,8.2,8.75771
40318,15,7.5,8.05574
40318,16,6.7,7.432832
40318,17,6.0,6.9085865
40318,18,5.5,6.5079174
40318,19,5.3,6.206054
40318,20,4.2,6.169736
40318,21,4.0,6.4863486
40318,22,4.9,7.272376
40318,23,8.2,8.304266
40318,24,11.8,9.570143
40797,1,-1.1,5.488694
40797,2,1.7,6.0589557
40797,3,5.9,7.253657
40797,4,11.5,8.917983
40797,5,14.1,10.776937
40797,6,15.2,12.659598
40797,7,15.7,14.331625
40797,8,15.5,15.498255
40797,9,15.0,16.175066
40797,10,14.2,16.300863
40797,11,12.7,15.914265
40797,12,11.2,15.157931
40797,13,10.4,13.934088
40797,14,8.9,12.632296
40797,15,8.0,11.433501
40797,16,7.2,10.320946
40797,17,6.4,9.4815
40797,18,5.7,8.780453
40797,19,4.8,8.15087
40797,20,3.6,7.588535
40797,21,3.8,7.123998
40797,22,3.9,6.786889
40797,23,4.3,6.4961033
40797,24,4.2,6.342039
40812,1,3.6,4.1587176
40812,2,3.7,3.8689194
40812,3,3.5,4.165947
40812,4,3.1,5.0717726
40812,5,4.4,6.453331
40812,6,6.9,8.139948
40812,7,8.6,9.977389
40812,8,9.8,11.588266
40812,9,10.8,12.936237
40812,10,11.4,13.94504
40812,11,11.7,14.421143
40812,12,11.7,14.434749
40812,13,11.1,13.813489
40812,14,9.0,12.779817
40812,15,8.1,11.596317
40812,16,6.9,10.253495
40812,17,4.9,9.172619
40812,18,3.8,8.297949
40812,19,3.2,7.623669
40812,20,2.8,7.155733
40812,21,2.3,6.7780733
40812,22,1.7,6.4348507
40812,23,1.1,6.0010686
40812,24,1.5,5.5010953
41059,1,5.7,8.656559
41059,2,5.5,8.044157
41059,3,5.2,7.5498056
41059,4,5.4,7.220359
41059,5,5.4,7.101985
41059,6,4.8,7.5041323
41059,7,4.2,8.503832
41059,8,4.1,9.8980875
41059,9,4.2,11.678176
41059,10,5.0,13.584591
41059,11,5.3,15.327925
41059,12,6.2,16.790499
41059,13,7.1,17.802286
41059,14,8.0,18.289381
41059,15,9.1,18.366947
41059,16,9.2,17.961025
41059,17,8.6,17.298407
41059,18,8.1,16.334658
41059,19,8.1,15.059057
41059,20,8.0,13.880785
41059,21,8.5,12.727508
41059,22,10.1,11.707823
41059,23,10.0,10.881297
41059,24,9.0,10.149748
41369,1,23.3,23.52541
41369,2,21.5,22.021446
41369,3,19.9,20.611084
41369,4,18.2,19.21162
41369,5,17.0,17.925766
41369,6,16.2,16.844463
41369,7,15.6,15.895024
41369,8,14.6,15.095363
41369,9,13.2,14.500468
41369,10,12.4,13.985939
41369,11,12.4,13.724348
41369,12,12.0,14.049468
41369,13,14.5,15.122288
41369,14,18.7,16.936996
41369,15,22.4,19.317772
41369,16,24.9,22.03607
41369,17,26.8,24.617985
41369,18,28.2,26.834293
41369,19,29.2,28.440828
41369,20,29.8,29.27283
41369,21,30.0,29.27832
41369,22,29.7,28.307058
41369,23,28.9,26.98349
41369,24,26.8,25.427898
41983,1,40.5,35.281246
41983,2,40.7,36.304924
41983,3,40.8,36.95421
41983,4,40.8,36.98168
41983,5,40.3,36.589394
41983,6,39.3,35.65916
41983,7,36.3,34.128544
41983,8,34.5,32.470802
41983,9,33.3,30.78208
41983,10,32.8,29.145027
41983,11,30.5,27.715916
41983,12,29.5,26.525785
41983,13,27.2,25.488245
41983,14,25.9,24.668264
41983,15,25.1,24.174564
41983,16,24.4,24.047365
41983,17,26.0,24.166306
41983,18,28.3,24.668613
41983,19,31.2,25.649477
41983,20,34.3,26.909021
41983,21,36.6,28.515512
41983,22,38.4,30.415758
41983,23,39.7,32.30802
41983,24,40.7,34.019936
41992,1,41.2,34.90569
41992,2,41.0,34.085197
41992,3,40.3,33.1141
41992,4,37.9,31.95698
41992,5,35.8,30.817785
41992,6,34.2,29.632458
41992,7,32.7,28.50326
41992,8,30.8,27.435465
41992,9,29.0,26.455631
41992,10,27.6,25.512823
41992,11,27.0,24.676764
41992,12,26.9,24.058392
41992,13,26.0,23.852531
41992,14,26.7,23.962332
41992,15,28.6,24.754936
41992,16,31.8,26.157019
41992,17,34.5,27.866926
41992,18,36.6,29.7468
41992,19,38.4,31.578955
41992,20,40.2,33.159176
41992,21,41.6,34.44155
41992,22,42.3,35.351505
41992,23,42.8,35.867653
41992,24,43.4,35.891266
42350,1,34.1,32.254078
42350,2,35.8,34.69779
42350,3,37.0,36.94097
42350,4,37.6,38.655594
42350,5,38.0,39.64216
42350,6,38.0,39.932987
42350,7,37.8,39.662525
42350,8,37.1,38.903465
42350,9,36.2,37.744816
42350,10,33.9,36.073658
42350,11,31.4,34.352077
42350,12,30.4,32.62512
42350,13,28.9,30.981653
42350,14,27.8,29.488676
42350,15,26.2,28.363361
42350,16,24.7,27.447062
42350,17,23.8,26.62828
42350,18,22.7,25.930204
42350,19,21.6,25.2965
42350,20,22.0,24.990076
42350,21,23.4,25.162477
42350,22,25.7,26.162113
42350,23,28.6,27.63126
42350,24,31.5,29.56624
42466,1,34.6,30.107777
42466,2,32.5,28.92697
42466,3,31.0,28.00244
42466,4,29.8,27.237154
42466,5,28.7,26.584587
42466,6,27.7,26.036686
42466,7,26.9,25.732819
42466,8,26.9,25.69613
42466,9,28.2,26.2283
42466,10,30.7,27.56799
42466,11,33.8,29.243149
42466,12,36.8,31.350832
42466,13,40.0,33.59545
42466,14,42.0,35.425625
42466,15,42.4,36.98834
42466,16,42.8,37.975086
42466,17,42.7,38.38212
42466,18,42.3,38.289654
42466,19,41.7,37.6176
42466,20,41.2,36.772663
42466,21,40.2,35.74949
42466,22,38.5,34.517883
42466,23,37.4,33.451405
42466,24,35.5,32.244377
43144,1,27.1,26.646536
43144,2,24.6,25.308079
43144,3,23.2,23.768848
43144,4,21.5,21.984838
43144,5,20.0,20.355818
43144,6,18.7,18.932907
43144,7,17.3,17.845762
43144,8,16.2,17.019157
43144,9,15.4,16.354794
43144,10,13.8,15.684683
43144,11,13.2,14.995796
43144,12,13.1,14.451998
43144,13,13.5,14.240809
43144,14,12.8,14.418577
43144,15,12.3,15.231074
43144,16,13.6,16.712868
43144,17,17.1,18.656645
43144,18,20.6,20.88802
43144,19,22.8,23.155605
43144,20,25.1,25.167253
43144,21,26.5,26.775906
43144,22,27.4,27.74134
43144,23,27.9,28.087456
43144,24,27.8,27.79048
43251,1,17.5,12.516982
43251,2,17.5,12.01186
43251,3,16.7,11.718808
43251,4,16.7,11.644598
43251,5,16.9,11.815104
43251,6,16.5,12.535854
43251,7,17.0,13.790925
43251,8,17.6,15.382843
43251,9,18.3,17.249147
43251,10,19.6,19.056814
43251,11,20.0,20.566277
43251,12,22.3,21.738115
43251,13,23.3,22.341366
43251,14,23.8,22.525784
43251,15,23.2,22.300903
43251,16,23.1,21.64983
43251,17,21.8,20.831892
43251,18,21.4,19.777546
43251,19,21.1,18.53448
43251,20,20.0,17.384235
43251,21,19.3,16.236473
43251,22,19.1,15.170243
43251,23,18.9,14.2689295
43251,24,18.4,13.504498
43414,1,10.8,9.882447
43414,2,12.5,11.50634
43414,3,13.3,12.947316
43414,4,13.9,13.906749
43414,5,14.0,14.379539
43414,6,13.9,14.361365
43414,7,12.7,13.866113
43414,8,11.4,13.095371
43414,9,10.3,12.143937
43414,10,9.4,11.014257
43414,11,8.0,9.943926
43414,12,7.1,8.956162
43414,13,6.1,7.9858465
43414,14,5.1,7.149669
43414,15,4.4,6.4523797
43414,16,3.8,5.853872
43414,17,3.3,5.3326616
43414,18,3.0,4.8997087
43414,19,3.0,4.5785136
43414,20,2.4,4.5068893
43414,21,2.1,4.8184423
43414,22,1.9,5.63603
43414,23,4.4,6.7585273
43414,24,7.5,8.146992
44273,1,30.5,22.223541
44273,2,29.0,20.919016
44273,3,26.9,19.722483
44273,4,24.8,18.552567
44273,5,23.9,17.520044
44273,6,22.9,16.621521
44273,7,22.9,15.925448
44273,8,22.7,15.344119
44273,9,21.9,14.951467
44273,10,20.9,14.72135
44273,11,19.6,14.644604
44273,12,19.0,14.944301
44273,13,20.7,15.720624
44273,14,23.7,16.865067
44273,15,27.3,18.488693
44273,16,29.7,20.410688
44273,17,31.7,22.328424
44273,18,33.2,24.042143
44273,19,34.3,25.289635
44273,20,34.7,26.022867
44273,21,34.7,26.202007
44273,22,34.2,25.716671
44273,23,33.3,24.929081
44273,24,30.4,23.828093
44278,1,29.7,20.376997
44278,2,31.7,22.851715
44278,3,33.2,25.104776
44278,4,34.3,26.774332
44278,5,34.7,27.7222
44278,6,34.7,28.030182
44278,7,34.2,27.752506
44278,8,33.3,27.035517
44278,9,30.4,25.946314
44278,10,28.7,24.308697
44278,11,27.3,22.634258
44278,12,26.0,20.957043
44278,13,25.0,19.318415
44278,14,23.2,17.951534
44278,15,21.5,16.911201
44278,16,20.3,16.096302
44278,17,19.5,15.357347
44278,18,18.5,14.654682
44278,19,18.0,13.972812
44278,20,16.9,13.535235
44278,21,16.4,13.537189
44278,22,18.6,14.319795
44278,23,22.2,15.601597
44278,24,26.0,17.450712
44387,1,14.0,15.257475
44387,2,13.4,14.631703
44387,3,12.8,14.019306
44387,4,12.0,13.487932
44387,5,11.4,13.141893
44387,6,11.4,13.614296
44387,7,14.4,14.840262
44387,8,18.7,16.813004
44387,9,22.1,19.509663
44387,10,24.9,22.390537
44387,11,26.8,25.105846
44387,12,28.3,27.429152
44387,13,29.3,28.99084
44387,14,29.9,29.887814
44387,15,29.8,30.023823
44387,16,29.0,29.409924
44387,17,28.8,28.250174
44387,18,26.1,26.51528
44387,19,24.6,24.424643
44387,20,23.5,22.43829
44387,21,22.0,20.527977
44387,22,20.3,18.936365
44387,23,19.5,17.78075
44387,24,18.3,16.950636
44716,1,23.7,19.926437
44716,2,22.5,19.998075
44716,3,23.9,20.742222
44716,4,26.3,22.176867
44716,5,28.5,24.034563
44716,6,30.5,26.225666
44716,7,31.5,28.493795
44716,8,32.4,30.489994
44716,9,33.6,32.150867
44716,10,34.3,33.252823
44716,11,34.4,33.702087
44716,12,34.5,33.61675
44716,13,33.6,32.74882
44716,14,32.4,31.48635
44716,15,31.2,29.993046
44716,16,29.6,28.244743
44716,17,29.7,26.681736
44716,18,29.0,25.265638
44716,19,27.9,24.096157
44716,20,26.5,23.165201
44716,21,25.0,22.34759
44716,22,23.3,21.683804
44716,23,23.5,21.079819
44716,24,23.6,20.609516
44900,1,23.7,22.059048
44900,2,23.7,22.101446
44900,3,25.7,22.829039
44900,4,28.1,24.257336
44900,5,30.5,26.108313
44900,6,32.0,28.27982
44900,7,33.1,30.515612
44900,8,34.7,32.466415
44900,9,35.8,34.070267
44900,10,36.4,35.128365
44900,11,36.6,35.539146
44900,12,36.4,35.43687
44900,13,36.0,34.582626
44900,14,35.2,33.345425
44900,15,34.1,31.888523
44900,16,32.9,30.180277
44900,17,32.2,28.660612
44900,18,31.6,27.304487
44900,19,30.8,26.202915
44900,20,29.2,25.337915
44900,21,27.8,24.574038
44900,22,26.8,23.931818
44900,23,25.9,23.328415
44900,24,25.1,22.827778
45030,1,30.4,28.457777
45030,2,32.0,30.09944
45030,3,33.4,31.607075
45030,4,34.8,32.77379
45030,5,35.4,33.48753
45030,6,35.3,33.757843
45030,7,36.7,33.61615
45030,8,36.5,33.15721
45030,9,35.5,32.407333
45030,10,34.5,31.24629
45030,11,33.6,30.016115
45030,12,32.8,28.741766
45030,13,33.3,27.456387
45030,14,32.4,26.294836
45030,15,31.4,25.387608
45030,16,30.4,24.643963
45030,17,29.3,24.022125
45030,18,28.4,23.530428
45030,19,27.5,23.168798
45030,20,27.5,23.061035
45030,21,29.7,23.282389
45030,22,31.9,24.053846
45030,23,33.7,25.124855
45030,24,35.7,26.48675
45587,1,11.5,10.6122
45587,2,10.8,9.919906
45587,3,10.0,9.362812
45587,4,8.8,8.906624
45587,5,7.9,8.562702
45587,6,7.2,8.434645
45587,7,6.5,8.648828
45587,8,6.4,9.111244
45587,9,6.2,9.952967
45587,10,7.1,11.175724
45587,11,9.0,12.514494
45587,12,11.4,13.950581
45587,13,13.4,15.32358
45587,14,15.0,16.35582
45587,15,16.3,17.163967
45587,16,17.6,17.553682
45587,17,18.5,17.592175
45587,18,18.8,17.24858
45587,19,17.4,16.43399
45587,20,14.9,15.545578
45587,21,13.7,14.570681
45587,22,12.8,13.561962
45587,23,12.1,12.726554
45587,24,10.9,11.917571
45680,1,17.4,15.670836
45680,2,18.3,15.936339
45680,3,18.1,15.913549
45680,4,17.2,15.502267
45680,5,15.1,14.9730425
45680,6,14.5,14.276696
45680,7,13.8,13.382577
45680,8,13.0,12.591276
45680,9,12.2,11.896774
45680,10,11.5,11.341265
45680,11,11.7,10.910637
45680,12,11.1,10.561639
45680,13,10.5,10.18125
45680,14,10.4,9.809431
45680,15,9.9,9.458007
45680,16,9.5,9.183712
45680,17,9.6,9.089097
45680,18,9.8,9.285231
45680,19,9.4,9.851717
45680,20,10.4,10.703291
45680,21,12.6,11.797071
45680,22,13.3,12.99408
45680,23,13.9,14.115724
45680,24,14.8,15.024678
45866,1,11.9,11.844688
45866,2,11.4,10.649514
45866,3,10.7,9.634002
45866,4,10.0,8.702842
45866,5,9.5,7.8956385
45866,6,9.0,7.306144
45866,7,8.4,6.810012
45866,8,8.2,6.4914765
45866,9,7.9,6.4319973
45866,10,7.8,6.6532807
45866,11,7.0,7.1442327
45866,12,7.2,8.176161
45866,13,7.2,9.72535
45866,14,7.8,11.71015
45866,15,9.3,13.751971
45866,16,11.2,15.627963
45866,17,13.6,17.143799
45866,18,15.3,18.247036
45866,19,16.5,18.80355
45866,20,16.7,18.853445
45866,21,16.4,18.317312
45866,22,15.4,16.969143
45866,23,13.1,15.468897
45866,24,11.8,13.873367
46260,1,7.0,6.467816
46260,2,6.7,5.8603086
46260,3,6.8,5.3123965
46260,4,7.5,4.9826975
46260,5,6.4,5.00021
46260,6,6.1,5.9301915
46260,7,7.6,7.6321974
46260,8,11.6,9.98328
46260,9,15.2,12.831127
46260,10,18.0,15.64929
46260,11,20.0,18.067114
46260,12,21.5,19.788265
46260,13,22.2,20.563929
46260,14,22.6,20.612856
46260,15,21.8,19.938759
46260,16,19.7,18.688696
46260,17,18.2,17.230082
46260,18,15.2,15.549265
46260,19,13.8,13.83373
46260,20,13.3,12.406207
46260,21,12.4,11.160425
46260,22,11.6,10.218131
46260,23,11.0,9.491458
46260,24,10.8,8.877636
46410,1,14.5,13.29851
46410,2,14.2,12.216301
46410,3,14.5,11.331756
46410,4,14.6,10.525126
46410,5,14.4,9.833998
46410,6,14.1,9.317884
46410,7,13.4,8.895827
46410,8,12.9,8.643497
46410,9,12.6,8.667274
46410,10,12.4,9.024485
46410,11,12.3,9.624815
46410,12,12.5,10.704019
46410,13,13.5,12.169617
46410,14,15.2,13.923651
46410,15,17.2,15.683894
46410,16,19.1,17.248226
46410,17,21.0,18.4725
46410,18,22.8,19.30942
46410,19,21.4,19.64316
46410,20,20.0,19.556578
46410,21,20.4,18.996576
46410,22,20.4,17.771446
46410,23,18.6,16.45373
46410,24,16.7,15.04122
46951,1,23.7,20.013414
46951,2,23.0,21.555954
46951,3,22.6,22.808107
46951,4,21.3,23.373693
46951,5,20.3,23.393162
46951,6,21.0,22.782925
46951,7,21.1,21.420378
46951,8,19.0,19.850489
46951,9,18.8,18.231964
46951,10,17.3,16.671423
46951,11,16.9,15.359724
46951,12,16.2,14.342422
46951,13,15.8,13.412207
46951,14,15.3,12.764146
46951,15,15.1,12.302881
46951,16,15.1,12.07166
46951,17,15.1,11.915355
46951,18,15.0,11.924387
46951,19,14.9,12.22479
46951,20,15.3,12.741355
46951,21,15.9,13.665098
46951,22,16.4,14.999218
46951,23,17.1,16.562109
46951,24,18.0,18.240751
47502,1,19.5,19.347504
47502,2,22.0,22.321154
47502,3,24.9,25.635681
47502,4,27.9,28.79292
47502,5,30.7,31.267899
47502,6,32.8,33.032394
47502,7,33.2,33.890713
47502,8,32.7,33.82263
47502,9,32.0,32.93931
47502,10,30.6,31.113228
47502,11,28.0,28.967804
47502,12,25.6,26.705412
47502,13,23.8,24.39401
47502,14,22.7,22.571564
47502,15,22.2,21.231152
47502,16,21.9,20.266674
47502,17,21.3,19.413847
47502,18,20.6,18.496473
47502,19,20.0,17.42846
47502,20,19.6,16.367138
47502,21,19.0,15.623525
47502,22,18.5,15.585228
47502,23,17.7,16.128649
47502,24,17.6,17.439095
47551,1,25.4,25.23969
47551,2,28.1,27.698774
47551,3,29.7,29.736792
47551,4,29.7,30.794449
47551,5,29.0,30.951664
47551,6,28.0,30.14555
47551,7,26.9,28.371456
47551,8,26.1,26.251318
47551,9,24.1,24.028036
47551,10,22.2,21.900244
47551,11,21.1,20.117046
47551,12,20.2,18.708275
47551,13,19.6,17.493141
47551,14,19.4,16.563845
47551,15,19.2,15.89282
47551,16,18.9,15.494685
47551,17,18.7,15.123628
47551,18,18.2,14.920567
47551,19,17.6,14.967723
47551,20,17.9,15.350223
47551,21,18.0,16.365904
47551,22,19.6,18.118668
47551,23,21.9,20.302376
47551,24,24.5,22.730154
47589,1,22.1,18.670807
47589,2,21.3,19.14837
47589,3,21.6,20.614307
47589,4,23.4,22.962175
47589,5,26.0,25.730042
47589,6,29.4,28.708103
47589,7,32.8,31.548506
47589,8,35.8,33.76107
47589,9,38.1,35.34687
47589,10,38.8,36.13504
47589,11,37.6,36.06423
47589,12,34.7,35.318127
47589,13,32.6,33.68695
47589,14,30.4,31.729427
47589,15,28.6,29.79129
47589,16,27.1,27.886164
47589,17,26.1,26.336054
47589,18,25.5,24.972515
47589,19,25.3,23.799168
47589,20,24.9,22.750332
47589,21,24.3,21.83003
47589,22,23.5,21.144758
47589,23,22.8,20.53107
47589,24,22.3,20.085752
48301,1,8.3,7.2820506
48301,2,7.7,7.1888065
48301,3,7.7,7.739142
48301,4,8.3,8.919199
48301,5,10.4,10.53166
48301,6,12.5,12.427682
48301,7,14.1,14.38857
48301,8,15.4,16.037231
48301,9,16.2,17.311176
48301,10,16.4,18.099493
48301,11,16.3,18.288218
48301,12,15.7,17.975147
48301,13,14.9,17.028036
48301,14,13.6,15.80475
48301,15,12.9,14.529249
48301,16,12.5,13.221193
48301,17,12.0,12.230397
48301,18,11.3,11.450165
48301,19,10.2,10.848406
48301,20,9.8,10.388331
48301,21,9.6,9.982355
48301,22,9.8,9.58624
48301,23,9.9,9.104422
48301,24,9.7,8.593552
48444,1,12.7,7.0756097
48444,2,12.4,6.4891005
48444,3,12.1,6.026284
48444,4,10.4,5.848384
48444,5,9.0,6.0633698
48444,6,9.0,7.2285166
48444,7,9.8,9.110668
48444,8,12.0,11.594524
48444,9,14.6,14.488657
48444,10,16.9,17.238235
48444,11,19.2,19.5075
48444,12,21.1,21.023571
48444,13,22.3,21.540154
48444,14,22.7,21.40332
48444,15,22.2,20.562805
48444,16,19.8,19.208673
48444,17,16.9,17.716381
48444,18,15.7,16.05868
48444,19,15.2,14.450763
48444,20,15.1,13.116191
48444,21,14.4,11.9386835
48444,22,13.9,11.009114
48444,23,13.4,10.247117
48444,24,13.6,9.584787
49165,1,13.4,10.031303
49165,2,13.1,10.379627
49165,3,12.5,11.821476
49165,4,14.0,14.215177
49165,5,18.2,17.123974
49165,6,20.1,20.261013
49165,7,22.0,23.248465
49165,8,23.1,25.557627
49165,9,24.2,27.240734
49165,10,24.9,28.140093
49165,11,25.2,28.134665
49165,12,25.2,27.41452
49165,13,25.0,25.697275
49165,14,23.8,23.60769
49165,15,21.0,21.57714
49165,16,19.7,19.652054
49165,17,17.9,18.144484
49165,18,17.3,16.816626
49165,19,16.0,15.662228
49165,20,15.9,14.578359
49165,21,15.7,13.625015
49165,22,16.1,12.909944
49165,23,16.3,12.241133
49165,24,15.0,11.7305355
49190,1,13.9,9.54594
49190,2,14.6,11.093264
49190,3,16.4,13.058171
49190,4,17.2,15.130611
49190,5,18.8,16.986612
49190,6,20.1,18.567585
49190,7,21.9,19.599314
49190,8,21.9,20.036165
49190,9,20.4,19.90555
49190,10,19.6,19.107035
49190,11,18.2,17.977766
49190,12,16.6,16.708372
49190,13,15.8,15.246687
49190,14,15.0,14.099138
49190,15,14.4,13.144895
49190,16,14.0,12.339836
49190,17,13.7,11.656155
49190,18,13.2,10.969006
49190,19,12.7,10.256838
49190,20,12.3,9.539363
49190,21,11.9,8.948001
49190,22,11.7,8.603847
49190,23,11.1,8.532867
49190,24,11.2,8.9008465
49615,1,20.0,18.176775
49615,2,22.6,20.090088
49615,3,24.1,21.668993
49615,4,25.1,22.444983
49615,5,25.0,22.52925
49615,6,24.1,21.84011
49615,7,22.6,20.373936
49615,8,21.2,18.62985
49615,9,19.4,16.807587
49615,10,17.5,15.08703
49615,11,16.6,13.646027
49615,12,15.9,12.521908
49615,13,16.0,11.545236
49615,14,15.4,10.790838
49615,15,15.0,10.238813
49615,16,14.9,9.896194
49615,17,14.7,9.611378
49615,18,14.9,9.502956
49615,19,14.9,9.621973
49615,20,14.8,10.0394535
49615,21,15.0,10.977541
49615,22,15.8,12.470069
49615,23,16.7,14.269425
49615,24,17.1,16.225025
49817,1,18.3,17.486723
49817,2,17.6,16.516178
49817,3,16.8,15.537708
49817,4,15.9,14.495961
49817,5,15.5,13.561811
49817,6,15.0,12.720962
49817,7,14.6,12.053636
49817,8,14.4,11.478876
49817,9,14.0,11.0162525
49817,10,13.6,10.612658
49817,11,13.3,10.277227
49817,12,13.0,10.1105995
49817,13,12.2,10.265257
49817,14,12.5,10.709682
49817,15,14.0,11.685088
49817,16,15.7,13.122897
49817,17,17.0,14.757819
49817,18,17.9,16.376047
49817,19,18.8,17.724619
49817,20,19.6,18.718819
49817,21,20.0,19.34193
49817,22,20.8,19.513578
49817,23,21.5,19.363796
49817,24,20.6,18.847445
49835,1,16.6,13.579115
49835,2,16.2,12.988141
49835,3,15.8,12.509864
49835,4,15.5,12.151734
49835,5,15.1,11.972848
49835,6,14.6,12.4082575
49835,7,14.2,13.3869
49835,8,14.1,14.888938
49835,9,15.3,16.929443
49835,10,17.0,19.12877
49835,11,18.9,21.207092
49835,12,21.1,23.049711
49835,13,22.7,24.33502
49835,14,25.7,25.151579
49835,15,26.9,25.418003
49835,16,26.5,25.101904
49835,17,25.8,24.351404
49835,18,25.5,23.11424
49835,19,25.0,21.530378
49835,20,23.7,19.957159
49835,21,22.2,18.37893
49835,22,20.7,16.956646
49835,23,19.6,15.86051
49835,24,18.8,15.010869
50024,1,27.2,27.319172
50024,2,27.2,27.514181
50024,3,26.9,27.232128
50024,4,26.4,26.300274
50024,5,24.8,25.19972
50024,6,22.9,23.92825
50024,7,20.9,22.401962
50024,8,19.7,21.03525
50024,9,18.9,19.731934
50024,10,18.5,18.39195
50024,11,18.0,17.112804
50024,12,17.5,15.988229
50024,13,17.0,14.926757
50024,14,16.7,14.200064
50024,15,16.4,13.729447
50024,16,16.7,13.687434
50024,17,16.7,14.111968
50024,18,17.3,15.126846
50024,19,18.2,16.844065
50024,20,19.7,18.854374
50024,21,21.5,21.042559
50024,22,22.9,23.117434
50024,23,24.8,24.83237
50024,24,26.4,26.13506
50195,1,24.7,22.229998
50195,2,24.8,22.071308
50195,3,24.9,22.066109
50195,4,24.9,22.132996
50195,5,25.1,22.227295
50195,6,25.1,22.439514
50195,7,24.7,22.745255
50195,8,24.3,23.150429
50195,9,23.5,23.646753
50195,10,24.0,24.191309
50195,11,25.6,24.701538
50195,12,26.4,25.274328
50195,13,27.4,25.764309
50195,14,27.9,26.201391
50195,15,28.1,26.439781
50195,16,27.9,26.374079
50195,17,27.1,26.133177
50195,18,26.3,25.74452
50195,19,25.7,25.212597
50195,20,25.3,24.707258
50195,21,25.0,24.139915
50195,22,24.9,23.460136
50195,23,25.0,22.88728
50195,24,25.2,22.365225
50319,1,27.7,24.059597
50319,2,28.1,24.257526
50319,3,28.1,24.399496
50319,4,28.2,24.429241
50319,5,28.3,24.406273
50319,6,27.3,24.318203
50319,7,26.9,24.079035
50319,8,26.2,23.859692
50319,9,25.4,23.632944
50319,10,25.3,23.34398
50319,11,25.1,23.05831
50319,12,25.4,22.781935
50319,13,25.3,22.439241
50319,14,25.3,22.166985
50319,15,25.3,21.951633
50319,16,25.1,21.791792
50319,17,24.8,21.714085
50319,18,24.1,21.726059
50319,19,23.1,21.886858
50319,20,23.2,22.145575
50319,21,23.0,22.469637
50319,22,23.0,22.838514
50319,23,25.4,23.229553
50319,24,26.8,23.566216
50493,1,14.8,15.240996
50493,2,14.2,15.352595
50493,3,13.9,15.859536
50493,4,13.6,16.706472
50493,5,14.5,17.792511
50493,6,16.1,19.086594
50493,7,18.3,20.229513
50493,8,20.4,21.241621
50493,9,22.1,22.030016
50493,10,23.2,22.439411
50493,11,23.7,22.500708
50493,12,23.5,22.342722
50493,13,22.8,21.732035
50493,14,21.7,21.15557
50493,15,20.6,20.385063
50493,16,19.5,19.46853
50493,17,18.9,18.65506
50493,18,17.7,17.929173
50493,19,17.0,17.451036
50493,20,16.6,17.063519
50493,21,16.4,16.677792
50493,22,16.0,16.195873
50493,23,15.7,15.726542
50493,24,15.3,15.356249
50858,1,20.6,19.309128
50858,2,20.3,19.093517
50858,3,20.3,18.943897
50858,4,20.2,18.75398
50858,5,19.5,18.539583
50858,6,19.4,18.359741
50858,7,19.5,18.164679
50858,8,19.6,18.084608
50858,9,19.7,18.163332
50858,10,19.7,18.399227
50858,11,20.0,18.746485
50858,12,20.4,19.271671
50858,13,20.8,19.844942
50858,14,20.4,20.488276
50858,15,21.0,21.067451
50858,16,21.2,21.492786
50858,17,21.6,21.733
50858,18,21.1,21.766129
50858,19,21.6,21.590338
50858,20,22.1,21.315065
50858,21,21.8,20.93089
50858,22,21.6,20.401686
50858,23,21.4,19.967495
50858,24,21.2,19.548367
50910,1,15.7,9.637501
50910,2,15.1,10.1461935
50910,3,15.7,10.665701
50910,4,16.6,11.154785
50910,5,18.3,11.623708
50910,6,19.7,12.061856
50910,7,20.2,12.390707
50910,8,20.2,12.603074
50910,9,19.0,12.632689
50910,10,18.0,12.322689
50910,11,17.3,11.864649
50910,12,16.4,11.273716
50910,13,15.5,10.542471
50910,14,12.0,9.874664
50910,15,11.5,9.278923
50910,16,11.4,8.718088
50910,17,11.3,8.307893
50910,18,11.2,8.012203
50910,19,11.1,7.8628736
50910,20,11.0,7.8546634
50910,21,10.7,7.9444184
50910,22,10.6,8.181243
50910,23,10.5,8.4717655
50910,24,10.5,8.88018
51031,1,25.5,20.698769
51031,2,26.3,21.537857
51031,3,26.8,22.408712
51031,4,26.8,23.145239
51031,5,26.5,23.72475
51031,6,26.1,24.146008
51031,7,25.6,24.213976
51031,8,24.8,24.138346
51031,9,24.0,23.881388
51031,10,23.7,23.366577
51031,11,23.6,22.748749
51031,12,23.4,22.09005
51031,13,23.2,21.259556
51031,14,23.0,20.595877
51031,15,22.8,19.931587
51031,16,22.6,19.307976
51031,17,22.4,18.785582
51031,18,22.1,18.386671
51031,19,22.0,18.222383
51031,20,22.0,18.22116
51031,21,21.8,18.39047
51031,22,21.7,18.712088
51031,23,22.8,19.158836
51031,24,24.4,19.728153
51705,1,27.6,24.832222
51705,2,26.9,24.527452
51705,3,25.9,24.262232
51705,4,25.1,23.934404
51705,5,24.8,23.57869
51705,6,24.6,23.136044
51705,7,24.5,22.582954
51705,8,24.4,22.081743
51705,9,24.5,21.720722
51705,10,24.4,21.607183
51705,11,24.2,21.66724
51705,12,23.8,21.956997
51705,13,23.1,22.386389
51705,14,22.8,22.884588
51705,15,22.9,23.481377
51705,16,23.8,24.089453
51705,17,25.5,24.614492
51705,18,25.5,25.040962
51705,19,26.2,25.330841
51705,20,26.8,25.517643
51705,21,27.2,25.612448
51705,22,27.4,25.556906
51705,23,27.7,25.50502
51705,24,27.6,25.299402
51859,1,26.6,23.87536
51859,2,26.7,23.484379
51859,3,26.5,23.289566
51859,4,26.3,23.208298
51859,5,25.9,23.175066
51859,6,25.6,23.216942
51859,7,25.3,23.383366
51859,8,25.1,23.64619
51859,9,25.0,24.082798
51859,10,26.2,24.743116
51859,11,28.4,25.461563
51859,12,30.4,26.34553
51859,13,32.2,27.230782
51859,14,33.3,27.968689
51859,15,33.0,28.52769
51859,16,32.3,28.725204
51859,17,31.6,28.661873
51859,18,30.0,28.37088
51859,19,29.2,27.808996
51859,20,29.6,27.222723
51859,21,28.2,26.542162
51859,22,27.8,25.732616
51859,23,26.1,25.043694
51859,24,26.0,24.361797
51974,1,27.4,24.906305
51974,2,27.6,25.13673
51974,3,28.2,25.33589
51974,4,29.0,25.46802
51974,5,28.9,25.554775
51974,6,28.9,25.611897
51974,7,29.0,25.604395
51974,8,28.7,25.603561
51974,9,28.7,25.558126
51974,10,28.8,25.373074
51974,11,28.5,25.129768
51974,12,28.0,24.840626
51974,13,27.5,24.46607
51974,14,27.1,24.115322
51974,15,27.1,23.81224
51974,16,27.0,23.520063
51974,17,26.8,23.310766
51974,18,26.7,23.186872
51974,19,26.6,23.177067
51974,20,26.4,23.291857
51974,21,26.6,23.469332
51974,22,26.8,23.722647
51974,23,26.8,24.015873
51974,24,26.9,24.29502
52068,1,28.5,23.529139
52068,2,28.2,23.385838
52068,3,27.8,23.471159
52068,4,27.5,23.725483
52068,5,27.4,24.076208
52068,6,27.3,24.593441
52068,7,28.3,25.211847
52068,8,29.2,25.878859
52068,9,29.8,26.548428
52068,10,30.2,27.148046
52068,11,30.7,27.593176
52068,12,31.0,27.994396
52068,13,31.2,28.205902
52068,14,31.3,28.331972
52068,15,31.1,28.251015
52068,16,30.6,27.885645
52068,17,30.2,27.434708
52068,18,29.7,26.929197
52068,19,29.2,26.387793
52068,20,29.0,25.92699
52068,21,28.8,25.425716
52068,22,28.7,24.815224
52068,23,27.6,24.26611
52068,24,26.9,23.743862
52604,1,25.4,21.578955
52604,2,25.3,21.194519
52604,3,25.3,21.085756
52604,4,25.0,21.232279
52604,5,24.8,21.566334
52604,6,24.9,22.19926
52604,7,25.5,23.157518
52604,8,29.4,24.2355
52604,9,30.3,25.390825
52604,10,31.4,26.493279
52604,11,31.5,27.358059
52604,12,29.5,28.055588
52604,13,29.6,28.432514
52604,14,30.5,28.52566
52604,15,30.2,28.368233
52604,16,30.4,27.868202
52604,17,25.8,27.280336
52604,18,25.6,26.595545
52604,19,25.8,25.788565
52604,20,25.4,25.081123
52604,21,25.3,24.340885
52604,22,25.3,23.55638
52604,23,25.4,22.844563
52604,24,25.4,22.152136
53477,1,21.9,20.538115
53477,2,21.8,20.773712
53477,3,21.2,21.163092
53477,4,21.6,21.651806
53477,5,22.4,22.186052
53477,6,23.7,22.795902
53477,7,24.8,23.27736
53477,8,25.6,23.71614
53477,9,25.8,24.031609
53477,10,26.1,24.09561
53477,11,25.8,24.000057
53477,12,25.8,23.82413
53477,13,25.6,23.444757
53477,14,24.9,23.164686
53477,15,23.8,22.788383
53477,16,23.5,22.311771
53477,17,22.9,21.863853
53477,18,22.3,21.44529
53477,19,21.1,21.15448
53477,20,19.9,20.940006
53477,21,18.8,20.727154
53477,22,17.4,20.472332
53477,23,16.6,20.279137
53477,24,15.7,20.17525
53576,1,25.3,23.598024
53576,2,25.1,23.865406
53576,3,25.5,23.982334
53576,4,25.2,23.85147
53576,5,24.3,23.628641
53576,6,23.9,23.257248
53576,7,24.3,22.566803
53576,8,24.3,21.936523
53576,9,24.2,21.364822
53576,10,24.2,20.873379
53576,11,24.0,20.492588
53576,12,23.8,20.217237
53576,13,24.0,19.87447
53576,14,23.9,19.64099
53576,15,23.6,19.399921
53576,16,23.5,19.215338
53576,17,23.4,19.117962
53576,18,23.4,19.187765
53576,19,24.0,19.578611
53576,20,24.5,20.132032
53576,21,25.3,20.834446
53576,22,24.8,21.57781
53576,23,24.6,22.320156
53576,24,24.3,22.940434
53580,1,24.0,20.622904
53580,2,23.9,20.587967
53580,3,23.6,20.607887
53580,4,23.5,20.622372
53580,5,23.4,20.623499
53580,6,23.4,20.75769
53580,7,24.0,21.010689
53580,8,24.5,21.394102
53580,9,25.3,21.851126
53580,10,24.8,22.254143
53580,11,24.6,22.597536
53580,12,24.3,22.922941
53580,13,25.4,23.152922
53580,14,24.7,23.390873
53580,15,25.1,23.510952
53580,16,24.8,23.455097
53580,17,23.6,23.296951
53580,18,23.3,23.01174
53580,19,23.4,22.59659
53580,20,23.1,22.199238
53580,21,22.5,21.748775
53580,22,22.6,21.244478
53580,23,22.4,20.845535
53580,24,21.9,20.51649
53669,1,12.9,14.922272
53669,2,12.4,14.53497
53669,3,12.1,14.638172
53669,4,12.1,15.218005
53669,5,12.9,16.19845
53669,6,16.4,17.611874
53669,7,20.3,19.176693
53669,8,22.0,20.736631
53669,9,23.0,22.190653
53669,10,24.0,23.334188
53669,11,24.3,24.001835
53669,12,24.2,24.281303
53669,13,23.7,23.921171
53669,14,22.7,23.354588
53669,15,21.6,22.532234
53669,16,20.6,21.53052
53669,17,19.7,20.660936
53669,18,18.9,19.860008
53669,19,18.3,19.230125
53669,20,17.9,18.692575
53669,21,17.7,18.134642
53669,22,17.7,17.467327
53669,23,17.6,16.754017
53669,24,17.6,16.025572
53743,1,22.1,21.353155
53743,2,22.6,21.874554
53743,3,23.3,22.325094
53743,4,23.2,22.646353
53743,5,22.9,22.886484
53743,6,23.0,23.053944
53743,7,22.5,23.011284
53743,8,22.1,22.940746
53743,9,21.6,22.773886
53743,10,21.1,22.378918
53743,11,21.2,21.914883
53743,12,21.5,21.387167
53743,13,21.6,20.70799
53743,14,21.5,20.134304
53743,15,21.0,19.579987
53743,16,20.8,19.065493
53743,17,20.9,18.670546
53743,18,20.2,18.40995
53743,19,20.1,18.396282
53743,20,20.0,18.55164
53743,21,20.5,18.83652
53743,22,20.7,19.255898
53743,23,20.9,19.743877
53743,24,21.6,20.291471
53768,1,21.9,20.404757
53768,2,20.3,20.783222
53768,3,19.2,20.951715
53768,4,17.8,20.76526
53768,5,16.7,20.444206
53768,6,15.3,19.937038
53768,7,14.2,19.046017
53768,8,13.8,18.228643
53768,9,13.3,17.501513
53768,10,12.3,16.885263
53768,11,10.8,16.421457
53768,12,9.9,16.114998
53768,13,8.8,15.740733
53768,14,8.2,15.507174
53768,15,7.8,15.244875
53768,16,7.5,15.031933
53768,17,7.2,14.905238
53768,18,6.9,14.968494
53768,19,6.1,15.414828
53768,20,6.6,16.053057
53768,21,8.8,16.887674
53768,22,11.7,17.788069
53768,23,13.9,18.693428
53768,24,15.8,19.497211
54776,1,30.5,26.279594
54776,2,29.4,26.046349
54776,3,29.2,25.706448
54776,4,28.9,25.169868
54776,5,28.5,24.582415
54776,6,27.9,23.935692
54776,7,27.9,23.222889
54776,8,27.6,22.652168
54776,9,27.6,22.251793
54776,10,27.6,22.072653
54776,11,27.5,22.026052
54776,12,27.3,22.114292
54776,13,27.2,22.25392
54776,14,27.1,22.43092
54776,15,26.9,22.698544
54776,16,26.8,23.05848
54776,17,26.7,23.460747
54776,18,26.8,23.916632
54776,19,27.9,24.42219
54776,20,28.5,24.952028
54776,21,29.0,25.489737
54776,22,28.9,25.947218
54776,23,29.4,26.346127
54776,24,29.7,26.504923
55011,1,26.4,24.366331
55011,2,26.6,24.130898
55011,3,26.3,24.051905
55011,4,26.3,24.027905
55011,5,25.8,24.002722
55011,6,26.1,24.008427
55011,7,26.6,24.03336
55011,8,26.4,24.132614
55011,9,26.6,24.36276
55011,10,28.8,24.771296
55011,11,29.7,25.256409
55011,12,30.8,25.935013
55011,13,31.8,26.653288
55011,14,32.2,27.339977
55011,15,32.0,27.871597
55011,16,30.1,28.097115
55011,17,31.1,28.084724
55011,18,30.8,27.878069
55011,19,30.3,27.464499
55011,20,30.8,27.021515
55011,21,30.7,26.486465
55011,22,25.5,25.79926
55011,23,25.5,25.223156
55011,24,25.8,24.663464
55404,1,11.7,4.128716
55404,2,11.4,3.3658853
55404,3,10.7,2.7901087
55404,4,9.7,2.3458204
55404,5,8.7,2.0320852
55404,6,9.4,1.7652805
55404,7,9.2,1.5425416
55404,8,8.5,1.4483417
55404,9,7.9,1.6975422
55404,10,7.3,2.484137
55404,11,10.4,3.5441082
55404,12,11.7,4.9298673
55404,13,12.9,6.4131565
55404,14,14.4,7.747728
55404,15,15.5,8.868155
55404,16,15.9,9.643962
55404,17,15.9,10.040412
55404,18,15.2,10.025492
55404,19,13.9,9.637393
55404,20,12.9,9.065206
55404,21,12.2,8.3201885
55404,22,12.2,7.391695
55404,23,12.4,6.5754714
55404,24,12.5,5.7154164
56254,1,11.8,3.8857217
56254,2,10.6,4.2064867
56254,3,8.9,5.00902
56254,4,7.7,6.194745
56254,5,11.1,7.593438
56254,6,11.2,9.080702
56254,7,11.6,10.430537
56254,8,11.9,11.449883
56254,9,12.1,12.120783
56254,10,12.0,12.3756485
56254,11,12.2,12.227785
56254,12,12.2,11.800024
56254,13,11.6,10.96415
56254,14,9.6,10.055063
56254,15,6.6,9.111135
56254,16,4.2,8.12514
56254,17,4.0,7.335371
56254,18,2.9,6.6649942
56254,19,2.4,6.132226
56254,20,1.3,5.697417
56254,21,0.7,5.3322215
56254,22,0.5,5.0107055
56254,23,0.7,4.7064037
56254,24,0.8,4.4971676
56399,1,4.8,-0.26922536
56399,2,4.9,0.39544076
56399,3,6.5,1.2672573
56399,4,7.4,2.261149
56399,5,8.8,3.1938198
56399,6,10.4,3.9551709
56399,7,10.5,4.5666327
56399,8,10.2,4.8195667
56399,9,10.2,4.6908703
56399,10,10.3,4.278492
56399,11,10.6,3.6911573
56399,12,10.1,3.0001538
56399,13,9.2,2.270739
56399,14,7.7,1.6054897
56399,15,7.4,1.0118638
56399,16,6.8,0.47410572
56399,17,6.8,0.10501921
56399,18,7.0,-0.24556732
56399,19,6.9,-0.55514824
56399,20,6.6,-0.77862775
56399,21,6.2,-0.96983063
56399,22,6.0,-0.9849825
56399,23,5.7,-0.9193089
56399,24,4.9,-0.7756766
56904,1,19.4,19.978384
56904,2,20.5,21.735186
56904,3,21.4,23.160547
56904,4,21.8,23.813793
56904,5,22.3,23.82807
56904,6,22.0,23.148159
56904,7,21.6,21.688267
56904,8,21.4,20.018318
56904,9,20.8,18.312376
56904,10,19.2,16.702599
56904,11,17.2,15.383001
56904,12,16.7,14.398979
56904,13,16.1,13.5320635
56904,14,15.1,12.936306
56904,15,14.1,12.48289
56904,16,13.6,12.193991
56904,17,13.1,11.922704
56904,18,12.6,11.789629
56904,19,11.9,11.919114
56904,20,11.9,12.306412
56904,21,13.4,13.156335
56904,22,15.6,14.486068
56904,23,18.4,16.11517
56904,24,20.8,17.916798
56908,1,16.1,12.996724
56908,2,15.1,12.240951
56908,3,14.1,11.489608
56908,4,13.6,10.706909
56908,5,13.1,9.985751
56908,6,12.6,9.632698
56908,7,11.9,9.579276
56908,8,11.9,10.065641
56908,9,13.4,11.286771
56908,10,15.6,13.125187
56908,11,18.4,15.255917
56908,12,20.8,17.553665
56908,13,22.8,19.65444
56908,14,24.0,21.364004
56908,15,25.0,22.565006
56908,16,25.6,23.127962
56908,17,24.8,23.017302
56908,18,23.0,22.24844
56908,19,22.0,20.961096
56908,20,21.3,19.543331
56908,21,20.3,18.073317
56908,22,19.6,16.673752
56908,23,20.0,15.652759
56908,24,19.1,14.80997
57090,1,23.6,21.346466
57090,2,23.4,20.878473
57090,3,23.1,20.378828
57090,4,22.9,19.751242
57090,5,22.6,19.108719
57090,6,22.1,18.457493
57090,7,22.0,17.791988
57090,8,22.3,17.23943
57090,9,22.3,16.854414
57090,10,22.2,16.644117
57090,11,22.1,16.585968
57090,12,22.1,16.724554
57090,13,22.1,17.042873
57090,14,22.2,17.533424
57090,15,23.2,18.26397
57090,16,24.4,19.17978
57090,17,26.5,20.095837
57090,18,28.3,20.910894
57090,19,29.7,21.539673
57090,20,30.9,21.966482
57090,21,31.4,22.216167
57090,22,30.5,22.248543
57090,23,30.7,22.20428
57090,24,31.1,21.969936
57447,1,18.0,19.915848
57447,2,19.7,21.456182
57447,3,21.5,23.01994
57447,4,23.0,24.397873
57447,5,24.2,25.432938
57447,6,25.1,26.135712
57447,7,25.7,26.39928
57447,8,25.5,26.294281
57447,9,25.4,25.819344
57447,10,25.2,24.79592
57447,11,25.0,23.611898
57447,12,23.7,22.323997
57447,13,21.7,20.942934
57447,14,20.8,19.80216
57447,15,20.3,18.913235
57447,16,19.3,18.224066
57447,17,19.0,17.666866
57447,18,18.7,17.162733
57447,19,18.2,16.730255
57447,20,17.9,16.414087
57447,21,17.4,16.315037
57447,22,17.0,16.644156
57447,23,16.5,17.260397
57447,24,17.5,18.24624
57509,1,20.2,18.146275
57509,2,19.8,17.502213
57509,3,19.4,17.033339
57509,4,18.8,16.808336
57509,5,18.4,16.862381
57509,6,19.4,17.699581
57509,7,21.4,19.24091
57509,8,23.4,21.338642
57509,9,26.8,23.913668
57509,10,29.4,26.485777
57509,11,31.1,28.723934
57509,12,32.5,30.491371
57509,13,33.3,31.488102
57509,14,33.2,31.88327
57509,15,32.4,31.649223
57509,16,31.4,30.811378
57509,17,30.1,29.649769
57509,18,28.8,28.124453
57509,19,27.4,26.387194
57509,20,26.6,24.783579
57509,21,26.2,23.222113
57509,22,25.5,21.855673
57509,23,24.7,20.761597
57509,24,23.9,19.864014
57587,1,20.6,18.8346
57587,2,20.3,17.902666
57587,3,20.0,17.232534
57587,4,19.8,16.67575
57587,5,19.7,16.215166
57587,6,19.1,15.823598
57587,7,18.7,15.476757
57587,8,18.6,15.242071
57587,9,18.6,15.295992
57587,10,18.8,15.7771
57587,11,18.8,16.507215
57587,12,19.2,17.699633
57587,13,19.7,19.163877
57587,14,19.7,20.722048
57587,15,20.4,22.236095
57587,16,22.4,23.47505
57587,17,22.7,24.342491
57587,18,22.3,24.809708
57587,19,22.4,24.787107
57587,20,22.3,24.42714
57587,21,22.3,23.71791
57587,22,21.8,22.537525
57587,23,21.0,21.37619
57587,24,20.5,20.148151
57655,1,17.8,19.598913
57655,2,19.1,21.086815
57655,3,21.6,22.82937
57655,4,23.8,24.578838
57655,5,25.5,26.073612
57655,6,26.5,27.329647
57655,7,27.1,28.099007
57655,8,26.9,28.43491
57655,9,26.4,28.316738
57655,10,26.4,27.590633
57655,11,25.9,26.595587
57655,12,25.1,25.483889
57655,13,24.3,24.186983
57655,14,22.9,23.171272
57655,15,22.0,22.250324
57655,16,21.2,21.388054
57655,17,20.8,20.594257
57655,18,20.4,19.8174
57655,19,20.1,19.114841
57655,20,19.7,18.496054
57655,21,19.1,18.030897
57655,22,18.7,17.83874
57655,23,18.2,17.93367
57655,24,18.0,18.44285
58257,1,3.6,6.18927
58257,2,3.2,6.5300975
58257,3,4.2,6.6186633
58257,4,4.4,6.38521
58257,5,3.9,6.0512943
58257,6,3.5,5.5056567
58257,7,3.6,4.558489
58257,8,3.9,3.65599
58257,9,3.7,2.813667
58257,10,3.4,2.143666
58257,11,2.9,1.6547704
58257,12,2.5,1.3326526
58257,13,2.6,0.9899557
58257,14,2.5,0.8267374
58257,15,2.6,0.55309415
58257,16,2.5,0.37460005
58257,17,2.6,0.32074153
58257,18,2.5,0.45527053
58257,19,2.2,1.0767069
58257,20,3.4,1.9112262
58257,21,4.2,2.9087682
58257,22,5.2,3.954133
58257,23,6.3,4.941932
58257,24,7.4,5.759422
58280,1,7.6,5.8915024
58280,2,9.1,6.8790474
58280,3,9.5,7.6885734
58280,4,9.6,8.174248
58280,5,10.1,8.395561
58280,6,9.7,8.289326
58280,7,9.3,7.7126493
58280,8,7.9,7.0060143
58280,9,7.6,6.215952
58280,10,7.0,5.3868566
58280,11,6.9,4.6700897
58280,12,6.6,4.0585423
58280,13,6.2,3.4193692
58280,14,5.6,2.9699602
58280,15,4.4,2.49418
58280,16,4.5,2.1032734
58280,17,4.2,1.7782676
58280,18,3.8,1.5207438
58280,19,3.4,1.5554138
58280,20,2.8,1.7747686
58280,21,1.8,2.224988
58280,22,1.3,2.9535887
58280,23,2.5,3.843423
58280,24,3.7,4.8341947
58338,1,10.6,7.862075
58338,2,10.0,7.547447
58338,3,9.4,7.1658225
58338,4,8.8,6.6104174
58338,5,8.6,6.047002
58338,6,8.4,5.439971
58338,7,7.9,4.8087153
58338,8,7.1,4.2582474
58338,9,7.1,3.8723736
58338,10,7.8,3.6955235
58338,11,7.9,3.6697798
58338,12,7.8,3.8027031
58338,13,7.6,4.054986
58338,14,7.4,4.363855
58338,15,7.5,4.84412
58338,16,7.2,5.4536133
58338,17,7.5,6.0992327
58338,18,8.0,6.708024
58338,19,8.5,7.2207227
58338,20,9.1,7.6437583
58338,21,9.4,8.017614
58338,22,10.1,8.297952
58338,23,11.0,8.511442
58338,24,11.0,8.548029
58607,1,1.0,0.6705375
58607,2,1.3,1.1246579
58607,3,2.8,1.735566
58607,4,3.4,2.4795108
58607,5,4.9,3.25561
58607,6,5.2,3.9713514
58607,7,7.4,4.488102
58607,8,8.0,4.7621155
58607,9,8.4,4.7523327
58607,10,6.0,4.449293
58607,11,3.9,3.9885054
58607,12,1.9,3.4197311
58607,13,2.0,2.7217546
58607,14,0.6,2.1510293
58607,15,-0.5,1.5927091
58607,16,-1.6,1.1027033
58607,17,-2.7,0.7724161
58607,18,-3.2,0.47054303
58607,19,-2.8,0.3281542
58607,20,-3.4,0.24578977
58607,21,-4.0,0.16584253
58607,22,-4.5,0.17594397
58607,23,-5.1,0.22547925
58607,24,-5.5,0.34990412
58770,1,8.4,0.8443619
58770,2,6.9,0.3969382
58770,3,5.9,-0.08289492
58770,4,6.2,-0.6409817
58770,5,6.9,-1.216337
58770,6,7.5,-1.8864028
58770,7,6.8,-2.3763518
58770,8,6.6,-2.8755884
58770,9,6.3,-3.3198264
58770,10,6.6,-3.4690118
58770,11,6.4,-3.4674382
58770,12,6.0,-3.3597934
58770,13,4.8,-2.9864306
58770,14,4.4,-2.6595306
58770,15,4.7,-2.0801973
58770,16,4.6,-1.3055615
58770,17,5.1,-0.43260527
58770,18,4.2,0.336604
58770,19,3.5,0.845691
58770,20,3.2,1.2391024
58770,21,2.9,1.4956259
58770,22,2.6,1.7214371
58770,23,2.3,1.8469105
58770,24,1.5,1.6612597
59956,1,28.6,18.506176
59956,2,28.3,17.76008
59956,3,27.8,17.206903
59956,4,26.6,16.768139
59956,5,26.0,16.428219
59956,6,25.0,16.267548
59956,7,24.4,16.361181
59956,8,24.2,16.694378
59956,9,24.9,17.430634
59956,10,26.4,18.599741
59956,11,26.8,19.92554
59956,12,27.8,21.458742
59956,13,29.3,22.95954
59956,14,31.9,24.184597
59956,15,33.7,25.168999
59956,16,33.4,25.704493
59956,17,33.7,25.821526
59956,18,30.6,25.505001
59956,19,30.8,24.713709
59956,20,26.9,23.788553
59956,21,26.8,22.726032
59956,22,28.5,21.558056
59956,23,27.5,20.58255
59956,24,26.8,19.644188
60622,1,12.8,11.67559
60622,2,11.6,10.659222
60622,3,10.6,9.654079
60622,4,9.4,8.6213665
60622,5,8.2,7.624695
60622,6,7.9,6.926194
60622,7,7.5,6.3575172
60622,8,4.7,6.2505536
60622,9,4.0,6.8266535
60622,10,4.7,8.036467
60622,11,7.2,9.724337
60622,12,10.3,11.889278
60622,13,13.8,14.298384
60622,14,16.4,16.724531
60622,15,18.1,18.84925
60622,16,19.0,20.455711
60622,17,19.8,21.304874
60622,18,19.4,21.396357
60622,19,17.2,20.804361
60622,20,15.7,19.796007
60622,21,14.8,18.444714
60622,22,14.4,16.776043
60622,23,13.8,15.358463
60622,24,13.1,14.080971
60643,1,25.9,20.163208
60643,2,26.6,21.183592
60643,3,26.0,21.64505
60643,4,22.5,21.253817
60643,5,21.9,20.396164
60643,6,21.4,19.098621
60643,7,20.7,17.48729
60643,8,19.8,15.932276
60643,9,19.2,14.443014
60643,10,18.7,13.070183
60643,11,18.2,11.870018
60643,12,17.8,10.852567
60643,13,16.8,9.951779
60643,14,15.5,9.175487
60643,15,14.4,8.557071
60643,16,13.5,8.1803055
60643,17,11.0,8.103452
60643,18,10.4,8.512228
60643,19,10.8,9.421065
60643,20,13.4,10.793899
60643,21,16.2,12.614008
60643,22,19.3,14.716536
60643,23,22.2,16.749743
60643,24,24.2,18.563759
60692,1,21.0,20.065548
60692,2,19.5,18.8658
60692,3,19.0,17.328506
60692,4,18.0,15.459064
60692,5,17.1,13.755799
60692,6,15.9,12.279236
60692,7,14.8,11.233781
60692,8,14.7,10.514324
60692,9,14.5,9.947084
60692,10,14.6,9.392813
60692,11,13.2,8.75955
60692,12,12.2,8.132106
60692,13,11.6,7.717583
60692,14,12.2,7.512375
60692,15,11.2,7.785522
60692,16,10.7,8.637278
60692,17,12.2,10.073454
60692,18,14.2,12.031376
60692,19,15.9,14.265583
60692,20,17.3,16.534119
60692,21,18.3,18.599491
60692,22,18.9,20.127583
60692,23,19.3,20.970417
60692,24,19.1,21.066982
60801,1,6.3,8.017892
60801,2,8.9,9.231936
60801,3,12.2,11.191119
60801,4,15.6,13.620244
60801,5,18.2,16.09282
60801,6,20.0,18.419353
60801,7,20.3,20.31483
60801,8,20.4,21.467648
60801,9,19.3,21.931753
60801,10,17.8,21.630636
60801,11,17.4,20.731539
60801,12,15.9,19.427599
60801,13,16.2,17.643488
60801,14,15.9,15.919662
60801,15,15.9,14.451603
60801,16,14.7,13.229942
60801,17,14.5,12.313669
60801,18,14.4,11.491072
60801,19,14.2,10.667329
60801,20,13.3,9.840331
60801,21,12.2,9.149925
60801,22,11.8,8.732841
60801,23,13.4,8.491095
60801,24,13.1,8.559629
60990,1,9.6,10.685349
60990,2,8.8,9.702406
60990,3,7.9,8.620341
60990,4,7.0,7.4386206
60990,5,6.5,6.289013
60990,6,5.8,5.526291
60990,7,5.2,4.9885864
60990,8,4.9,5.0965147
60990,9,4.5,6.0941477
60990,10,4.9,7.8992467
60990,11,6.7,10.211948
60990,12,9.2,12.875599
60990,13,12.1,15.55415
60990,14,14.5,17.966618
60990,15,16.1,19.8553
60990,16,17.4,21.068886
60990,17,18.2,21.433014
60990,18,18.4,20.999609
60990,19,18.0,19.938803
60990,20,15.8,18.614836
60990,21,14.8,17.133606
60990,22,14.1,15.582402
60990,23,13.5,14.405744
60990,24,12.5,13.3839445
61044,1,25.0,24.157516
61044,2,22.2,22.745316
61044,3,21.0,21.01615
61044,4,20.2,18.94313
61044,5,18.5,17.06801
61044,6,17.6,15.459215
61044,7,16.7,14.263129
61044,8,15.9,13.40192
61044,9,15.0,12.694377
61044,10,14.4,11.930639
61044,11,13.6,11.070694
61044,12,12.6,10.285256
61044,13,11.3,9.771123
61044,14,10.6,9.64589
61044,15,9.8,10.128053
61044,16,10.4,11.337459
61044,17,12.2,13.186841
61044,18,15.2,15.558777
61044,19,18.3,18.214222
61044,20,20.8,20.76824
61044,21,22.4,22.984575
61044,22,23.2,24.497334
61044,23,23.8,25.22654
61044,24,24.3,25.171017
61094,1,11.0,12.664793
61094,2,10.5,11.820195
61094,3,10.6,11.0837755
61094,4,10.0,10.366703
61094,5,9.1,9.710807
61094,6,8.6,9.222475
61094,7,8.3,8.846788
61094,8,8.3,8.7815485
61094,9,8.0,9.251015
61094,10,8.3,10.316492
61094,11,10.5,11.735138
61094,12,13.7,13.529005
61094,13,16.5,15.433208
61094,14,18.2,17.203043
61094,15,19.5,18.722752
61094,16,20.0,19.792812
61094,17,20.0,20.303398
61094,18,19.8,20.251303
61094,19,19.3,19.65384
61094,20,16.6,18.790955
61094,21,15.5,17.72556
61094,22,15.2,16.462666
61094,23,14.7,15.410729
61094,24,14.2,14.410564
61109,1,17.9,16.630268
61109,2,17.1,15.432732
61109,3,16.0,14.34584
61109,4,15.1,13.305464
61109,5,13.9,12.412184
61109,6,13.0,11.638509
61109,7,12.2,11.041584
61109,8,11.7,10.520192
61109,9,11.1,10.138544
61109,10,10.0,9.886896
61109,11,9.5,9.774229
61109,12,9.1,10.000091
61109,13,9.3,10.68285
61109,14,11.6,11.717433
61109,15,13.6,13.208215
61109,16,15.5,14.980663
61109,17,17.1,16.769989
61109,18,18.6,18.385517
61109,19,19.8,19.561737
61109,20,20.6,20.265728
61109,21,20.7,20.454752
61109,22,20.4,20.011417
61109,23,19.5,19.272018
61109,24,18.0,18.240084
61216,1,13.3,10.063064
61216,2,13.1,10.037796
61216,3,11.6,10.919983
61216,4,13.1,12.706109
61216,5,15.9,15.1523905
61216,6,19.2,18.167404
61216,7,22.3,21.15031
61216,8,24.0,23.832705
61216,9,25.1,26.145294
61216,10,25.8,27.736864
61216,11,26.2,28.432663
61216,12,26.2,28.315481
61216,13,25.5,26.949196
61216,14,24.2,25.147987
61216,15,22.1,23.027924
61216,16,21.4,20.777525
61216,17,19.8,18.853743
61216,18,19.7,17.13198
61216,19,19.1,15.876287
61216,20,17.6,14.820441
61216,21,16.3,13.92674
61216,22,15.3,13.208657
61216,23,14.4,12.50327
61216,24,14.0,11.934391
61332,1,10.6,17.99259
61332,2,10.9,16.787779
61332,3,10.8,15.558111
61332,4,10.4,14.273838
61332,5,9.8,13.16117
61332,6,8.9,12.195745
61332,7,8.4,11.508067
61332,8,7.7,10.942116
61332,9,7.4,10.477216
61332,10,7.0,10.056389
61332,11,6.8,9.657408
61332,12,6.9,9.413949
61332,13,6.6,9.518728
61332,14,7.5,9.908695
61332,15,6.6,10.862033
61332,16,8.6,12.313567
61332,17,10.4,14.059034
61332,18,12.0,15.902008
61332,19,13.5,17.546127
61332,20,14.6,18.872805
61332,21,16.0,19.794811
61332,22,16.9,20.156351
61332,23,17.3,20.063606
61332,24,17.5,19.482996
62357,1,33.0,33.63809
62357,2,32.3,32.41448
62357,3,31.8,31.438862
62357,4,31.4,30.604122
62357,5,31.0,29.860306
62357,6,30.6,29.136227
62357,7,30.3,28.559896
62357,8,29.2,28.062925
62357,9,28.7,27.842758
62357,10,28.8,28.09347
62357,11,30.1,28.61183
62357,12,31.0,29.663029
62357,13,32.0,31.20002
62357,14,33.4,32.80774
62357,15,35.2,34.578014
62357,16,36.2,36.18689
62357,17,37.6,37.487484
62357,18,38.5,38.47369
62357,19,39.4,38.924435
62357,20,40.3,39.015015
62357,21,39.6,38.671856
62357,22,39.3,37.765118
62357,23,37.9,36.74247
62357,24,34.6,35.456833
62872,1,25.8,20.326101
62872,2,25.8,20.652304
62872,3,26.0,21.686934
62872,4,27.5,23.351639
62872,5,30.0,25.334335
62872,6,32.5,27.495697
62872,7,34.5,29.508871
62872,8,36.1,31.118584
62872,9,37.2,32.298485
62872,10,37.9,32.911003
62872,11,38.2,32.92302
62872,12,38.1,32.498775
62872,13,37.6,31.415035
62872,14,36.6,30.134047
62872,15,35.6,28.756695
62872,16,34.8,27.285585
62872,17,33.8,26.02411
62872,18,33.2,24.90669
62872,19,32.7,24.007936
62872,20,32.0,23.248413
62872,21,31.3,22.577364
62872,22,29.8,22.00879
62872,23,28.5,21.499245
62872,24,27.9,21.119434
62925,1,29.4,25.700565
62925,2,28.4,24.263575
62925,3,27.5,23.07146
62925,4,26.6,21.981947
62925,5,26.0,20.964762
62925,6,25.1,20.165493
62925,7,24.2,19.393929
62925,8,23.6,18.851501
62925,9,22.7,18.704565
62925,10,22.0,18.963797
62925,11,21.3,19.649881
62925,12,21.4,21.15955
62925,13,23.0,23.387882
62925,14,25.7,26.20628
62925,15,28.5,29.064903
62925,16,30.9,31.62635
62925,17,32.8,33.549534
62925,18,34.1,34.79756
62925,19,34.5,35.288258
62925,20,34.5,35.05088
62925,21,34.3,34.025562
62925,22,34.7,32.010315
62925,23,33.8,29.925453
62925,24,32.8,27.844328
63294,1,21.3,16.389542
63294,2,19.5,15.503917
63294,3,18.2,14.553572
63294,4,17.4,13.457824
63294,5,17.2,12.350089
63294,6,16.3,11.614643
63294,7,15.9,10.9916115
63294,8,15.0,11.065772
63294,9,14.2,12.143687
63294,10,15.5,14.11377
63294,11,17.9,16.6431
63294,12,20.7,19.59546
63294,13,23.3,22.446426
63294,14,25.3,25.028933
63294,15,27.1,26.97689
63294,16,26.5,28.162933
63294,17,22.9,28.363602
63294,18,23.1,27.629086
63294,19,22.9,26.260807
63294,20,22.6,24.583158
63294,21,22.9,22.776218
63294,22,20.4,20.97582
63294,23,20.1,19.689445
63294,24,19.6,18.678823
63299,1,26.5,25.073269
63299,2,22.9,26.377333
63299,3,23.1,27.135935
63299,4,22.9,26.989574
63299,5,22.6,26.29405
63299,6,22.9,25.08556
63299,7,20.4,23.366867
63299,8,20.1,21.683935
63299,9,19.6,20.085007
63299,10,20.3,18.599253
63299,11,20.4,17.335276
63299,12,20.0,16.316517
63299,13,19.6,15.359622
63299,14,18.7,14.611931
63299,15,17.5,13.977408
63299,16,17.1,13.568253
63299,17,17.3,13.36723
63299,18,16.8,13.557621
63299,19,17.1,14.272091
63299,20,17.9,15.406203
63299,21,19.1,17.017912
63299,22,20.3,18.992455
63299,23,21.4,21.027042
63299,24,21.8,22.975285
63674,1,15.9,11.536961
63674,2,17.2,12.028569
63674,3,17.6,12.432796
63674,4,17.5,12.694113
63674,5,18.7,12.883243
63674,6,18.8,12.957245
63674,7,17.9,12.882923
63674,8,16.7,12.733519
63674,9,16.2,12.474152
63674,10,15.8,12.018707
63674,11,15.7,11.516043
63674,12,15.1,10.947335
63674,13,14.8,10.29634
63674,14,14.5,9.686221
63674,15,14.5,9.176387
63674,16,13.4,8.743704
63674,17,13.3,8.4668045
63674,18,12.9,8.332993
63674,19,13.8,8.378641
63674,20,13.1,8.590174
63674,21,12.3,8.9465685
63674,22,12.3,9.485712
63674,23,13.6,10.067986
63674,24,15.2,10.687328
64190,1,15.8,15.817842
64190,2,14.4,14.933716
64190,3,14.2,14.154039
64190,4,13.6,13.354285
64190,5,12.5,12.589187
64190,6,11.4,12.040659
64190,7,11.5,11.530502
64190,8,11.0,11.4089985
64190,9,11.9,11.926015
64190,10,13.9,13.07655
64190,11,16.2,14.648497
64190,12,18.8,16.695074
64190,13,21.0,18.856607
64190,14,22.8,20.99555
64190,15,24.2,22.817352
64190,16,25.3,24.135101
64190,17,25.5,24.753695
64190,18,25.6,24.66757
64190,19,25.1,23.992706
64190,20,24.0,22.945
64190,21,22.4,21.625237
64190,22,21.5,20.049133
64190,23,20.3,18.749855
64190,24,19.4,17.596907
64242,1,26.9,20.450117
64242,2,29.6,23.76677
64242,3,31.3,26.833698
64242,4,32.4,29.115469
64242,5,33.0,30.381763
64242,6,33.0,30.715614
64242,7,32.2,30.234003
64242,8,31.2,29.119207
64242,9,28.7,27.526459
64242,10,27.5,25.346144
64242,11,26.3,23.187632
64242,12,25.1,21.119816
64242,13,24.9,19.197226
64242,14,23.7,17.623184
64242,15,22.6,16.464743
64242,16,21.3,15.572464
64242,17,19.7,14.697376
64242,18,18.6,13.806101
64242,19,17.3,12.8333435
64242,20,16.3,12.133973
64242,21,15.6,12.017391
64242,22,17.0,12.920998
64242,23,19.6,14.516282
64242,24,22.8,16.86882
64317,1,32.8,22.583559
64317,2,31.6,21.112665
64317,3,30.2,19.766449
64317,4,29.1,18.444416
64317,5,27.6,17.234278
64317,6,26.2,16.237759
64317,7,25.1,15.319441
64317,8,24.3,14.551873
64317,9,22.9,13.992072
64317,10,22.3,13.522181
64317,11,21.1,13.322174
64317,12,20.6,13.754976
64317,13,22.4,14.935167
64317,14,25.1,16.901031
64317,15,28.1,19.353226
64317,16,30.7,22.062859
64317,17,33.5,24.571505
64317,18,35.1,26.676296
64317,19,35.9,28.175049
64317,20,36.4,28.888254
64317,21,36.3,28.759762
64317,22,35.9,27.60811
64317,23,35.0,26.130875
64317,24,32.9,24.470673
64865,1,24.1,22.389269
64865,2,26.1,24.298578
64865,3,27.9,26.472452
64865,4,28.8,28.623785
64865,5,30.3,30.40266
64865,6,31.3,31.842178
64865,7,32.2,32.78572
64865,8,32.7,33.23415
64865,9,32.8,33.227333
64865,10,32.4,32.62242
64865,11,31.9,31.752033
64865,12,31.0,30.766865
64865,13,29.9,29.556902
64865,14,29.2,28.464493
64865,15,28.5,27.362476
64865,16,27.4,26.130127
64865,17,26.6,24.84199
64865,18,25.8,23.505583
64865,19,25.2,22.17942
64865,20,24.7,21.058474
64865,21,24.1,20.229984
64865,22,22.6,19.911867
64865,23,22.4,20.064178
64865,24,24.0,20.795877
64942,1,31.3,28.750116
64942,2,30.3,27.676996
64942,3,29.6,26.793606
64942,4,28.4,26.06824
64942,5,27.4,25.456053
64942,6,26.3,25.132793
64942,7,25.4,25.28018
64942,8,25.4,25.827902
64942,9,27.0,27.009155
64942,10,29.1,28.854774
64942,11,31.3,30.91874
64942,12,33.2,33.21067
64942,13,34.2,35.455692
64942,14,36.1,37.15157
64942,15,37.4,38.461487
64942,16,38.5,39.092846
64942,17,39.1,39.097572
64942,18,39.1,38.525475
64942,19,38.6,37.324062
64942,20,37.9,36.019226
64942,21,36.9,34.586613
64942,22,35.5,33.120674
64942,23,34.4,31.930267
64942,24,33.5,30.749126
65158,1,9.3,7.3942175
65158,2,10.3,7.7791467
65158,3,10.0,7.8566403
65158,4,9.1,7.5335455
65158,5,8.8,7.068239
65158,6,8.0,6.387266
65158,7,7.4,5.3657827
65158,8,7.0,4.432357
65158,9,6.9,3.6024115
65158,10,6.8,2.976263
65158,11,7.0,2.544468
65158,12,6.5,2.2837665
65158,13,4.8,2.0081234
65158,14,3.6,1.8456256
65158,15,1.9,1.5564699
65158,16,0.5,1.3030735
65158,17,-0.8,1.1602479
65158,18,-2.5,1.2299467
65158,19,-3.6,1.7707689
65158,20,-4.6,2.5837555
65158,21,-4.3,3.6165829
65158,22,-2.3,4.742932
65158,23,0.3,5.83054
65158,24,1.1,6.752677
65195,1,4.7,1.1917101
65195,2,4.7,1.7375263
65195,3,3.6,2.3534012
65195,4,2.3,3.0198803
65195,5,1.2,3.6747646
65195,6,0.6,4.2539473
65195,7,0.8,4.58049
65195,8,-0.1,4.7300982
65195,9,0.6,4.666485
65195,10,1.1,4.3476796
65195,11,2.0,3.9395266
65195,12,2.6,3.475171
65195,13,3.2,2.8838775
65195,14,3.5,2.4480038
65195,15,2.2,1.9486684
65195,16,0.5,1.4572127
65195,17,-0.2,1.0516636
65195,18,-0.2,0.6404265
65195,19,-0.7,0.42914283
65195,20,-0.4,0.3004279
65195,21,-0.7,0.20343566
65195,22,-1.4,0.22767258
65195,23,-2.4,0.34393406
65195,24,-4.0,0.5966078
65546,1,-12.9,-15.275927
65546,2,-14.0,-16.101105
65546,3,-14.9,-16.842918
65546,4,-16.2,-17.339033
65546,5,-17.7,-17.747763
65546,6,-18.5,-18.06422
65546,7,-20.0,-17.552128
65546,8,-20.6,-16.934734
65546,9,-20.7,-16.228422
65546,10,-17.3,-15.159956
65546,11,-13.1,-14.116247
65546,12,-11.9,-13.18485
65546,13,-11.7,-12.06265
65546,14,-10.8,-11.240465
65546,15,-11.0,-10.506021
65546,16,-12.0,-9.765782
65546,17,-12.8,-9.077863
65546,18,-13.7,-8.84828
65546,19,-14.5,-9.30235
65546,20,-16.2,-9.874192
65546,21,-17.3,-10.78916
65546,22,-18.1,-11.72175
65546,23,-17.4,-12.649857
65546,24,-18.0,-13.805658
65641,1,-19.6,-16.077448
65641,2,-19.3,-17.201363
65641,3,-19.6,-18.303709
65641,4,-19.8,-19.250116
65641,5,-20.0,-20.173874
65641,6,-20.1,-21.10004
65641,7,-20.3,-21.376932
65641,8,-20.4,-21.442545
65641,9,-20.5,-21.190144
65641,10,-20.5,-20.119545
65641,11,-20.4,-18.751339
65641,12,-20.3,-17.23974
65641,13,-18.3,-15.331441
65641,14,-14.8,-13.629147
65641,15,-12.6,-12.052094
65641,16,-11.2,-10.433824
65641,17,-10.5,-9.085187
65641,18,-10.8,-8.418386
65641,19,-11.5,-8.58156
65641,20,-12.7,-9.058524
65641,21,-15.8,-9.975396
65641,22,-17.5,-11.019467
65641,23,-18.2,-12.027542
65641,24,-18.5,-13.394483
65826,1,-22.9,-24.550613
65826,2,-23.0,-25.196949
65826,3,-22.9,-25.823326
65826,4,-22.8,-25.962397
65826,5,-22.9,-25.979092
65826,6,-23.1,-25.767399
65826,7,-23.2,-24.777092
65826,8,-23.1,-23.632223
65826,9,-22.9,-22.455664
65826,10,-20.9,-21.04463
65826,11,-16.2,-19.606684
65826,12,-13.1,-18.472794
65826,13,-11.1,-17.149511
65826,14,-9.9,-16.018412
65826,15,-9.8,-15.168654
65826,16,-10.9,-14.334592
65826,17,-12.5,-13.774056
65826,18,-15.7,-14.00312
65826,19,-17.9,-14.959671
65826,20,-19.0,-16.160627
65826,21,-19.7,-17.857273
65826,22,-20.1,-19.410912
65826,23,-20.0,-20.775002
65826,24,-20.3,-22.16821
65931,1,-17.3,-14.649904
65931,2,-17.3,-15.236648
65931,3,-17.2,-15.795126
65931,4,-17.2,-15.99339
65931,5,-17.3,-15.911326
65931,6,-17.5,-15.265803
65931,7,-14.4,-13.65836
65931,8,-9.3,-11.703964
65931,9,-7.2,-9.645544
65931,10,-5.9,-7.593921
65931,11,-5.3,-5.9081445
65931,12,-5.2,-4.8908587
65931,13,-5.5,-4.3432837
65931,14,-6.3,-4.343096
65931,15,-9.0,-4.842205
65931,16,-12.0,-5.5437717
65931,17,-13.2,-6.2316484
65931,18,-14.3,-7.204018
65931,19,-15.1,-8.389426
65931,20,-15.7,-9.365945
65931,21,-16.3,-10.444582
65931,22,-16.2,-11.259471
65931,23,-15.8,-12.014602
65931,24,-15.7,-12.864527
66137,1,-16.3,-13.50905
66137,2,-15.9,-14.663692
66137,3,-16.5,-15.868792
66137,4,-17.0,-16.953094
66137,5,-18.2,-17.973541
66137,6,-20.5,-19.072338
66137,7,-22.1,-19.45662
66137,8,-23.1,-19.722906
66137,9,-23.9,-19.781315
66137,10,-24.6,-19.166315
66137,11,-25.3,-18.373459
66137,12,-25.4,-17.588526
66137,13,-20.4,-16.449448
66137,14,-16.5,-15.598362
66137,15,-15.4,-14.549945
66137,16,-14.5,-13.125217
66137,17,-14.0,-11.613133
66137,18,-13.8,-10.503151
66137,19,-14.0,-10.0603
66137,20,-14.3,-9.849905
66137,21,-14.9,-9.990575
66137,22,-16.4,-10.147972
66137,23,-20.1,-10.431989
66137,24,-22.1,-11.26731
66218,1,-9.1,-4.158838
66218,2,-9.5,-5.1853313
66218,3,-9.9,-6.127023
66218,4,-10.5,-6.882598
66218,5,-11.1,-7.5452967
66218,6,-11.6,-8.036367
66218,7,-11.5,-7.5143623
66218,8,-11.1,-6.75016
66218,9,-9.2,-5.5960684
66218,10,-4.9,-3.6658359
66218,11,-3.3,-1.5860531
66218,12,-2.9,0.40934622
66218,13,-3.0,2.5040615
66218,14,-2.3,3.611075
66218,15,-1.4,4.4673085
66218,16,-0.8,4.7667346
66218,17,-0.9,4.722727
66218,18,-1.1,4.1754985
66218,19,-2.0,2.8217795
66218,20,-2.9,1.5758682
66218,21,-3.6,0.28542626
66218,22,-4.1,-0.6337564
66218,23,-4.1,-1.3606868
66218,24,-5.3,-2.3339345
66503,1,5.7,4.6399603
66503,2,5.2,3.8998642
66503,3,4.1,2.8070464
66503,4,2.2,1.4251589
66503,5,-1.2,0.14060342
66503,6,-2.2,-1.0545502
66503,7,-2.9,-1.971899
66503,8,-2.1,-2.6315703
66503,9,-1.4,-3.1931355
66503,10,-1.0,-3.5636091
66503,11,-1.1,-3.9104133
66503,12,-1.7,-4.273676
66503,13,-1.9,-4.495916
66503,14,-1.9,-4.6153235
66503,15,-2.6,-4.597866
66503,16,-2.4,-4.1959057
66503,17,-1.9,-3.3610647
66503,18,-1.4,-2.1528902
66503,19,-0.9,-0.5619935
66503,20,-1.0,1.1990132
66503,21,-1.0,2.867947
66503,22,-0.6,4.2728786
66503,23,0.1,5.182615
66503,24,1.0,5.444848
66564,1,2.3,-1.0464925
66564,2,3.6,0.8440275
66564,3,6.4,3.0895474
66564,4,8.1,5.444627
66564,5,10.0,7.4648275
66564,6,11.1,9.015004
66564,7,11.3,9.770359
66564,8,10.6,9.824619
66564,9,8.8,9.218109
66564,10,7.2,8.043086
66564,11,5.1,6.649954
66564,12,1.9,5.173296
66564,13,1.7,3.5980768
66564,14,1.4,2.525796
66564,15,1.3,1.5641851
66564,16,1.2,0.9135952
66564,17,-0.6,0.38292813
66564,18,-3.0,-0.28066468
66564,19,-3.6,-0.8652612
66564,20,-3.8,-1.5112811
66564,21,-3.9,-2.0752988
66564,22,-4.8,-2.3077452
66564,23,-5.7,-2.1950219
66564,24,-6.3,-1.6648614
66800,1,9.2,6.4119086
66800,2,7.2,5.302218
66800,3,4.5,4.3491287
66800,4,4.1,3.5580847
66800,5,4.9,2.954935
66800,6,4.3,2.4174356
66800,7,3.2,1.8679931
66800,8,2.3,1.3225671
66800,9,1.1,0.8750759
66800,10,0.0,0.6180825
66800,11,-0.9,0.57782865
66800,12,-1.2,0.9580211
66800,13,-0.5,1.8157929
66800,14,3.4,3.1068301
66800,15,8.1,4.66687
66800,16,10.4,6.411647
66800,17,12.1,8.062367
66800,18,13.1,9.440777
66800,19,13.9,10.475637
66800,20,14.4,11.027966
66800,21,14.8,11.021724
66800,22,14.8,10.360827
66800,23,14.3,9.447399
66800,24,13.2,8.309746
67145,1,15.2,13.157338
67145,2,14.4,12.285336
67145,3,13.3,11.56546
67145,4,12.6,10.894918
67145,5,11.5,10.309964
67145,6,10.5,9.877432
67145,7,10.0,9.538452
67145,8,10.3,9.444403
67145,9,10.5,9.782149
67145,10,11.7,10.629253
67145,11,14.4,11.77186
67145,12,17.7,13.290753
67145,13,19.7,14.959912
67145,14,20.7,16.587296
67145,15,21.8,18.037601
67145,16,22.6,19.121458
67145,17,23.3,19.745945
67145,18,23.7,19.897577
67145,19,23.4,19.557682
67145,20,21.8,18.940458
67145,21,21.6,18.074726
67145,22,20.7,16.904839
67145,23,18.6,15.853671
67145,24,16.6,14.796389
67374,1,18.8,20.765385
67374,2,19.0,20.897457
67374,3,19.1,20.87977
67374,4,19.6,20.599236
67374,5,19.7,20.240187
67374,6,17.9,19.75008
67374,7,16.7,18.956726
67374,8,16.5,18.233044
67374,9,16.5,17.5959
67374,10,16.6,17.05584
67374,11,16.2,16.654839
67374,12,16.2,16.40377
67374,13,16.0,16.142113
67374,14,15.8,16.047253
67374,15,15.6,16.014412
67374,16,15.6,16.09555
67374,17,15.5,16.26328
67374,18,15.6,16.557308
67374,19,15.7,17.10491
67374,20,16.2,17.728323
67374,21,17.4,18.43555
67374,22,18.1,19.120024
67374,23,19.5,19.77166
67374,24,20.4,20.289495
67564,1,12.4,12.995282
67564,2,13.3,14.154484
67564,3,16.5,15.639046
67564,4,19.1,17.200214
67564,5,20.7,18.634146
67564,6,22.0,19.937214
67564,7,22.8,20.773428
67564,8,23.0,21.236265
67564,9,22.8,21.304216
67564,10,22.3,20.832108
67564,11,21.8,20.087095
67564,12,21.0,19.246283
67564,13,19.8,18.147886
67564,14,18.1,17.341272
67564,15,16.3,16.537468
67564,16,15.8,15.740347
67564,17,15.1,15.000368
67564,18,14.6,14.25835
67564,19,13.9,13.617707
67564,20,13.8,13.011225
67564,21,13.8,12.498155
67564,22,15.0,12.1125765
67564,23,15.1,11.95084
67564,24,15.4,12.163275
67620,1,16.8,14.677903
67620,2,17.0,15.509808
67620,3,17.5,16.548603
67620,4,18.2,17.634766
67620,5,19.9,18.652264
67620,6,20.8,19.626236
67620,7,20.9,20.2465
67620,8,20.3,20.661985
67620,9,20.6,20.817404
67620,10,20.3,20.552458
67620,11,19.8,20.09105
67620,12,19.2,19.560917
67620,13,18.7,18.790037
67620,14,18.4,18.253218
67620,15,18.3,17.627102
67620,16,18.4,16.918425
67620,17,18.6,16.225443
67620,18,18.6,15.534014
67620,19,18.4,14.9908
67620,20,18.4,14.519897
67620,21,18.5,14.119277
67620,22,18.3,13.786801
67620,23,18.1,13.634081
67620,24,18.1,13.779193
67918,1,13.3,11.429785
67918,2,12.4,11.798676
67918,3,12.0,11.872453
67918,4,10.8,11.492122
67918,5,10.8,10.948357
67918,6,10.9,10.171809
67918,7,9.7,9.180474
67918,8,7.9,8.251701
67918,9,7.1,7.418192
67918,10,6.8,6.7661123
67918,11,6.5,6.2660255
67918,12,5.7,5.916504
67918,13,5.1,5.5905623
67918,14,4.9,5.257698
67918,15,4.7,4.935793
67918,16,4.4,4.645362
67918,17,4.4,4.5178056
67918,18,4.3,4.696829
67918,19,4.1,5.2441382
67918,20,4.4,6.1113706
67918,21,6.5,7.259377
67918,22,9.3,8.530953
67918,23,12.1,9.730303
67918,24,14.4,10.732806
67973,1,13.5,8.194025
67973,2,15.6,9.376955
67973,3,17.6,10.378571
67973,4,18.0,10.993081
67973,5,18.2,11.27078
67973,6,17.9,11.206256
67973,7,18.2,10.790902
67973,8,17.3,10.214995
67973,9,16.0,9.524694
67973,10,13.7,8.699783
67973,11,12.9,7.920312
67973,12,12.4,7.1944027
67973,13,11.4,6.4445553
67973,14,11.1,5.7864304
67973,15,10.9,5.1807103
67973,16,10.8,4.615326
67973,17,10.9,4.1339
67973,18,10.4,3.7555103
67973,19,10.9,3.5553985
67973,20,10.3,3.5991392
67973,21,9.3,3.95048
67973,22,8.6,4.6819954
67973,23,8.2,5.6243157
67973,24,8.2,6.7416186
68480,1,-5.6,-9.034001
68480,2,-6.9,-9.070168
68480,3,-7.6,-9.368393
68480,4,-6.7,-9.748306
68480,5,-7.8,-10.211617
68480,6,-8.5,-10.74425
68480,7,-9.2,-10.926146
68480,8,-10.0,-11.058765
68480,9,-10.6,-11.221948
68480,10,-10.5,-11.357983
68480,11,-11.0,-11.465094
68480,12,-11.7,-11.759549
68480,13,-12.2,-11.900481
68480,14,-12.8,-12.03657
68480,15,-14.8,-11.9665785
68480,16,-14.2,-11.49468
68480,17,-11.5,-10.817279
68480,18,-10.6,-10.317663
68480,19,-10.0,-10.036253
68480,20,-9.6,-9.795544
68480,21,-9.3,-9.693975
68480,22,-9.4,-9.362403
68480,23,-10.0,-9.033953
68480,24,-13.2,-8.873616
68764,1,-28.1,-22.213045
68764,2,-27.6,-22.291176
68764,3,-25.2,-22.218647
68764,4,-21.7,-21.469398
68764,5,-17.2,-20.308588
68764,6,-15.3,-18.855045
68764,7,-14.4,-16.85039
68764,8,-13.8,-14.929365
68764,9,-13.4,-13.427602
68764,10,-13.5,-12.345589
68764,11,-13.4,-11.77527
68764,12,-13.7,-11.90804
68764,13,-14.0,-12.505286
68764,14,-14.2,-13.408425
68764,15,-14.3,-14.810697
68764,16,-14.3,-16.29101
68764,17,-14.0,-17.479654
68764,18,-13.7,-18.668695
68764,19,-13.6,-19.545086
68764,20,-14.0,-20.048746
68764,21,-15.3,-20.665054
68764,22,-16.0,-21.040329
68764,23,-17.3,-21.47224
68764,24,-18.6,-21.951122
68766,1,-14.4,-11.9210205
68766,2,-13.8,-10.780636
68766,3,-13.4,-10.253561
68766,4,-13.5,-10.029734
68766,5,-13.4,-10.0733595
68766,6,-13.7,-10.260438
68766,7,-14.0,-10.932502
68766,8,-14.2,-11.521868
68766,9,-14.3,-12.301353
68766,10,-14.3,-13.411142
68766,11,-14.0,-14.363737
68766,12,-13.7,-15.488505
68766,13,-13.6,-16.586054
68766,14,-14.0,-17.009216
68766,15,-15.3,-17.570435
68766,16,-16.0,-17.661526
68766,17,-17.3,-17.59722
68766,18,-18.6,-17.64089
68766,19,-19.3,-17.132322
68766,20,-20.9,-16.558691
68766,21,-22.4,-16.0214
68766,22,-21.3,-15.177413
68766,23,-21.5,-14.19698
68766,24,-21.4,-13.085068
68916,1,-26.3,-18.302824
68916,2,-26.3,-18.38355
68916,3,-26.2,-18.29702
68916,4,-22.0,-17.608376
68916,5,-15.5,-16.516727
68916,6,-13.6,-15.098111
68916,7,-12.8,-13.224514
68916,8,-12.4,-11.389101
68916,9,-12.4,-9.885889
68916,10,-12.7,-8.757458
68916,11,-13.5,-8.113419
68916,12,-14.8,-8.12308
68916,13,-18.2,-8.677628
68916,14,-20.1,-9.534948
68916,15,-21.0,-10.907893
68916,16,-21.7,-12.404614
68916,17,-22.0,-13.645087
68916,18,-22.4,-14.87726
68916,19,-22.6,-15.764799
68916,20,-23.4,-16.294592
68916,21,-24.5,-16.883022
68916,22,-26.7,-17.24389
68916,23,-27.1,-17.63707
68916,24,-28.0,-18.05577
68949,1,-11.0,-6.7256293
68949,2,-7.5,-5.4820733
68949,3,-5.5,-4.6513724
68949,4,-5.4,-4.130677
68949,5,-5.4,-3.8941371
68949,6,-5.6,-3.7070332
68949,7,-5.7,-3.780239
68949,8,-6.0,-3.8046288
68949,9,-6.7,-4.028489
68949,10,-7.3,-4.671157
68949,11,-7.6,-5.3314295
68949,12,-7.6,-6.207676
68949,13,-7.5,-7.1902103
68949,14,-7.1,-7.7534394
68949,15,-6.7,-8.5028
68949,16,-6.3,-9.096316
68949,17,-5.9,-9.593553
68949,18,-5.7,-10.15765
68949,19,-5.8,-10.358596
68949,20,-5.8,-10.385822
68949,21,-6.0,-10.325361
68949,22,-6.1,-9.908213
68949,23,-6.1,-9.274599
68949,24,-6.2,-8.369153
69118,1,2.3,-3.898573
69118,2,3.8,-3.0100198
69118,3,4.1,-2.8266206
69118,4,3.0,-3.2418363
69118,5,2.6,-3.8965557
69118,6,1.2,-4.555009
69118,7,-2.0,-5.814918
69118,8,-3.3,-6.6859217
69118,9,-4.8,-7.4304123
69118,10,-4.9,-8.163044
69118,11,-6.0,-8.671816
69118,12,-6.4,-9.273321
69118,13,-6.7,-10.100675
69118,14,-7.0,-10.346154
69118,15,-6.8,-11.015229
69118,16,-7.8,-11.3854885
69118,17,-8.1,-11.618057
69118,18,-8.9,-11.708914
69118,19,-10.5,-10.894241
69118,20,-12.3,-9.818401
69118,21,-11.0,-8.549496
69118,22,-4.9,-7.12663
69118,23,0.8,-5.6934404
69118,24,2.5,-4.357407
69726,1,17.6,13.214812
69726,2,18.1,13.883978
69726,3,17.7,14.117804
69726,4,16.9,13.697892
69726,5,16.7,12.967388
69726,6,15.9,11.908097
69726,7,14.4,10.607122
69726,8,12.0,9.37425
69726,9,9.3,8.220274
69726,10,10.0,7.2388573
69726,11,9.4,6.4145036
69726,12,8.5,5.7587767
69726,13,8.0,5.1793323
69726,14,7.4,4.657363
69726,15,7.0,4.1762695
69726,16,6.7,3.8162708
69726,17,6.1,3.6995766
69726,18,5.5,3.9952927
69726,19,5.2,4.7511034
69726,20,8.3,5.9244184
69726,21,12.2,7.4603987
69726,22,15.6,9.172271
69726,23,16.7,10.78963
69726,24,17.8,12.167562
69932,1,7.2,5.9635115
69932,2,7.4,7.63254
69932,3,7.8,9.66386
69932,4,8.0,11.723392
69932,5,8.5,13.483342
69932,6,8.9,14.875457
69932,7,9.2,15.720575
69932,8,9.3,15.942661
69932,9,10.6,15.5997305
69932,10,10.3,14.663858
69932,11,9.4,13.447504
69932,12,9.9,12.126225
69932,13,9.5,10.691897
69932,14,8.7,9.53567
69932,15,7.8,8.60558
69932,16,7.7,7.8416452
69932,17,7.6,7.214798
69932,18,7.5,6.5896063
69932,19,7.2,5.903848
69932,20,7.0,5.2391987
69932,21,7.0,4.7534823
69932,22,6.3,4.581839
69932,23,6.5,4.7074575
69932,24,6.2,5.2409625
69941,1,7.5,10.908476
69941,2,8.1,12.144683
69941,3,9.9,13.202207
69941,4,11.3,13.867312
69941,5,11.4,14.177824
69941,6,11.4,14.124717
69941,7,12.5,13.796026
69941,8,11.5,13.282467
69941,9,11.2,12.62162
69941,10,10.3,11.7913
69941,11,9.0,10.977249
69941,12,6.8,10.179421
69941,13,7.0,9.380209
69941,14,6.4,8.610674
69941,15,6.4,7.9522667
69941,16,5.4,7.3338804
69941,17,5.4,6.811823
69941,18,5.8,6.4226747
69941,19,5.2,6.1464224
69941,20,4.6,6.1500964
69941,21,4.3,6.483677
69941,22,4.6,7.2447224
69941,23,7.1,8.217397
69941,24,8.7,9.372662
70074,1,11.5,10.931999
70074,2,10.6,10.415179
70074,3,10.9,10.160524
70074,4,11.0,10.1780615
70074,5,11.1,10.463364
70074,6,11.1,11.21073
70074,7,11.2,12.445417
70074,8,12.4,13.893093
70074,9,14.9,15.491441
70074,10,16.9,17.006472
70074,11,17.6,18.208193
70074,12,18.4,19.085762
70074,13,18.6,19.483614
70074,14,18.6,19.490915
70074,15,17.8,19.205723
70074,16,18.9,18.587059
70074,17,17.9,17.909597
70074,18,16.1,17.10094
70074,19,15.4,16.129408
70074,20,14.0,15.256441
70074,21,13.0,14.373246
70074,22,11.8,13.5125
70074,23,11.4,12.726938
70074,24,10.8,11.983164
71087,1,14.6,13.350858
71087,2,14.1,12.453937
71087,3,13.7,11.760213
71087,4,13.8,11.159664
71087,5,13.7,10.651681
71087,6,13.4,10.239424
71087,7,13.2,9.885523
71087,8,13.1,9.6645975
71087,9,12.9,9.736969
71087,10,12.8,10.207008
71087,11,11.5,10.945421
71087,12,11.5,12.119654
71087,13,12.1,13.589894
71087,14,12.6,15.175242
71087,15,12.9,16.722683
71087,16,14.5,18.005196
71087,17,15.6,18.909714
71087,18,16.6,19.398521
71087,19,16.9,19.378212
71087,20,16.4,19.015034
71087,21,16.2,18.301092
71087,22,16.3,17.132946
71087,23,12.2,15.989039
71087,24,12.8,14.806775
71136,1,13.2,9.340027
71136,2,11.5,8.701794
71136,3,10.0,8.146201
71136,4,8.7,7.694031
71136,5,7.9,7.3730526
71136,6,6.5,7.4029284
71136,7,5.3,7.9558477
71136,8,4.4,8.854642
71136,9,4.0,10.175749
71136,10,4.6,11.790882
71136,11,6.0,13.422297
71136,12,7.9,14.980798
71136,13,9.8,16.31943
71136,14,11.4,17.172445
71136,15,12.6,17.69968
71136,16,13.5,17.725761
71136,17,13.9,17.39995
71136,18,13.6,16.689985
71136,19,12.4,15.52289
71136,20,10.8,14.381967
71136,21,9.6,13.223674
71136,22,8.5,12.167906
71136,23,7.5,11.337767
71136,24,6.5,10.598909
71164,1,2.0,12.23571
71164,2,3.6,13.067456
71164,3,4.9,13.586912
71164,4,5.3,13.553647
71164,5,5.2,13.197162
71164,6,4.7,12.45135
71164,7,3.7,11.360463
71164,8,0.5,10.240982
71164,9,-0.9,9.174561
71164,10,-2.0,8.292873
71164,11,-2.6,7.6063585
71164,12,-2.9,7.1022215
71164,13,-3.0,6.65588
71164,14,-3.0,6.217639
71164,15,-3.3,5.820373
71164,16,-3.7,5.4676924
71164,17,-3.8,5.228594
71164,18,-3.8,5.2475023
71164,19,-3.8,5.568042
71164,20,-4.8,6.2258806
71164,21,-5.1,7.2557564
71164,22,-4.0,8.568422
71164,23,-2.1,9.939453
71164,24,-0.5,11.218629
71211,1,12.0,9.483358
71211,2,14.5,11.476232
71211,3,16.9,13.795006
71211,4,19.1,16.06655
71211,5,20.8,17.937887
71211,6,22.2,19.346947
71211,7,23.1,20.117117
71211,8,23.4,20.209826
71211,9,23.0,19.70317
71211,10,21.3,18.531157
71211,11,20.3,17.10537
71211,12,19.2,15.602145
71211,13,17.8,14.022286
71211,14,16.4,12.7813835
71211,15,15.4,11.828835
71211,16,14.8,11.072549
71211,17,14.2,10.409547
71211,18,13.5,9.712925
71211,19,12.8,8.907751
71211,20,11.7,8.119917
71211,21,11.5,7.5410705
71211,22,11.6,7.375826
71211,23,14.3,7.590014
71211,24,14.8,8.335142
71232,1,13.5,12.542759
71232,2,13.1,11.830467
71232,3,12.4,11.130063
71232,4,12.1,10.422558
71232,5,11.7,9.783079
71232,6,11.2,9.554703
71232,7,10.8,9.707077
71232,8,9.4,10.400471
71232,9,11.0,11.808651
71232,10,14.0,13.753035
71232,11,16.9,15.928864
71232,12,19.6,18.204731
71232,13,21.2,20.240772
71232,14,22.3,21.845015
71232,15,23.2,22.937866
71232,16,23.8,23.373682
71232,17,23.9,23.145023
71232,18,23.6,22.248482
71232,19,22.5,20.805521
71232,20,21.4,19.25125
71232,21,20.7,17.649963
71232,22,19.1,16.167913
71232,23,18.7,15.086988
71232,24,17.9,14.233744
71458,1,17.2,14.108282
71458,2,17.9,14.764028
71458,3,17.9,15.748767
71458,4,18.4,16.92969
71458,5,18.7,18.160501
71458,6,20.4,19.437634
71458,7,21.3,20.424835
71458,8,22.5,21.191301
71458,9,22.6,21.684925
71458,10,23.0,21.736206
71458,11,23.8,21.495953
71458,12,23.4,21.09608
71458,13,23.0,20.322886
71458,14,20.8,19.670462
71458,15,20.3,18.879467
71458,16,20.0,17.96459
71458,17,19.7,17.091198
71458,18,19.2,16.2353
71458,19,18.5,15.550494
71458,20,17.8,14.95357
71458,21,17.9,14.427005
71458,22,17.8,13.963624
71458,23,17.9,13.656225
71458,24,18.1,13.620921
71562,1,15.6,11.330831
71562,2,15.2,11.74226
71562,3,17.4,13.161499
71562,4,20.0,15.443528
71562,5,22.6,18.180815
71562,6,25.2,21.16214
71562,7,27.5,23.948355
71562,8,29.5,26.10534
71562,9,30.9,27.624311
71562,10,31.8,28.313364
71562,11,32.0,28.134441
71562,12,31.7,27.285986
71562,13,30.9,25.533207
71562,14,29.6,23.581135
71562,15,28.0,21.693619
71562,16,25.2,19.946493
71562,17,23.5,18.608765
71562,18,22.2,17.455729
71562,19,21.2,16.507711
71562,20,20.4,15.595337
71562,21,19.5,14.759635
71562,22,19.2,14.06558
71562,23,19.0,13.389793
71562,24,18.6,12.874043
71891,1,27.3,24.173973
71891,2,29.6,26.718863
71891,3,31.2,29.213335
71891,4,33.1,31.306204
71891,5,33.6,32.70547
71891,6,34.2,33.47759
71891,7,35.3,33.621487
71891,8,35.6,33.222878
71891,9,35.6,32.35174
71891,10,34.6,30.853132
71891,11,33.3,29.256247
71891,12,31.1,27.642052
71891,13,30.2,26.057812
71891,14,29.3,24.74704
71891,15,28.4,23.710049
71891,16,27.4,22.79715
71891,17,26.5,21.88004
71891,18,26.1,20.928421
71891,19,26.0,19.924553
71891,20,25.8,19.128546
71891,21,25.4,18.723146
71891,22,25.2,19.065979
71891,23,25.9,19.967682
71891,24,27.2,21.517025
71965,1,30.8,25.667868
71965,2,31.2,25.311811
71965,3,30.2,24.695934
71965,4,29.2,23.728603
71965,5,28.1,22.718956
71965,6,26.7,21.715782
71965,7,25.5,20.721968
71965,8,24.9,19.961477
71965,9,24.7,19.387014
71965,10,24.4,18.946379
71965,11,23.8,18.594044
71965,12,23.4,18.355906
71965,13,23.2,18.188803
71965,14,23.0,18.172197
71965,15,22.8,18.338257
71965,16,22.8,18.757336
71965,17,23.2,19.391287
71965,18,24.9,20.250896
71965,19,26.6,21.332537
71965,20,28.0,22.47796
71965,21,29.2,23.61451
71965,22,30.2,24.574398
71965,23,31.1,25.304996
71965,24,31.6,25.677555
72143,1,27.4,25.743801
72143,2,26.9,24.737831
72143,3,26.5,24.01122
72143,4,26.0,23.435656
72143,5,25.7,22.967081
72143,6,25.2,22.5537
72143,7,24.9,22.221601
72143,8,24.7,22.005907
72143,9,24.6,22.090958
72143,10,24.6,22.67429
72143,11,25.5,23.501358
72143,12,26.8,24.785845
72143,13,28.4,26.339657
72143,14,30.2,27.880297
72143,15,31.5,29.340515
72143,16,32.6,30.47046
72143,17,33.5,31.225813
72143,18,34.5,31.632166
72143,19,34.9,31.585169
72143,20,35.2,31.273436
72143,21,34.7,30.648283
72143,22,33.0,29.565588
72143,23,30.9,28.484192
72143,24,30.0,27.254827
72889,1,26.8,22.365482
72889,2,26.4,21.761532
72889,3,26.1,21.5398
72889,4,25.8,21.73693
72889,5,26.4,22.271212
72889,6,27.0,23.276901
72889,7,29.0,24.761856
72889,8,30.9,26.410332
72889,9,32.7,28.166391
72889,10,34.4,29.828249
72889,11,35.6,31.103058
72889,12,36.5,32.027485
72889,13,36.7,32.39609
72889,14,37.1,32.26901
72889,15,36.6,31.793793
72889,16,35.8,30.905752
72889,17,34.9,29.964483
72889,18,33.5,28.955048
72889,19,30.6,27.87901
72889,20,29.9,26.969479
72889,21,29.3,26.06602
72889,22,28.6,25.18075
72889,23,28.0,24.353302
72889,24,27.6,23.516258
72920,1,25.4,22.99322
72920,2,24.8,22.147642
72920,3,24.4,21.427538
72920,4,23.4,20.828848
72920,5,22.8,20.33256
72920,6,22.4,20.226055
72920,7,22.0,20.646278
72920,8,20.2,21.52753
72920,9,22.3,23.032312
72920,10,24.5,25.03312
72920,11,26.7,27.161873
72920,12,28.9,29.357033
72920,13,30.4,31.346663
72920,14,31.4,32.79023
72920,15,32.0,33.78746
72920,16,32.3,34.111687
72920,17,32.2,33.833683
72920,18,31.7,32.957836
72920,19,30.8,31.487795
72920,20,30.9,29.952368
72920,21,29.9,28.340528
72920,22,29.1,26.81966
72920,23,28.5,25.646122
72920,24,27.3,24.615074
73930,1,3.2,1.6974255
73930,2,2.3,1.5237207
73930,3,2.0,2.0429397
73930,4,2.8,3.270587
73930,5,4.1,4.9961386
73930,6,5.4,6.9967246
73930,7,7.1,9.010246
73930,8,8.4,10.675423
73930,9,9.2,11.947247
73930,10,9.6,12.778259
73930,11,9.5,13.007681
73930,12,8.5,12.729027
73930,13,7.2,11.78599
73930,14,5.4,10.565283
73930,15,4.3,9.245684
73930,16,3.5,7.9239635
73930,17,2.6,6.935317
73930,18,1.8,6.1547856
73930,19,0.5,5.626748
73930,20,-0.3,5.230206
73930,21,-0.7,4.868692
73930,22,-1.1,4.5007353
73930,23,-1.4,4.012028
73930,24,-1.7,3.448939
73975,1,14.2,12.802215
73975,2,13.1,11.474733
73975,3,12.4,10.274267
73975,4,11.0,9.128842
73975,5,9.8,8.051257
73975,6,9.4,7.265443
73975,7,9.3,6.4748664
73975,8,9.3,5.9457936
73975,9,9.4,5.78502
73975,10,8.9,5.8974032
73975,11,7.4,6.462718
73975,12,7.8,7.8017645
73975,13,10.7,9.915731
73975,14,14.4,12.779236
73975,15,17.8,15.714503
73975,16,22.0,18.424425
73975,17,24.5,20.504297
73975,18,25.6,21.882555
73975,19,26.0,22.49817
73975,20,25.9,22.330662
73975,21,25.1,21.333048
73975,22,23.0,19.318373
73975,23,21.0,17.221487
73975,24,19.3,15.20758
74161,1,18.9,13.4707775
74161,2,19.1,13.205065
74161,3,19.2,13.303952
74161,4,19.1,13.748502
74161,5,19.2,14.483188
74161,6,19.5,15.561302
74161,7,20.4,16.847603
74161,8,22.1,18.17745
74161,9,24.1,19.504143
74161,10,25.8,20.630602
74161,11,27.1,21.414497
74161,12,28.2,21.920889
74161,13,28.8,21.900497
74161,14,28.8,21.602827
74161,15,28.3,21.024387
74161,16,27.1,20.142065
74161,17,25.3,19.259436
74161,18,23.7,18.335648
74161,19,22.2,17.445263
74161,20,20.8,16.67419
74161,21,19.7,15.922555
74161,22,19.1,15.183125
74161,23,18.6,14.515373
74161,24,18.7,13.940006
74218,1,13.6,10.902581
74218,2,13.1,11.786662
74218,3,13.6,12.981208
74218,4,13.8,14.31164
74218,5,15.1,15.599693
74218,6,16.5,16.827396
74218,7,14.7,17.71923
74218,8,16.7,18.296238
74218,9,18.3,18.524115
74218,10,18.7,18.279802
74218,11,18.1,17.762846
74218,12,18.0,17.104834
74218,13,17.0,16.182714
74218,14,16.8,15.435543
74218,15,16.8,14.667526
74218,16,16.6,13.868087
74218,17,16.7,13.143736
74218,18,17.0,12.446386
74218,19,16.4,11.84275
74218,20,16.7,11.308168
74218,21,16.8,10.86012
74218,22,17.0,10.515773
74218,23,17.1,10.338112
74218,24,17.3,10.443327
74255,1,13.4,13.788781
74255,2,12.4,12.632709
74255,3,11.5,11.60593
74255,4,10.6,10.618758
74255,5,9.7,9.701273
74255,6,9.2,9.040087
74255,7,8.4,8.404511
74255,8,8.2,8.055038
74255,9,8.0,8.134465
74255,10,7.8,8.59952
74255,11,7.3,9.469904
74255,12,9.0,10.967537
74255,13,11.7,12.976032
74255,14,14.3,15.425713
74255,15,16.9,17.817282
74255,16,20.5,19.904161
74255,17,22.0,21.393759
74255,18,23.0,22.241478
74255,19,23.6,22.432447
74255,20,23.8,22.029068
74255,21,23.6,21.023376
74255,22,23.4,19.28542
74255,23,21.1,17.56567
74255,24,20.0,15.912158
74400,1,20.7,16.67555
74400,2,20.3,16.032146
74400,3,20.0,15.517657
74400,4,19.4,15.105977
74400,5,19.2,14.803546
74400,6,18.7,14.849181
74400,7,19.5,15.3224535
74400,8,20.0,16.160812
74400,9,21.0,17.459652
74400,10,22.5,19.070654
74400,11,23.3,20.729198
74400,12,25.3,22.402508
74400,13,27.2,23.847677
74400,14,29.3,24.900906
74400,15,29.6,25.588394
74400,16,30.4,25.743607
74400,17,30.8,25.460455
74400,18,29.4,24.706984
74400,19,27.3,23.49117
74400,20,25.9,22.222849
74400,21,25.0,20.882463
74400,22,23.8,19.589134
74400,23,22.8,18.570908
74400,24,21.9,17.701967
74537,1,20.6,15.615804
74537,2,20.5,15.232069
74537,3,20.5,15.248106
74537,4,21.0,15.674714
74537,5,21.1,16.444818
74537,6,21.9,17.65004
74537,7,23.9,19.147612
74537,8,25.7,20.725119
74537,9,26.4,22.303362
74537,10,27.5,23.652384
74537,11,28.4,24.587275
74537,12,29.7,25.154016
74537,13,30.3,25.117723
74537,14,30.4,24.749668
74537,15,30.4,24.074379
74537,16,27.5,23.096115
74537,17,26.2,22.143787
74537,18,24.9,21.167938
74537,19,23.7,20.239141
74537,20,22.9,19.44186
74537,21,22.3,18.655243
74537,22,22.2,17.86982
74537,23,21.9,17.12978
74537,24,21.7,16.440592
74583,1,20.8,19.516525
74583,2,20.4,18.589478
74583,3,20.3,17.901619
74583,4,21.4,17.319004
74583,5,21.0,16.83136
74583,6,20.6,16.432291
74583,7,20.4,16.094172
74583,8,20.4,15.907693
74583,9,20.4,16.05027
74583,10,20.7,16.655107
74583,11,21.0,17.518818
74583,12,21.4,18.819527
74583,13,22.6,20.34957
74583,14,24.5,21.917181
74583,15,25.5,23.39214
74583,16,26.4,24.553505
74583,17,26.4,25.317488
74583,18,27.3,25.668655
74583,19,27.1,25.541515
74583,20,27.5,25.10661
74583,21,27.2,24.356462
74583,22,26.4,23.185068
74583,23,25.3,22.062057
74583,24,24.1,20.875887
74650,1,17.0,14.415533
74650,2,16.9,15.18246
74650,3,16.7,16.168114
74650,4,16.6,17.22362
74650,5,16.8,18.239946
74650,6,17.5,19.253117
74650,7,17.8,19.93701
74650,8,17.5,20.4479
74650,9,19.1,20.727947
74650,10,18.5,20.610964
74650,11,18.0,20.293533
74650,12,17.8,19.903425
74650,13,16.5,19.235712
74650,14,15.4,18.76441
74650,15,14.4,18.13668
74650,16,14.2,17.358366
74650,17,14.0,16.566479
74650,18,13.9,15.76705
74650,19,13.1,15.132146
74650,20,12.8,14.589725
74650,21,12.5,14.122175
74650,22,12.2,13.713465
74650,23,11.9,13.489705
74650,24,11.7,13.568604
74678,1,25.6,21.707684
74678,2,24.4,21.009224
74678,3,23.1,20.39983
74678,4,22.4,19.785358
74678,5,21.7,19.21565
74678,6,21.2,18.643276
74678,7,20.9,18.073626
74678,8,20.7,17.56093
74678,9,20.4,17.19571
74678,10,20.3,17.032932
74678,11,20.2,17.043257
74678,12,20.3,17.352642
74678,13,20.3,17.946627
74678,14,21.2,18.743082
74678,15,21.8,19.796982
74678,16,22.5,20.967363
74678,17,23.7,22.067692
74678,18,25.5,22.992725
74678,19,26.4,23.611763
74678,20,28.0,23.933716
74678,21,29.0,23.960588
74678,22,29.3,23.628386
74678,23,29.4,23.195675
74678,24,30.0,22.579338
75350,1,13.6,10.229543
75350,2,14.0,10.064958
75350,3,13.8,9.725805
75350,4,12.8,9.113841
75350,5,12.1,8.468999
75350,6,11.8,7.7542543
75350,7,11.3,7.0089455
75350,8,11.0,6.386965
75350,9,10.9,5.926856
75350,10,10.3,5.67551
75350,11,9.6,5.55921
75350,12,9.3,5.560858
75350,13,8.8,5.6174707
75350,14,9.2,5.667395
75350,15,8.9,5.8089113
75350,16,9.0,6.037221
75350,17,9.0,6.368414
75350,18,9.1,6.8206315
75350,19,9.1,7.3782067
75350,20,9.3,8.027546
75350,21,10.3,8.752866
75350,22,10.6,9.457004
75350,23,10.8,10.061758
75350,24,10.9,10.441469
75401,1,7.9,6.5729856
75401,2,7.8,6.4848976
75401,3,7.7,6.398297
75401,4,7.7,6.257846
75401,5,7.0,6.1161613
75401,6,6.6,6.052208
75401,7,7.0,6.195946
75401,8,6.8,6.4003596
75401,9,6.4,6.6712084
75401,10,6.1,6.886245
75401,11,6.6,7.072234
75401,12,6.9,7.2401743
75401,13,7.6,7.4202356
75401,14,7.8,7.5460267
75401,15,8.3,7.7499104
75401,16,8.4,7.901684
75401,17,8.5,8.030461
75401,18,8.4,8.041237
75401,19,7.7,7.821717
75401,20,7.2,7.580625
75401,21,7.1,7.291318
75401,22,6.7,7.0370426
75401,23,6.2,6.840035
75401,24,5.8,6.6994715
75622,1,6.0,5.3944926
75622,2,6.1,5.378265
75622,3,6.0,5.204928
75622,4,5.9,4.8207083
75622,5,6.5,4.394985
75622,6,6.3,3.925022
75622,7,6.2,3.3826962
75622,8,6.1,2.9482446
75622,9,6.1,2.6455977
75622,10,6.1,2.48145
75622,11,6.1,2.43401
75622,12,6.0,2.4706516
75622,13,6.0,2.5092711
75622,14,5.9,2.601213
75622,15,5.3,2.6904383
75622,16,4.7,2.8411112
75622,17,4.0,3.0404067
75622,18,4.2,3.2427678
75622,19,4.3,3.5501604
75622,20,4.8,3.9115787
75622,21,5.8,4.3119516
75622,22,6.3,4.7422924
75622,23,6.9,5.16063
75622,24,8.2,5.4700475
75688,1,10.3,3.8613677
75688,2,8.6,3.6585393
75688,3,7.8,3.4891605
75688,4,6.9,3.3013682
75688,5,6.6,3.1201
75688,6,7.4,2.940825
75688,7,7.8,2.7395337
75688,8,7.8,2.5797968
75688,9,7.8,2.536626
75688,10,7.0,2.620822
75688,11,7.7,2.8326879
75688,12,6.9,3.2106824
75688,13,9.2,3.687355
75688,14,11.2,4.2538896
75688,15,10.6,4.8213177
75688,16,9.8,5.335159
75688,17,8.9,5.724169
75688,18,8.9,5.881348
75688,19,9.5,5.843647
75688,20,10.5,5.6680064
75688,21,10.0,5.3590574
75688,22,9.1,4.964302
75688,23,9.1,4.637609
75688,24,8.5,4.335167
75692,1,9.2,2.234879
75692,2,11.2,2.6885338
75692,3,10.6,3.3064356
75692,4,9.8,4.0515275
75692,5,8.9,4.8594866
75692,6,8.9,5.669092
75692,7,9.5,6.203261
75692,8,10.5,6.5479393
75692,9,10.0,6.64594
75692,10,9.1,6.4061384
75692,11,9.1,5.9928117
75692,12,8.5,5.4775777
75692,13,8.2,4.7612743
75692,14,8.0,4.2436857
75692,15,7.9,3.6669598
75692,16,6.8,3.1233757
75692,17,5.3,2.7049966
75692,18,5.3,2.3290906
75692,19,5.3,2.191598
75692,20,5.1,2.10578
75692,21,5.4,2.0259604
75692,22,5.7,1.9635093
75692,23,7.2,1.9390441
75692,24,7.2,2.0377614
75915,1,0.4,0.50996995
75915,2,0.1,0.29423118
75915,3,-0.2,0.3197515
75915,4,0.2,0.5985255
75915,5,0.4,1.0929384
75915,6,0.9,1.8339087
75915,7,1.8,2.675264
75915,8,3.2,3.5370421
75915,9,4.4,4.356948
75915,10,5.4,5.0521784
75915,11,6.0,5.5417137
75915,12,5.9,5.8818674
75915,13,5.3,5.939571
75915,14,4.2,5.9583125
75915,15,3.6,5.7198915
75915,16,3.1,5.305318
75915,17,2.3,4.8922143
75915,18,1.9,4.3976126
75915,19,1.5,3.957448
75915,20,1.0,3.5548153
75915,21,0.6,3.0688815
75915,22,0.7,2.4801059
75915,23,0.7,1.8933583
75915,24,1.0,1.3342292
75917,1,1.8,4.1222777
75917,2,3.2,4.4968696
75917,3,4.4,4.8521566
75917,4,5.4,5.141102
75917,5,6.0,5.429915
75917,6,5.9,5.6307745
75917,7,5.3,5.5167804
75917,8,4.2,5.325655
75917,9,3.6,5.0455513
75917,10,3.1,4.6648045
75917,11,2.3,4.276366
75917,12,1.9,3.900631
75917,13,1.5,3.3934126
75917,14,1.0,3.0376062
75917,15,0.6,2.6110384
75917,16,0.7,2.2290783
75917,17,0.7,1.9594753
75917,18,1.0,1.7829131
75917,19,0.7,1.9275765
75917,20,0.1,2.1902568
75917,21,0.0,2.5395205
75917,22,0.1,2.9448285
75917,23,-0.3,3.3637152
75917,24,1.3,3.7887368
76359,1,10.3,9.758488
76359,2,8.9,9.174246
76359,3,8.0,8.51596
76359,4,7.3,7.702114
76359,5,6.9,6.9403086
76359,6,6.5,6.1845913
76359,7,5.9,5.5292053
76359,8,6.5,4.9726267
76359,9,6.2,4.5691094
76359,10,6.0,4.3518972
76359,11,6.2,4.2467794
76359,12,5.9,4.294434
76359,13,5.6,4.5264564
76359,14,6.7,4.8218355
76359,15,6.7,5.3813896
76359,16,6.8,6.140712
76359,17,6.9,7.0223713
76359,18,6.6,7.951566
76359,19,7.6,8.783391
76359,20,8.3,9.519451
76359,21,8.5,10.139243
76359,22,9.3,10.549814
76359,23,9.2,10.760758
76359,24,9.1,10.68004
76611,1,8.9,5.3063254
76611,2,8.3,5.399109
76611,3,8.5,5.9117336
76611,4,9.8,6.8025894
76611,5,11.1,7.957797
76611,6,11.9,9.261883
76611,7,12.9,10.535852
76611,8,13.8,11.59393
76611,9,14.4,12.409531
76611,10,14.9,12.906836
76611,11,15.4,13.047253
76611,12,15.5,12.923139
76611,13,15.5,12.377593
76611,14,15.3,11.6573
76611,15,14.0,10.810612
76611,16,12.4,9.805081
76611,17,11.5,8.941466
76611,18,10.2,8.192039
76611,19,9.3,7.5919533
76611,20,8.9,7.1437063
76611,21,8.3,6.7702003
76611,22,8.2,6.429799
76611,23,7.9,6.0964193
76611,24,7.6,5.8289757
76843,1,10.6,9.242193
76843,2,10.3,9.417839
76843,3,10.3,9.888591
76843,4,10.5,10.628027
76843,5,10.9,11.55717
76843,6,11.3,12.643847
76843,7,11.8,13.673049
76843,8,12.2,14.584455
76843,9,12.4,15.316664
76843,10,12.8,15.731983
76843,11,14.2,15.867611
76843,12,16.0,15.8038845
76843,13,16.5,15.370066
76843,14,16.2,14.862695
76843,15,14.7,14.173236
76843,16,13.6,13.273552
76843,17,12.6,12.438233
76843,18,12.0,11.666889
76843,19,11.3,11.049639
76843,20,11.0,10.581615
76843,21,10.6,10.169804
76843,22,10.1,9.770875
76843,23,9.3,9.42756
76843,24,8.9,9.217189
77371,1,14.5,13.609001
77371,2,14.4,13.933017
77371,3,14.4,14.6629
77371,4,14.4,15.735602
77371,5,14.7,17.014265
77371,6,15.2,18.476639
77371,7,16.1,19.785677
77371,8,17.0,20.92045
77371,9,18.1,21.815474
77371,10,19.2,22.266123
77371,11,20.2,22.34244
77371,12,20.8,22.16477
77371,13,21.2,21.484129
77371,14,20.8,20.781181
77371,15,20.8,19.87561
77371,16,20.0,18.782305
77371,17,18.4,17.758726
77371,18,17.0,16.777668
77371,19,16.1,16.005537
77371,20,15.3,15.349986
77371,21,14.8,14.747801
77371,22,14.4,14.182456
77371,23,14.1,13.71976
77371,24,13.7,13.475316
77461,1,21.7,19.344097
77461,2,23.4,21.407782
77461,3,25.0,23.411957
77461,4,26.1,25.066483
77461,5,27.0,26.19047
77461,6,27.4,26.814533
77461,7,27.3,26.89218
77461,8,27.1,26.518307
77461,9,26.0,25.732811
77461,10,24.4,24.352787
77461,11,22.6,22.85421
77461,12,21.1,21.285198
77461,13,20.1,19.683262
77461,14,19.6,18.364254
77461,15,18.8,17.374199
77461,16,18.1,16.638542
77461,17,17.4,16.017366
77461,18,17.4,15.422499
77461,19,16.9,14.846687
77461,20,16.6,14.415521
77461,21,16.9,14.299084
77461,22,17.8,14.796516
77461,23,18.9,15.700823
77461,24,20.4,17.101093
77522,1,16.1,13.045867
77522,2,15.7,12.8070545
77522,3,15.4,12.70613
77522,4,15.2,12.688661
77522,5,15.1,12.748922
77522,6,14.9,13.087357
77522,7,15.0,13.738918
77522,8,15.0,14.578788
77522,9,15.8,15.573103
77522,10,17.0,16.527338
77522,11,18.5,17.356247
77522,12,18.8,18.100777
77522,13,19.0,18.630999
77522,14,19.6,19.013163
77522,15,19.9,19.173153
77522,16,20.4,19.013443
77522,17,19.6,18.678614
77522,18,19.7,18.111185
77522,19,18.8,17.28377
77522,20,17.9,16.46282
77522,21,17.6,15.573729
77522,22,16.3,14.657447
77522,23,15.5,13.891058
77522,24,14.9,13.272877
77650,1,18.5,15.697839
77650,2,18.0,15.114064
77650,3,17.6,14.733543
77650,4,17.3,14.568459
77650,5,16.0,14.615743
77650,6,16.7,15.201713
77650,7,17.9,16.377491
77650,8,20.1,17.911825
77650,9,22.2,19.765333
77650,10,24.1,21.620337
77650,11,25.8,23.230345
77650,12,27.2,24.560717
77650,13,28.2,25.41402
77650,14,28.4,25.835537
77650,15,28.5,25.869102
77650,16,28.6,25.440754
77650,17,28.1,24.769217
77650,18,26.9,23.779806
77650,19,25.9,22.477007
77650,20,25.0,21.219208
77650,21,24.0,19.917404
77650,22,22.8,18.684772
77650,23,22.0,17.648636
77650,24,21.0,16.760082
77729,1,17.3,13.945431
77729,2,17.0,13.244087
77729,3,16.7,12.723841
77729,4,16.3,12.2778
77729,5,15.9,11.932824
77729,6,15.7,11.732731
77729,7,15.5,11.724092
77729,8,15.2,11.919958
77729,9,15.1,12.464192
77729,10,15.6,13.420317
77729,11,16.7,14.519127
77729,12,18.3,15.8188715
77729,13,19.7,17.09023
77729,14,20.6,18.159645
77729,15,21.3,19.03455
77729,16,21.8,19.560612
77729,17,22.4,19.766766
77729,18,22.8,19.628693
77729,19,23.1,19.094568
77729,20,22.5,18.435287
77729,21,21.4,17.652779
77729,22,19.9,16.716496
77729,23,18.8,15.902707
77729,24,18.2,15.06598
77849,1,23.8,15.58792
77849,2,22.8,14.788544
77849,3,21.8,14.135119
77849,4,20.0,13.495057
77849,5,18.5,12.923664
77849,6,17.4,12.501285
77849,7,16.8,12.167003
77849,8,16.0,12.132781
77849,9,15.6,12.61715
77849,10,16.2,13.697182
77849,11,17.1,15.077641
77849,12,18.1,16.803493
77849,13,19.3,18.538704
77849,14,20.8,20.110426
77849,15,22.5,21.402637
77849,16,24.0,22.26157
77849,17,24.6,22.61735
77849,18,24.3,22.470026
77849,19,23.8,21.86463
77849,20,22.5,21.041124
77849,21,19.2,20.063877
77849,22,17.6,18.910711
77849,23,16.7,17.960957
77849,24,16.1,17.035755
78368,1,9.0,4.613719
78368,2,8.9,4.1086426
78368,3,7.8,3.698378
78368,4,7.7,3.30916
78368,5,7.2,2.971595
78368,6,7.6,2.5962603
78368,7,7.2,2.0929484
78368,8,6.8,1.6231812
78368,9,6.5,1.3237445
78368,10,6.4,1.3298274
78368,11,6.2,1.5818894
78368,12,6.4,2.1769295
78368,13,6.7,2.997458
78368,14,6.9,3.9951043
78368,15,7.0,4.9994526
78368,16,7.7,5.9494457
78368,17,8.6,6.7083836
78368,18,9.2,7.191448
78368,19,9.7,7.4471765
78368,20,10.3,7.4567113
78368,21,10.5,7.2320113
78368,22,10.8,6.728508
78368,23,10.6,6.2253923
78368,24,10.4,5.6495895
78528,1,13.8,7.4688864
78528,2,13.9,7.3650103
78528,3,13.7,7.2425656
78528,4,13.7,7.049225
78528,5,13.5,6.848913
78528,6,13.1,6.7088675
78528,7,12.3,6.7620645
78528,8,11.5,6.876439
78528,9,11.1,7.0591383
78528,10,10.2,7.1982827
78528,11,10.0,7.3216367
78528,12,9.9,7.4276953
78528,13,9.9,7.5612264
78528,14,9.3,7.6532464
78528,15,9.1,7.8642335
78528,16,8.2,8.076298
78528,17,8.8,8.291537
78528,18,8.8,8.405472
78528,19,9.0,8.299294
78528,20,9.0,8.161576
78528,21,8.9,7.9751763
78528,22,8.7,7.8243895
78528,23,8.7,7.713433
78528,24,8.5,7.6256256
79607,1,15.1,12.85044
79607,2,14.9,11.977778
79607,3,14.0,10.989954
79607,4,12.6,9.843558
79607,5,11.1,8.810261
79607,6,9.9,7.859995
79607,7,9.4,7.1405315
79607,8,9.1,6.566304
79607,9,8.3,6.1260567
79607,10,7.4,5.81293
79607,11,6.7,5.5478497
79607,12,6.6,5.400323
79607,13,6.7,5.4866323
79607,14,5.5,5.6882153
79607,15,6.6,6.2594223
79607,16,7.4,7.158633
79607,17,8.9,8.322494
79607,18,10.9,9.661671
79607,19,12.5,10.961614
79607,20,14.3,12.164302
79607,21,15.5,13.176104
79607,22,16.5,13.831573
79607,23,16.7,14.117147
79607,24,16.3,13.956256
79675,1,13.3,9.321781
79675,2,12.9,9.544703
79675,3,13.1,10.300712
79675,4,14.1,11.531463
79675,5,15.9,13.047552
79675,6,17.6,14.737612
79675,7,19.3,16.353876
79675,8,21.5,17.679626
79675,9,22.9,18.68278
79675,10,23.8,19.231749
79675,11,24.2,19.309174
79675,12,24.2,19.020573
79675,13,24.2,18.18186
79675,14,23.6,17.174786
79675,15,22.6,16.073528
79675,16,21.0,14.875894
79675,17,19.4,13.864637
79675,18,17.7,12.96332
79675,19,16.4,12.214466
79675,20,15.1,11.593324
79675,21,13.6,11.052159
79675,22,12.7,10.5907755
79675,23,12.3,10.172297
79675,24,12.1,9.874359
79698,1,12.1,9.312718
79698,2,11.6,8.750877
79698,3,11.5,8.402201
79698,4,11.4,8.310737
79698,5,11.1,8.492779
79698,6,11.4,9.198996
79698,7,11.9,10.479766
79698,8,12.6,12.039103
79698,9,13.4,13.795749
79698,10,13.4,15.483381
79698,11,14.2,16.850817
79698,12,16.1,17.838829
79698,13,17.5,18.322788
79698,14,17.8,18.357552
79698,15,17.9,18.063705
79698,16,15.4,17.411047
79698,17,15.5,16.688293
79698,18,15.4,15.828207
79698,19,15.1,14.789378
79698,20,14.1,13.879059
79698,21,13.2,12.976949
79698,22,12.6,12.129086
79698,23,12.3,11.359812
79698,24,12.0,10.621425
