window,hour,actual,predicted
218,1,15.8,13.084031
218,2,15.7,12.334685
218,3,15.2,11.892778
218,4,15.4,11.733552
218,5,16.1,11.885412
218,6,16.8,12.517943
218,7,17.1,13.7289095
218,8,18.0,15.322585
218,9,18.6,17.202608
218,10,19.8,19.16251
218,11,19.9,20.978361
218,12,19.4,22.396624
218,13,20.7,23.173332
218,14,22.6,23.324442
218,15,22.5,23.108894
218,16,22.1,22.375288
218,17,21.3,21.474674
218,18,19.9,20.28171
218,19,18.7,18.90491
218,20,17.9,17.789497
218,21,17.3,16.744724
218,22,16.8,15.869829
218,23,16.3,15.067651
218,24,16.3,14.261485
427,1,9.2,7.0069647
427,2,9.6,7.094593
427,3,9.5,7.1983924
427,4,9.2,7.3608274
427,5,8.9,7.6945267
427,6,9.3,8.170272
427,7,10.4,8.7751
427,8,11.1,9.490065
427,9,11.1,10.183566
427,10,11.0,10.669641
427,11,10.0,10.992208
427,12,8.7,11.077495
427,13,7.0,10.834478
427,14,4.9,10.418837
427,15,2.8,9.894785
427,16,1.2,9.255915
427,17,2.6,8.631278
427,18,1.4,8.032725
427,19,0.1,7.375462
427,20,-1.0,6.8382125
427,21,-2.0,6.359477
427,22,-2.8,5.9872704
427,23,-3.5,5.678058
427,24,-3.9,5.5340223
661,1,5.7,3.5773928
661,2,7.7,4.857933
661,3,9.0,6.253893
661,4,9.7,7.4648457
661,5,10.1,8.327767
661,6,9.6,8.689722
661,7,9.0,8.473714
661,8,8.0,7.925937
661,9,6.3,7.147968
661,10,5.1,6.1453004
661,11,4.9,5.261418
661,12,3.9,4.472619
661,13,2.9,3.8304727
661,14,2.1,3.4446445
661,15,1.4,3.259705
661,16,0.8,3.249992
661,17,0.3,3.178018
661,18,-0.2,3.0394392
661,19,-0.6,2.8293705
661,20,-1.0,2.6272082
661,21,-1.2,2.4638722
661,22,-1.6,2.4119945
661,23,-1.6,2.5864275
661,24,-0.5,3.106448
1176,1,14.0,11.923781
1176,2,14.4,11.185069
1176,3,12.9,10.477762
1176,4,12.1,9.827802
1176,5,12.0,9.329359
1176,6,10.7,8.874481
1176,7,9.5,8.363211
1176,8,8.7,7.8982344
1176,9,8.4,7.417928
1176,10,8.2,6.904469
1176,11,8.4,6.571854
1176,12,8.1,6.5606985
1176,13,7.6,6.9786477
1176,14,10.1,7.6830072
1176,15,11.0,8.80617
1176,16,10.9,10.241799
1176,17,9.7,11.632394
1176,18,11.0,12.879506
1176,19,11.3,13.692228
1176,20,10.9,14.057905
1176,21,10.5,13.981699
1176,22,10.2,13.434624
1176,23,10.8,12.681049
1176,24,10.4,11.867475
1280,1,12.1,10.784641
1280,2,11.9,8.901972
1280,3,11.1,7.3536596
1280,4,9.9,6.062233
1280,5,8.8,5.0468097
1280,6,8.0,4.2907686
1280,7,7.3,3.628576
1280,8,6.7,3.0774097
1280,9,6.8,2.5021255
1280,10,6.9,1.9441272
1280,11,6.7,1.7749312
1280,12,6.5,2.0608296
1280,13,6.4,3.0543609
1280,14,8.1,4.302695
1280,15,11.3,6.315301
1280,16,14.4,8.84412
1280,17,16.8,11.456167
1280,18,18.3,13.711132
1280,19,19.6,15.418695
1280,20,20.3,16.551117
1280,21,20.4,17.070555
1280,22,20.1,16.842066
1280,23,19.4,16.189323
1280,24,18.0,14.943125
1306,1,10.6,7.194227
1306,2,10.0,6.4625187
1306,3,9.3,5.9754877
1306,4,8.4,5.749777
1306,5,8.2,5.7983766
1306,6,7.9,6.2909856
1306,7,7.8,7.3104587
1306,8,9.7,8.729684
1306,9,14.1,10.506813
1306,10,17.6,12.527282
1306,11,20.2,14.494152
1306,12,22.0,16.21795
1306,13,23.6,17.395754
1306,14,24.7,17.92913
1306,15,25.3,17.968548
1306,16,24.5,17.383118
1306,17,24.0,16.483948
1306,18,22.4,15.244851
1306,19,20.7,13.803446
1306,20,19.9,12.563965
1306,21,18.6,11.42255
1306,22,17.8,10.489183
1306,23,16.9,9.666779
1306,24,15.2,8.8697815
1319,1,20.9,17.987965
1319,2,21.0,16.98264
1319,3,18.7,15.670399
1319,4,18.0,14.094076
1319,5,17.9,12.729697
1319,6,16.3,11.5411
1319,7,15.0,10.47441
1319,8,13.7,9.718943
1319,9,12.8,9.132674
1319,10,12.2,8.629026
1319,11,11.8,8.083511
1319,12,11.1,7.6079526
1319,13,10.4,7.2960277
1319,14,9.8,7.114391
1319,15,9.1,7.3377647
1319,16,8.8,8.135123
1319,17,9.9,9.289406
1319,18,12.8,10.944062
1319,19,15.7,12.931732
1319,20,18.4,14.847258
1319,21,20.4,16.573418
1319,22,22.0,17.840658
1319,23,23.1,18.422852
1319,24,23.6,18.451338
1765,1,25.9,19.95233
1765,2,27.1,21.259773
1765,3,27.5,22.398216
1765,4,27.7,23.145174
1765,5,28.0,23.504166
1765,6,27.9,23.445768
1765,7,27.4,22.90734
1765,8,26.3,22.295176
1765,9,24.9,21.629137
1765,10,23.8,20.83725
1765,11,23.4,20.172453
1765,12,22.5,19.475088
1765,13,21.7,18.68527
1765,14,21.1,17.860796
1765,15,20.7,17.113007
1765,16,20.0,16.389494
1765,17,19.0,15.639003
1765,18,18.1,14.933772
1765,19,17.6,14.387911
1765,20,17.3,14.186651
1765,21,17.2,14.4159565
1765,22,18.9,15.148507
1765,23,21.9,16.148193
1765,24,23.7,17.418173
2059,1,22.1,17.437626
2059,2,21.9,17.638815
2059,3,22.0,18.611866
2059,4,23.0,20.165003
2059,5,24.2,21.986494
2059,6,26.5,24.082512
2059,7,28.1,26.269583
2059,8,29.3,28.196339
2059,9,30.1,29.768074
2059,10,31.0,30.720095
2059,11,31.4,31.086027
2059,12,31.9,30.879576
2059,13,24.8,29.968752
2059,14,24.6,28.848068
2059,15,24.4,27.708271
2059,16,24.3,26.469254
2059,17,23.0,25.369701
2059,18,23.0,24.172422
2059,19,22.8,23.080355
2059,20,22.5,22.174295
2059,21,22.3,21.30072
2059,22,22.0,20.48483
2059,23,21.8,19.669622
2059,24,21.6,19.005127
2262,1,33.7,29.661856
2262,2,33.9,30.101213
2262,3,33.8,30.248503
2262,4,32.9,29.831768
2262,5,31.2,29.128038
2262,6,31.6,28.133677
2262,7,29.8,26.840446
2262,8,29.6,25.704723
2262,9,27.9,24.742931
2262,10,23.1,23.889069
2262,11,23.8,23.213116
2262,12,24.2,22.569569
2262,13,23.7,21.952564
2262,14,23.6,21.34351
2262,15,23.5,21.014433
2262,16,23.4,20.991251
2262,17,23.3,21.131105
2262,18,23.1,21.552055
2262,19,23.7,22.337044
2262,20,25.7,23.427689
2262,21,26.9,24.759132
2262,22,27.9,26.24268
2262,23,27.8,27.529324
2262,24,27.7,28.649595
2271,1,31.5,26.50384
2271,2,31.7,25.76892
2271,3,31.1,24.956432
2271,4,30.4,23.950205
2271,5,27.8,23.05041
2271,6,27.1,22.215923
2271,7,26.5,21.435017
2271,8,25.8,20.879526
2271,9,25.3,20.405941
2271,10,24.7,19.871058
2271,11,24.0,19.46175
2271,12,23.5,19.079512
2271,13,23.0,18.867208
2271,14,22.7,18.763325
2271,15,22.5,19.193748
2271,16,23.4,20.115381
2271,17,25.2,21.306612
2271,18,27.1,22.616283
2271,19,28.6,23.865953
2271,20,29.6,25.038038
2271,21,30.8,25.955706
2271,22,31.5,26.537527
2271,23,32.1,26.719116
2271,24,32.3,26.57222
2682,1,20.5,15.506035
2682,2,19.9,14.7377825
2682,3,19.5,14.278179
2682,4,19.0,14.178096
2682,5,18.6,14.42135
2682,6,18.2,15.163985
2682,7,18.4,16.46868
2682,8,20.1,18.152473
2682,9,22.8,20.11393
2682,10,24.9,22.165447
2682,11,26.4,24.020872
2682,12,27.6,25.502125
2682,13,28.4,26.347322
2682,14,28.7,26.554955
2682,15,29.0,26.38375
2682,16,28.8,25.691647
2682,17,28.3,24.76317
2682,18,27.5,23.53567
2682,19,25.3,22.084352
2682,20,24.4,20.83374
2682,21,23.0,19.669184
2682,22,21.9,18.701124
2682,23,21.3,17.7941
2682,24,20.8,16.90717
3243,1,17.7,13.671196
3243,2,17.7,13.754608
3243,3,17.8,13.850368
3243,4,18.7,13.968077
3243,5,18.3,14.201808
3243,6,19.0,14.579346
3243,7,20.6,15.1278105
3243,8,21.1,15.819028
3243,9,22.2,16.54525
3243,10,23.8,17.086578
3243,11,24.2,17.47303
3243,12,24.5,17.570616
3243,13,24.1,17.282469
3243,14,22.9,16.796486
3243,15,20.9,16.224041
3243,16,20.2,15.50103
3243,17,19.5,14.792479
3243,18,18.8,14.055264
3243,19,18.0,13.238653
3243,20,17.1,12.599081
3243,21,16.2,12.04121
3243,22,15.3,11.640065
3243,23,14.6,11.346516
3243,24,14.1,11.242139
3271,1,21.2,17.499086
3271,2,20.9,17.202417
3271,3,20.3,16.781965
3271,4,18.0,16.146828
3271,5,17.3,15.539929
3271,6,17.2,14.95691
3271,7,16.9,14.416054
3271,8,16.7,14.103737
3271,9,16.8,13.903442
3271,10,17.0,13.696051
3271,11,16.0,13.628361
3271,12,15.4,13.543553
3271,13,14.8,13.487841
3271,14,14.4,13.375218
3271,15,13.8,13.508873
3271,16,13.2,13.837973
3271,17,13.0,14.292127
3271,18,14.5,14.811527
3271,19,16.1,15.304914
3271,20,17.2,15.880205
3271,21,18.0,16.436348
3271,22,18.2,16.921677
3271,23,18.2,17.249086
3271,24,18.1,17.403503
3340,1,0.6,-1.0325241
3340,2,1.3,-0.048315406
3340,3,3.2,1.5845721
3340,4,4.0,3.5420628
3340,5,4.5,5.4430857
3340,6,5.9,7.1283083
3340,7,6.3,8.3968725
3340,8,7.2,9.137002
3340,9,7.8,9.381632
3340,10,8.2,9.073607
3340,11,7.8,8.459512
3340,12,7.2,7.645789
3340,13,6.2,6.672808
3340,14,7.1,5.8738985
3340,15,7.1,5.2593145
3340,16,7.0,4.8527493
3340,17,6.6,4.5361624
3340,18,6.3,4.201674
3340,19,5.4,3.9541645
3340,20,5.4,3.6928287
3340,21,5.5,3.378805
3340,22,5.6,2.9770994
3340,23,5.8,2.6100097
3340,24,5.8,2.441224
3451,1,8.6,5.728073
3451,2,8.6,5.5451727
3451,3,8.7,5.615785
3451,4,9.8,6.0366526
3451,5,10.0,6.8422766
3451,6,10.4,7.9992533
3451,7,10.9,9.407558
3451,8,10.7,10.8664665
3451,9,12.7,12.165662
3451,10,13.4,13.085817
3451,11,14.9,13.586847
3451,12,15.4,13.689179
3451,13,15.2,13.284317
3451,14,14.4,12.62494
3451,15,14.1,11.832471
3451,16,14.2,10.954004
3451,17,14.3,10.188524
3451,18,14.7,9.524288
3451,19,15.0,8.935965
3451,20,15.0,8.454325
3451,21,15.3,8.01379
3451,22,15.1,7.5913305
3451,23,12.2,7.074407
3451,24,11.0,6.5889854
3880,1,12.5,10.244899
3880,2,12.1,8.794259
3880,3,11.1,7.612821
3880,4,11.1,6.646368
3880,5,11.3,5.9336586
3880,6,10.9,5.3853893
3880,7,8.6,4.8461494
3880,8,8.7,4.351131
3880,9,8.0,3.798572
3880,10,8.0,3.2111692
3880,11,7.9,2.916092
3880,12,7.7,3.0437913
3880,13,7.2,3.805684
3880,14,7.3,4.886372
3880,15,9.7,6.6305685
3880,16,12.8,8.856498
3880,17,16.0,11.117182
3880,18,18.4,13.107595
3880,19,20.5,14.557859
3880,20,21.0,15.424276
3880,21,20.0,15.669344
3880,22,19.5,15.191991
3880,23,18.8,14.342169
3880,24,17.1,13.118667
3886,1,20.5,16.89063
3886,2,21.0,17.34927
3886,3,20.0,17.526709
3886,4,19.5,17.250778
3886,5,18.8,16.739717
3886,6,17.1,16.023947
3886,7,15.9,15.102987
3886,8,15.2,14.351208
3886,9,14.8,13.710085
3886,10,14.3,13.098014
3886,11,13.8,12.7206545
3886,12,13.6,12.348009
3886,13,13.7,11.967716
3886,14,13.6,11.481192
3886,15,13.7,11.131163
3886,16,13.5,10.871073
3886,17,13.5,10.704587
3886,18,13.8,10.651208
3886,19,14.2,10.787914
3886,20,14.6,11.25597
3886,21,14.9,12.051504
3886,22,16.4,13.143183
3886,23,16.4,14.2883625
3886,24,16.7,15.3681755
3986,1,-0.2,-1.3680384
3986,2,-0.3,-1.8413506
3986,3,-1.1,-2.1982374
3986,4,-2.1,-2.5081851
3986,5,-2.8,-2.6423182
3986,6,-3.1,-2.607004
3986,7,-3.1,-2.2627528
3986,8,-3.0,-1.5828829
3986,9,-2.6,-0.57671857
3986,10,-2.0,0.7234224
3986,11,-1.0,2.1721473
3986,12,0.4,3.552483
3986,13,1.8,4.680333
3986,14,2.5,5.4049797
3986,15,2.3,5.765933
3986,16,2.2,5.7258306
3986,17,1.8,5.3903112
3986,18,0.6,4.7855887
3986,19,-0.2,3.9321108
3986,20,-1.0,3.165069
3986,21,-1.7,2.3380837
3986,22,-2.1,1.6096504
3986,23,-2.6,0.95735884
3986,24,-3.0,0.33683646
4159,1,4.6,3.2335517
4159,2,4.3,2.499681
4159,3,3.5,1.8076801
4159,4,2.0,0.9424541
4159,5,1.8,0.15677428
4159,6,1.8,-0.5051294
4159,7,1.3,-0.9555885
4159,8,1.2,-1.2264454
4159,9,0.7,-1.3881053
4159,10,0.0,-1.5317765
4159,11,-0.5,-1.5241368
4159,12,-0.7,-1.59827
4159,13,-0.5,-1.6683373
4159,14,-0.2,-1.7175218
4159,15,-0.4,-1.5469651
4159,16,-1.5,-1.1997358
4159,17,-0.5,-0.5504054
4159,18,0.9,0.1575836
4159,19,2.2,1.0828451
4159,20,3.5,2.1321313
4159,21,4.6,3.0525162
4159,22,5.7,3.734352
4159,23,6.7,4.173378
4159,24,7.1,4.177918
4682,1,22.7,18.08328
4682,2,20.7,17.512012
4682,3,19.0,17.172987
4682,4,19.7,17.102238
4682,5,19.6,17.3165
4682,6,19.8,17.935957
4682,7,21.9,19.018454
4682,8,23.5,20.451221
4682,9,25.5,22.12489
4682,10,27.2,23.848642
4682,11,28.8,25.41876
4682,12,29.6,26.646603
4682,13,22.0,27.302309
4682,14,23.2,27.394224
4682,15,25.9,27.182587
4682,16,28.0,26.532291
4682,17,28.4,25.68143
4682,18,26.3,24.570757
4682,19,23.3,23.24605
4682,20,22.4,22.119461
4682,21,22.4,21.088968
4682,22,22.3,20.277515
4682,23,21.9,19.536892
4682,24,21.7,18.853579
4889,1,23.3,18.392628
4889,2,22.6,17.774633
4889,3,22.1,17.30894
4889,4,21.7,16.835052
4889,5,21.6,16.341415
4889,6,21.3,15.898395
4889,7,21.0,15.602365
4889,8,20.5,15.585278
4889,9,20.3,15.989793
4889,10,19.9,16.845179
4889,11,19.9,18.027407
4889,12,20.2,19.439781
4889,13,20.2,20.926554
4889,14,20.3,22.220598
4889,15,20.6,23.436502
4889,16,20.8,24.334564
4889,17,21.0,24.77839
4889,18,21.4,24.750807
4889,19,21.6,24.215742
4889,20,22.2,23.539762
4889,21,21.5,22.649694
4889,22,20.6,21.639252
4889,23,21.0,20.685486
4889,24,21.0,19.812239
5291,1,19.6,16.29468
5291,2,18.9,15.7744055
5291,3,18.4,15.351182
5291,4,18.3,14.891856
5291,5,18.1,14.4503975
5291,6,17.5,14.199178
5291,7,17.5,14.3215685
5291,8,17.4,14.84554
5291,9,18.4,15.852788
5291,10,20.6,17.24141
5291,11,23.0,18.842352
5291,12,25.4,20.37538
5291,13,27.5,21.609129
5291,14,29.2,22.40562
5291,15,29.1,22.902746
5291,16,29.0,22.849083
5291,17,28.0,22.417822
5291,18,27.3,21.533836
5291,19,26.7,20.244583
5291,20,23.7,19.108547
5291,21,24.5,17.963606
5291,22,23.8,16.962404
5291,23,22.9,16.182236
5291,24,22.4,15.554646
5340,1,10.5,6.634753
5340,2,10.1,5.790265
5340,3,9.6,5.5625596
5340,4,9.2,6.120677
5340,5,6.8,7.2826467
5340,6,8.5,9.209226
5340,7,12.0,11.764164
5340,8,15.5,14.4576235
5340,9,18.5,17.022814
5340,10,20.7,19.187357
5340,11,22.3,20.697264
5340,12,23.1,21.5363
5340,13,23.6,21.482988
5340,14,23.5,20.78985
5340,15,21.7,19.764084
5340,16,19.3,18.351706
5340,17,19.6,17.009623
5340,18,19.2,15.571494
5340,19,18.6,14.242485
5340,20,18.3,13.15624
5340,21,17.8,12.258665
5340,22,17.4,11.517532
5340,23,17.1,10.705857
5340,24,16.8,9.743348
5829,1,1.5,-1.2723765
5829,2,0.7,-0.85867953
5829,3,0.8,0.075188994
5829,4,2.9,1.3681782
5829,5,5.6,2.7547848
5829,6,7.9,4.170018
5829,7,9.6,5.4735622
5829,8,10.6,6.462667
5829,9,11.1,7.099601
5829,10,11.2,7.279459
5829,11,10.9,7.126827
5829,12,10.1,6.7082014
5829,13,7.6,6.030661
5829,14,8.0,5.3858
5829,15,6.6,4.8283978
5829,16,5.6,4.3533697
5829,17,4.9,3.9839158
5829,18,4.1,3.5990944
5829,19,3.7,3.2912438
5829,20,3.0,2.9924207
5829,21,2.3,2.6659236
5829,22,1.6,2.2548606
5829,23,1.0,1.8429327
5829,24,0.4,1.5107117
6008,1,9.6,7.782385
6008,2,10.0,7.347788
6008,3,10.0,6.965132
6008,4,9.8,6.365775
6008,5,8.9,5.7789397
6008,6,8.9,5.2275925
6008,7,8.8,4.735493
6008,8,8.9,4.4334936
6008,9,9.2,4.2883306
6008,10,9.4,4.251047
6008,11,9.5,4.3787627
6008,12,9.9,4.5049086
6008,13,10.3,4.6441116
6008,14,10.9,4.6878624
6008,15,11.7,4.8998814
6008,16,12.2,5.2692966
6008,17,11.4,5.8057847
6008,18,12.0,6.45385
6008,19,13.5,7.303584
6008,20,15.3,8.313864
6008,21,16.4,9.29842
6008,22,17.4,10.087291
6008,23,18.1,10.599416
6008,24,20.4,10.731959
6217,1,30.1,23.068703
6217,2,25.6,21.375444
6217,3,22.6,19.778936
6217,4,21.6,18.24752
6217,5,20.1,17.014585
6217,6,19.4,16.054708
6217,7,18.5,15.269954
6217,8,17.5,14.689438
6217,9,16.3,14.086908
6217,10,15.5,13.344092
6217,11,14.9,12.7997
6217,12,15.2,12.450063
6217,13,17.2,12.587717
6217,14,16.0,12.998164
6217,15,17.5,14.262325
6217,16,20.8,16.23741
6217,17,24.3,18.563036
6217,18,27.8,20.841679
6217,19,30.5,22.795666
6217,20,31.8,24.34241
6217,21,32.1,25.32248
6217,22,32.2,25.59451
6217,23,32.0,25.308195
6217,24,31.5,24.438879
6340,1,17.8,14.030762
6340,2,17.8,13.644417
6340,3,17.9,13.488841
6340,4,17.6,13.576946
6340,5,17.5,13.987369
6340,6,17.8,14.785167
6340,7,18.0,15.997974
6340,8,18.4,17.445082
6340,9,19.2,18.935894
6340,10,19.4,20.208101
6340,11,21.0,21.204542
6340,12,21.9,21.73553
6340,13,23.4,21.670692
6340,14,23.9,21.181578
6340,15,23.6,20.532478
6340,16,22.8,19.662796
6340,17,19.9,18.858206
6340,18,19.5,17.998499
6340,19,19.2,17.101936
6340,20,18.5,16.444252
6340,21,18.2,15.854908
6340,22,18.1,15.382364
6340,23,17.7,14.8933935
6340,24,17.4,14.409562
6422,1,11.5,8.620945
6422,2,14.0,10.2184305
6422,3,15.9,12.063717
6422,4,17.5,13.888403
6422,5,18.3,15.495785
6422,6,19.0,16.62853
6422,7,19.4,17.08581
6422,8,19.6,17.10924
6422,9,19.2,16.706577
6422,10,17.6,15.838783
6422,11,15.5,14.849708
6422,12,13.7,13.812375
6422,13,12.5,12.733397
6422,14,11.6,11.83976
6422,15,11.1,11.104266
6422,16,10.8,10.615487
6422,17,10.4,10.121754
6422,18,9.8,9.707935
6422,19,8.9,9.350006
6422,20,8.1,9.038741
6422,21,7.3,8.824394
6422,22,6.9,8.783812
6422,23,7.4,8.87316
6422,24,10.9,9.37695
6577,1,27.1,21.845964
6577,2,24.7,20.814775
6577,3,24.2,19.962711
6577,4,23.9,19.128563
6577,5,23.1,18.421385
6577,6,22.3,17.855827
6577,7,21.7,17.415445
6577,8,21.3,17.175257
6577,9,21.5,17.054169
6577,10,21.7,16.976759
6577,11,21.9,17.152336
6577,12,21.9,17.470194
6577,13,21.9,18.030788
6577,14,22.5,18.620825
6577,15,23.7,19.660557
6577,16,24.9,20.944233
6577,17,26.6,22.272436
6577,18,27.8,23.377104
6577,19,27.5,24.142172
6577,20,29.0,24.720764
6577,21,28.9,24.971289
6577,22,29.5,24.838018
6577,23,29.2,24.457087
6577,24,29.3,23.77635
6591,1,28.1,24.078175
6591,2,28.7,24.892784
6591,3,28.5,25.550413
6591,4,29.6,25.712034
6591,5,30.6,25.491352
6591,6,30.4,24.898556
6591,7,28.9,23.941807
6591,8,26.5,23.070757
6591,9,25.6,22.292852
6591,10,24.3,21.53915
6591,11,24.0,21.123173
6591,12,23.5,20.734077
6591,13,22.9,20.358805
6591,14,22.4,19.885332
6591,15,22.0,19.612339
6591,16,21.8,19.415955
6591,17,21.5,19.23827
6591,18,21.5,19.02684
6591,19,21.8,18.902386
6591,20,22.6,19.142254
6591,21,23.1,19.718878
6591,22,23.9,20.679266
6591,23,25.0,21.802496
6591,24,27.5,22.975294
6716,1,23.4,18.119886
6716,2,23.2,17.331907
6716,3,22.7,17.143074
6716,4,22.3,17.585693
6716,5,22.6,18.537567
6716,6,24.6,20.180103
6716,7,26.7,22.454975
6716,8,28.9,24.905228
6716,9,31.0,27.32178
6716,10,32.8,29.370874
6716,11,34.6,30.848974
6716,12,36.0,31.625385
6716,13,36.8,31.473804
6716,14,37.3,30.726383
6716,15,37.1,29.720875
6716,16,36.0,28.318209
6716,17,31.5,27.005972
6716,18,29.8,25.531326
6716,19,28.3,24.103788
6716,20,26.9,22.98244
6716,21,25.9,21.989687
6716,22,24.9,21.151432
6716,23,24.2,20.285772
6716,24,23.9,19.35222
7131,1,23.3,19.718817
7131,2,23.2,19.332262
7131,3,23.1,19.08113
7131,4,22.9,18.865515
7131,5,23.0,18.743427
7131,6,23.4,18.788233
7131,7,23.5,19.102194
7131,8,23.9,19.719566
7131,9,24.0,20.647072
7131,10,24.2,21.761465
7131,11,24.1,22.95412
7131,12,24.1,24.033743
7131,13,24.6,24.827099
7131,14,25.1,25.274555
7131,15,24.3,25.561533
7131,16,24.0,25.513702
7131,17,23.9,25.206089
7131,18,24.2,24.59965
7131,19,23.8,23.671076
7131,20,24.4,22.836826
7131,21,24.0,21.965893
7131,22,24.0,21.1729
7131,23,24.0,20.465029
7131,24,24.0,19.87517
7257,1,33.0,27.120749
7257,2,30.4,26.21004
7257,3,29.3,25.425585
7257,4,28.4,24.590162
7257,5,27.9,23.858738
7257,6,27.3,23.21193
7257,7,26.8,22.625628
7257,8,26.3,22.22187
7257,9,25.9,21.881481
7257,10,25.6,21.487545
7257,11,25.4,21.350883
7257,12,25.4,21.328459
7257,13,25.4,21.567316
7257,14,25.8,21.899637
7257,15,27.0,22.804861
7257,16,28.5,24.08582
7257,17,29.9,25.504848
7257,18,31.1,26.746696
7257,19,32.5,27.654007
7257,20,33.5,28.38436
7257,21,34.5,28.773186
7257,22,35.0,28.799799
7257,23,35.2,28.560274
7257,24,34.4,28.042065
7308,1,25.9,20.64443
7308,2,25.6,20.148966
7308,3,25.2,20.035812
7308,4,25.2,20.363039
7308,5,26.0,21.08482
7308,6,26.7,22.281633
7308,7,28.6,23.909853
7308,8,30.2,25.74351
7308,9,31.7,27.571486
7308,10,32.5,29.124096
7308,11,33.2,30.291609
7308,12,34.3,30.945353
7308,13,29.2,30.918491
7308,14,29.1,30.38753
7308,15,30.1,29.698706
7308,16,30.2,28.744925
7308,17,29.9,27.7908
7308,18,28.8,26.70444
7308,19,27.9,25.533384
7308,20,27.1,24.579525
7308,21,26.7,23.747787
7308,22,26.3,23.101683
7308,23,25.9,22.443897
7308,24,25.6,21.786705
8437,1,0.9,-1.947603
8437,2,0.5,-1.5910797
8437,3,0.9,-0.61677384
8437,4,2.3,0.8389195
8437,5,4.2,2.4446218
8437,6,6.2,4.1427903
8437,7,7.9,5.740026
8437,8,10.0,6.976553
8437,9,11.2,7.789762
8437,10,12.0,8.072226
8437,11,12.2,7.932721
8437,12,11.6,7.4839096
8437,13,10.6,6.7275224
8437,14,10.7,5.9774947
8437,15,10.3,5.313611
8437,16,9.9,4.73266
8437,17,9.4,4.2763286
8437,18,9.1,3.8112507
8437,19,8.1,3.4673758
8437,20,7.7,3.1325955
8437,21,7.2,2.803901
8437,22,6.9,2.3954713
8437,23,6.9,1.9646255
8437,24,6.7,1.5698601
9197,1,13.9,11.165103
9197,2,13.5,12.087138
9197,3,15.5,13.952359
9197,4,18.2,16.408455
9197,5,21.2,18.966743
9197,6,24.2,21.525826
9197,7,27.5,23.795986
9197,8,29.2,25.473986
9197,9,30.2,26.531729
9197,10,30.6,26.770544
9197,11,30.6,26.39727
9197,12,30.1,25.519623
9197,13,29.5,24.07625
9197,14,26.9,22.647697
9197,15,25.4,21.335024
9197,16,23.5,20.12134
9197,17,21.7,19.100542
9197,18,20.1,18.029757
9197,19,18.8,17.157244
9197,20,18.2,16.419361
9197,21,17.9,15.694153
9197,22,17.7,14.98898
9197,23,17.4,14.314437
9197,24,17.1,13.896589
9542,1,16.6,12.908013
9542,2,18.3,14.29009
9542,3,19.8,15.795637
9542,4,20.9,17.163702
9542,5,21.8,18.282673
9542,6,22.4,18.99709
9542,7,22.5,19.160645
9542,8,22.5,19.052637
9542,9,22.0,18.670404
9542,10,21.9,17.961006
9542,11,19.6,17.204725
9542,12,18.3,16.371502
9542,13,17.3,15.437754
9542,14,16.5,14.55563
9542,15,15.8,13.788147
9542,16,14.1,13.179571
9542,17,12.9,12.587886
9542,18,12.3,12.086178
9542,19,12.2,11.740713
9542,20,11.8,11.58733
9542,21,11.9,11.672771
9542,22,12.4,12.041813
9542,23,14.0,12.541042
9542,24,17.0,13.320597
9928,1,29.7,25.554125
9928,2,30.7,25.318508
9928,3,29.6,25.020433
9928,4,30.4,24.429024
9928,5,29.2,23.80301
9928,6,28.2,23.121714
9928,7,25.5,22.41648
9928,8,23.3,21.923727
9928,9,23.5,21.598768
9928,10,24.0,21.331673
9928,11,24.7,21.205572
9928,12,24.3,21.063221
9928,13,24.0,20.934958
9928,14,23.8,20.781137
9928,15,23.4,20.930061
9928,16,23.3,21.349545
9928,17,23.9,21.912395
9928,18,25.4,22.58889
9928,19,25.4,23.331808
9928,20,24.6,24.187212
9928,21,27.5,24.976498
9928,22,29.0,25.63042
9928,23,30.2,26.0129
9928,24,30.2,26.183924
9977,1,32.0,28.27031
9977,2,31.1,26.99156
9977,3,29.6,25.910818
9977,4,28.3,24.84677
9977,5,27.5,23.929764
9977,6,26.7,23.156279
9977,7,25.8,22.471092
9977,8,25.5,21.96191
9977,9,25.4,21.50001
9977,10,25.2,20.97994
9977,11,24.8,20.772385
9977,12,24.6,20.7595
9977,13,25.4,21.137434
9977,14,25.9,21.680202
9977,15,27.5,22.932953
9977,16,28.9,24.64282
9977,17,30.6,26.516314
9977,18,32.5,28.13041
9977,19,33.3,29.313326
9977,20,34.5,30.206795
9977,21,35.6,30.638565
9977,22,35.1,30.572165
9977,23,34.8,30.18185
9977,24,34.5,29.415562
10048,1,11.2,7.7931814
10048,2,12.0,7.611801
10048,3,12.4,7.212483
10048,4,11.7,6.4496546
10048,5,9.5,5.6241336
10048,6,7.8,4.7971354
10048,7,6.7,4.0193963
10048,8,6.2,3.4547439
10048,9,5.7,3.0827155
10048,10,5.0,2.83146
10048,11,4.5,2.6205997
10048,12,4.0,2.3378372
10048,13,3.5,1.98982
10048,14,2.9,1.5997709
10048,15,3.0,1.3281981
10048,16,2.9,1.2509905
10048,17,2.6,1.4145621
10048,18,2.5,1.9060595
10048,19,4.0,2.825963
10048,20,5.7,3.9984865
10048,21,8.7,5.3055787
10048,22,10.3,6.5493174
10048,23,11.3,7.520482
10048,24,12.0,8.142787
10591,1,-10.5,-6.8346605
10591,2,-8.5,-6.618801
10591,3,-7.0,-5.792446
10591,4,-5.9,-5.0948763
10591,5,-5.5,-4.7082996
10591,6,-5.3,-4.729246
10591,7,-6.4,-4.9374213
10591,8,-6.7,-5.4346213
10591,9,-6.9,-6.054572
10591,10,-7.2,-6.704104
10591,11,-7.1,-6.868335
10591,12,-7.6,-7.0389476
10591,13,-7.4,-7.0088725
10591,14,-6.4,-6.685687
10591,15,-4.8,-6.1472654
10591,16,-4.1,-5.520925
10591,17,-3.5,-4.7458706
10591,18,-2.7,-4.434905
10591,19,-2.2,-4.0378704
10591,20,-1.5,-3.5366483
10591,21,-0.9,-3.443019
10591,22,-0.7,-3.587873
10591,23,-0.9,-3.6256647
10591,24,-0.9,-3.8547432
10795,1,-2.9,-1.4739685
10795,2,-2.8,-2.001553
10795,3,-2.9,-2.3924575
10795,4,-3.2,-2.7575858
10795,5,-3.0,-3.0986354
10795,6,-2.4,-3.4524217
10795,7,-1.9,-3.707922
10795,8,-1.5,-3.780369
10795,9,-1.5,-3.5206017
10795,10,-1.1,-2.799343
10795,11,0.6,-1.7727146
10795,12,2.8,-0.4805981
10795,13,4.8,0.95722526
10795,14,6.0,2.3104715
10795,15,6.7,3.4637532
10795,16,6.0,4.3401103
10795,17,5.2,4.7880297
10795,18,5.1,4.8633375
10795,19,4.1,4.600997
10795,20,3.4,4.1340375
10795,21,3.1,3.4049854
10795,22,3.5,2.5307088
10795,23,3.3,1.6786115
10795,24,4.3,0.84242654
11179,1,3.3,1.2336831
11179,2,2.3,1.1509753
11179,3,0.4,0.9740207
11179,4,-0.6,0.6665174
11179,5,-1.1,0.29985163
11179,6,-2.0,-0.1625461
11179,7,-3.3,-0.60487276
11179,8,-4.7,-0.8935941
11179,9,-4.9,-0.9396697
11179,10,-4.1,-0.7198156
11179,11,-1.1,-0.2243731
11179,12,0.2,0.4430201
11179,13,1.6,1.1913196
11179,14,3.2,1.9405501
11179,15,4.4,2.5258493
11179,16,4.7,2.8500276
11179,17,4.9,2.8519616
11179,18,4.2,2.5477986
11179,19,3.5,1.9153793
11179,20,3.1,1.1962968
11179,21,1.7,0.3557129
11179,22,0.1,-0.411793
11179,23,1.0,-0.95469487
11179,24,0.1,-1.2737706
11297,1,7.3,4.7492037
11297,2,6.5,3.893163
11297,3,5.4,3.015913
11297,4,4.5,1.9929788
11297,5,4.6,1.1400621
11297,6,3.9,0.42937338
11297,7,3.5,-0.102987826
11297,8,3.0,-0.42649323
11297,9,2.5,-0.7039207
11297,10,2.1,-1.042768
11297,11,1.6,-1.2164536
11297,12,1.5,-1.4223071
11297,13,1.2,-1.5251553
11297,14,1.0,-1.5749134
11297,15,0.9,-1.2930756
11297,16,2.3,-0.6926198
11297,17,5.0,0.23602974
11297,18,8.0,1.2508973
11297,19,10.8,2.3586352
11297,20,12.9,3.4879012
11297,21,14.1,4.422914
11297,22,14.9,5.088073
11297,23,15.0,5.4549437
11297,24,14.6,5.3833737
11657,1,10.8,10.336267
11657,2,10.6,9.681526
11657,3,10.2,9.203969
11657,4,9.9,8.772759
11657,5,9.7,8.463211
11657,6,9.6,8.187477
11657,7,9.5,7.8717136
11657,8,9.7,7.612214
11657,9,9.8,7.3608804
11657,10,9.9,7.1076326
11657,11,10.2,7.054684
11657,12,10.7,7.232905
11657,13,11.5,7.727013
11657,14,12.6,8.359228
11657,15,13.9,9.34497
11657,16,16.1,10.58033
11657,17,14.0,11.796212
11657,18,14.1,12.877746
11657,19,14.7,13.655169
11657,20,15.0,14.1555
11657,21,16.0,14.305653
11657,22,18.2,14.023395
11657,23,20.0,13.512075
11657,24,20.3,12.826952
11906,1,27.2,21.62591
11906,2,26.0,20.891125
11906,3,25.3,20.263369
11906,4,25.0,19.674452
11906,5,24.3,19.077433
11906,6,23.3,18.510712
11906,7,22.8,17.998623
11906,8,22.0,17.681316
11906,9,21.2,17.69037
11906,10,20.5,18.070673
11906,11,20.4,18.763493
11906,12,21.6,19.80978
11906,13,23.0,21.127274
11906,14,23.4,22.46336
11906,15,23.6,23.917255
11906,16,24.0,25.233135
11906,17,24.6,26.122675
11906,18,23.7,26.545986
11906,19,23.2,26.37432
11906,20,23.3,25.863249
11906,21,23.0,25.024755
11906,22,20.3,23.941975
11906,23,18.9,22.863916
11906,24,17.4,21.875072
11909,1,20.5,17.558792
11909,2,20.4,18.248245
11909,3,21.6,19.430212
11909,4,23.0,20.858788
11909,5,23.4,22.32582
11909,6,23.6,23.779707
11909,7,24.0,25.10229
11909,8,24.6,26.13606
11909,9,23.7,26.866676
11909,10,23.2,27.064737
11909,11,23.3,26.872303
11909,12,23.0,26.278732
11909,13,20.3,25.207136
11909,14,18.9,24.141386
11909,15,17.4,23.145107
11909,16,17.3,22.158617
11909,17,18.8,21.291391
11909,18,18.5,20.382185
11909,19,17.4,19.531181
11909,20,17.1,18.82936
11909,21,17.5,18.124058
11909,22,17.5,17.479712
11909,23,18.1,16.919895
11909,24,18.6,16.675205
11958,1,22.0,17.943592
11958,2,24.3,19.546024
11958,3,25.7,21.411747
11958,4,26.7,23.202007
11958,5,27.2,24.698065
11958,6,27.6,25.713188
11958,7,27.4,26.118483
11958,8,27.3,26.108984
11958,9,26.6,25.749844
11958,10,25.9,24.9181
11958,11,25.2,23.982084
11958,12,24.0,22.919025
11958,13,22.2,21.722572
11958,14,21.9,20.735594
11958,15,20.9,19.94937
11958,16,19.9,19.331745
11958,17,18.8,18.699423
11958,18,17.7,18.007154
11958,19,16.9,17.234537
11958,20,15.9,16.55606
11958,21,15.0,15.93199
11958,22,14.6,15.52989
11958,23,14.8,15.390589
11958,24,15.0,15.810552
12015,1,26.1,20.93885
12015,2,28.3,21.75031
12015,3,29.6,22.439568
12015,4,30.9,22.715944
12015,5,31.0,22.641388
12015,6,30.1,22.191067
12015,7,29.0,21.359856
12015,8,28.2,20.55373
12015,9,27.8,19.811356
12015,10,26.5,19.092707
12015,11,26.0,18.665005
12015,12,24.9,18.319767
12015,13,24.3,18.0452
12015,14,24.1,17.755655
12015,15,23.6,17.650331
12015,16,23.2,17.622866
12015,17,22.8,17.545614
12015,18,22.3,17.418278
12015,19,21.8,17.296911
12015,20,21.6,17.40615
12015,21,20.6,17.748453
12015,22,20.6,18.367115
12015,23,22.1,19.13805
12015,24,22.8,20.031351
13995,1,-3.4,-3.6861374
13995,2,-4.3,-4.216407
13995,3,-5.9,-4.4264703
13995,4,-5.2,-4.6003714
13995,5,-3.6,-4.855013
13995,6,-3.3,-5.1264186
13995,7,-3.4,-5.2196255
13995,8,-3.7,-5.284776
13995,9,-4.1,-5.1143985
13995,10,-3.8,-4.6316376
13995,11,-2.9,-3.868271
13995,12,-2.0,-2.996019
13995,13,-0.3,-2.0372803
13995,14,0.9,-1.000919
13995,15,1.1,-0.04891491
13995,16,0.8,0.63626015
13995,17,0.8,1.1053153
13995,18,0.9,1.1222514
13995,19,0.8,0.9511544
13995,20,0.6,0.6722211
13995,21,0.5,0.06205523
13995,22,0.8,-0.802096
13995,23,0.8,-1.5712861
13995,24,0.7,-2.3998682
14030,1,-2.5,-1.8008883
14030,2,-1.4,-0.5812274
14030,3,0.2,1.0064772
14030,4,1.2,2.712192
14030,5,1.9,4.318578
14030,6,2.5,5.5719748
14030,7,3.7,6.320893
14030,8,3.9,6.6349335
14030,9,3.7,6.511869
14030,10,3.4,5.9060707
14030,11,2.1,5.1129575
14030,12,0.7,4.1968207
14030,13,0.1,3.2162452
14030,14,-0.8,2.4392672
14030,15,-1.9,1.8270779
14030,16,-2.9,1.4867804
14030,17,-3.7,1.1984284
14030,18,-4.6,0.96757674
14030,19,-4.2,0.7567751
14030,20,-5.0,0.5204867
14030,21,-6.1,0.24151504
14030,22,-6.8,-0.013403654
14030,23,-7.2,-0.19685912
14030,24,-8.9,-0.0770421
14673,1,30.4,23.426905
14673,2,28.9,22.343752
14673,3,27.6,21.037254
14673,4,26.2,19.577108
14673,5,25.1,18.30675
14673,6,24.0,17.226738
14673,7,22.4,16.2909
14673,8,21.0,15.622617
14673,9,20.4,15.024769
14673,10,18.8,14.345572
14673,11,17.3,13.742432
14673,12,16.6,13.214986
14673,13,16.1,12.941622
14673,14,15.5,12.856036
14673,15,16.1,13.352804
14673,16,17.3,14.394389
14673,17,18.5,15.759514
14673,18,19.7,17.30112
14673,19,20.4,18.78398
14673,20,20.2,20.093224
14673,21,19.7,21.132076
14673,22,19.7,21.772577
14673,23,19.2,21.975111
14673,24,19.9,21.778835
14775,1,8.3,8.481133
14775,2,8.2,8.516018
14775,3,8.5,8.543066
14775,4,8.1,8.338623
14775,5,8.2,8.11147
14775,6,8.9,7.814915
14775,7,9.0,7.4548116
14775,8,9.3,7.2441435
14775,9,9.6,7.135372
14775,10,9.5,7.0747204
14775,11,8.8,7.1993833
14775,12,8.1,7.3446145
14775,13,7.7,7.4776487
14775,14,7.4,7.4924293
14775,15,7.4,7.571225
14775,16,5.8,7.7014613
14775,17,5.7,7.8732843
14775,18,5.4,8.101408
14775,19,5.4,8.40056
14775,20,6.2,8.855965
14775,21,7.9,9.350658
14775,22,10.9,9.813643
14775,23,13.5,10.170629
14775,24,16.1,10.405566
15658,1,5.7,2.9622388
15658,2,5.0,2.6754203
15658,3,3.8,2.3044295
15658,4,3.3,1.7386861
15658,5,3.4,1.2485226
15658,6,3.7,0.78549415
15658,7,3.6,0.39842927
15658,8,3.7,0.23885342
15658,9,3.6,0.16557342
15658,10,3.6,0.08443424
15658,11,3.7,0.1792652
15658,12,3.7,0.22084731
15658,13,3.7,0.26084083
15658,14,3.7,0.18489975
15658,15,3.8,0.2417475
15658,16,3.9,0.4385978
15658,17,4.6,0.7736924
15658,18,4.5,1.1679496
15658,19,3.5,1.5678835
15658,20,2.5,2.098775
15658,21,3.2,2.6265626
15658,22,3.2,3.1385312
15658,23,2.7,3.5425377
15658,24,2.2,3.7322195
15874,1,-1.2,-1.3857896
15874,2,-1.6,-2.2347724
15874,3,-2.7,-2.7275496
15874,4,-3.3,-3.3328412
15874,5,-3.5,-4.0009203
15874,6,-4.2,-4.5429525
15874,7,-4.9,-4.7440205
15874,8,-5.6,-4.85986
15874,9,-6.1,-4.8264976
15874,10,-6.5,-4.698988
15874,11,-6.9,-4.310248
15874,12,-7.1,-4.0912886
15874,13,-7.1,-3.9420834
15874,14,-7.1,-3.7804255
15874,15,-7.0,-3.4612982
15874,16,-6.8,-3.1813078
15874,17,-7.4,-2.5831103
15874,18,-6.6,-2.2059479
15874,19,-5.1,-1.526293
15874,20,-3.4,-0.59890544
15874,21,-1.5,0.15317595
15874,22,0.4,0.6266023
15874,23,2.0,0.9950183
15874,24,3.0,0.8255608
15956,1,-1.2,-2.3364336
15956,2,-1.2,-2.6762033
15956,3,-1.2,-2.75949
15956,4,-1.0,-2.8228288
15956,5,-0.9,-2.9721758
15956,6,-0.8,-3.2010503
15956,7,-0.8,-3.3807847
15956,8,-0.6,-3.613725
15956,9,-0.4,-3.7233047
15956,10,-0.4,-3.6532798
15956,11,-1.2,-3.3477147
15956,12,-0.8,-2.8947735
15956,13,-0.1,-2.2741914
15956,14,0.3,-1.4486467
15956,15,0.8,-0.58942044
15956,16,1.9,0.14105159
15956,17,2.2,0.7037456
15956,18,2.2,0.89688766
15956,19,2.7,0.87329113
15956,20,2.6,0.6725794
15956,21,2.3,0.13128436
15956,22,2.2,-0.6881069
15956,23,1.4,-1.4174098
15956,24,0.9,-2.131818
16789,1,10.3,7.742728
16789,2,10.3,7.4324036
16789,3,10.1,7.1896615
16789,4,10.1,7.0289755
16789,5,9.9,7.05588
16789,6,9.9,7.279984
16789,7,10.1,7.745025
16789,8,10.0,8.465309
16789,9,10.1,9.377987
16789,10,10.1,10.379779
16789,11,10.3,11.364724
16789,12,10.4,12.240695
16789,13,11.3,12.853582
16789,14,11.5,13.157989
16789,15,12.1,13.243754
16789,16,11.9,13.059614
16789,17,11.6,12.684215
16789,18,10.9,12.180041
16789,19,10.3,11.474571
16789,20,10.0,10.828093
16789,21,9.7,10.168661
16789,22,9.5,9.546849
16789,23,9.4,8.949415
16789,24,9.3,8.436875
17511,1,22.8,19.09597
17511,2,23.5,19.689325
17511,3,23.8,20.317528
17511,4,24.3,20.988167
17511,5,23.3,21.69086
17511,6,23.1,22.30732
17511,7,23.0,22.75976
17511,8,23.5,23.18381
17511,9,23.1,23.468437
17511,10,22.9,23.46149
17511,11,22.7,23.287256
17511,12,22.6,22.939478
17511,13,22.3,22.388086
17511,14,22.0,21.781973
17511,15,21.8,21.26737
17511,16,21.9,20.841316
17511,17,21.8,20.376411
17511,18,21.6,19.944244
17511,19,21.4,19.383963
17511,20,21.1,18.868479
17511,21,21.0,18.441042
17511,22,21.1,18.192503
17511,23,21.1,18.010044
17511,24,21.1,18.09831
18092,1,7.0,4.8751407
18092,2,6.9,4.3381186
18092,3,6.5,3.9751315
18092,4,6.4,3.681863
18092,5,6.0,3.4273942
18092,6,5.8,3.2003756
18092,7,5.6,3.0231888
18092,8,5.2,2.951562
18092,9,5.2,3.1285439
18092,10,5.5,3.6274152
18092,11,5.8,4.3286724
18092,12,6.4,5.3183694
18092,13,7.3,6.5023775
18092,14,8.7,7.7062845
18092,15,9.9,8.879548
18092,16,11.1,9.892417
18092,17,11.4,10.543841
18092,18,11.1,10.898854
18092,19,10.6,10.869322
18092,20,10.1,10.556286
18092,21,9.1,9.935547
18092,22,8.5,8.987781
18092,23,7.7,7.9906282
18092,24,7.5,7.038306
18116,1,7.7,5.2381954
18116,2,7.5,4.765195
18116,3,6.8,4.408118
18116,4,6.6,4.0955505
18116,5,6.3,3.8183916
18116,6,6.1,3.5620077
18116,7,5.3,3.3543782
18116,8,5.5,3.2529118
18116,9,5.9,3.381875
18116,10,6.6,3.7880201
18116,11,6.8,4.377117
18116,12,7.3,5.22811
18116,13,8.5,6.259475
18116,14,10.4,7.334482
18116,15,11.9,8.392525
18116,16,13.7,9.307739
18116,17,14.6,9.889401
18116,18,14.8,10.197732
18116,19,14.4,10.1140995
18116,20,13.4,9.75699
18116,21,11.8,9.105684
18116,22,10.8,8.159907
18116,23,10.3,7.195429
18116,24,9.6,6.318158
18158,1,8.5,5.9171762
18158,2,8.2,5.7087336
18158,3,8.0,5.6294665
18158,4,7.7,5.7156477
18158,5,7.5,6.1003737
18158,6,7.6,6.7730885
18158,7,7.8,7.72322
18158,8,7.9,8.835149
18158,9,7.6,9.931646
18158,10,7.2,10.796779
18158,11,7.1,11.427908
18158,12,7.0,11.725094
18158,13,7.0,11.58042
18158,14,6.9,11.156688
18158,15,6.6,10.585258
18158,16,6.6,9.870025
18158,17,6.4,9.224453
18158,18,5.8,8.61819
18158,19,5.0,7.99914
18158,20,4.4,7.5335245
18158,21,4.7,7.0973506
18158,22,4.8,6.7037635
18158,23,4.9,6.2821846
18158,24,4.9,5.9106236
18376,1,-10.3,-8.013702
18376,2,-9.0,-7.6123047
18376,3,-7.9,-6.8731856
18376,4,-5.6,-6.0943747
18376,5,-4.8,-5.342496
18376,6,-4.4,-4.889102
18376,7,-4.0,-4.590233
18376,8,-4.0,-4.467456
18376,9,-4.5,-4.5844903
18376,10,-4.0,-4.898551
18376,11,-4.4,-5.006277
18376,12,-4.7,-5.2499347
18376,13,-4.5,-5.465226
18376,14,-3.9,-5.5347595
18376,15,-3.4,-5.596594
18376,16,-2.2,-5.5524983
18376,17,-1.9,-5.447899
18376,18,-1.7,-5.595483
18376,19,-1.5,-5.732388
18376,20,-2.1,-5.824536
18376,21,-2.9,-6.2001376
18376,22,-3.5,-6.5412636
18376,23,-4.0,-6.7731576
18376,24,-3.7,-6.998598
18422,1,-4.4,-4.8427944
18422,2,-4.4,-5.093296
18422,3,-4.7,-5.1458836
18422,4,-5.3,-5.0759773
18422,5,-5.9,-4.807625
18422,6,-6.0,-4.436283
18422,7,-5.3,-3.8245802
18422,8,-4.7,-3.0946467
18422,9,-4.2,-2.3783684
18422,10,-3.9,-1.7594718
18422,11,-3.6,-1.1276624
18422,12,-3.5,-0.75922763
18422,13,-3.4,-0.63043857
18422,14,-3.8,-0.65972424
18422,15,-4.0,-0.82596004
18422,16,-3.7,-1.0905536
18422,17,-4.0,-1.3168889
18422,18,-4.3,-1.6875426
18422,19,-3.8,-2.0932198
18422,20,-4.2,-2.390811
18422,21,-4.2,-2.8209229
18422,22,-3.5,-3.2124023
18422,23,-3.9,-3.571495
18422,24,-3.6,-3.9998925
18442,1,-11.6,-12.397101
18442,2,-12.1,-12.72065
18442,3,-12.5,-13.038678
18442,4,-12.4,-13.541266
18442,5,-13.2,-13.836524
18442,6,-14.3,-14.430823
18442,7,-15.0,-14.936451
18442,8,-15.5,-15.139437
18442,9,-15.9,-15.474799
18442,10,-16.3,-15.80134
18442,11,-17.0,-15.482312
18442,12,-17.2,-15.387543
18442,13,-17.5,-15.160402
18442,14,-17.7,-15.062041
18442,15,-18.0,-15.094615
18442,16,-18.4,-14.857662
18442,17,-18.7,-14.380432
18442,18,-18.8,-14.131796
18442,19,-18.1,-13.658546
18442,20,-17.2,-12.894693
18442,21,-16.2,-12.479965
18442,22,-14.5,-11.7418375
18442,23,-13.9,-11.089811
18442,24,-13.4,-10.977536
18546,1,7.6,4.0449624
18546,2,7.2,3.8419414
18546,3,6.8,3.6438122
18546,4,6.1,3.2728488
18546,5,5.8,2.7841704
18546,6,5.2,2.302332
18546,7,4.6,1.8941164
18546,8,4.0,1.5710728
18546,9,3.5,1.348141
18546,10,3.4,1.1447172
18546,11,3.5,1.1019443
18546,12,3.4,1.0315027
18546,13,3.3,0.9826888
18546,14,3.2,0.9519245
18546,15,3.1,1.0959805
18546,16,3.3,1.2555363
18546,17,3.5,1.5253601
18546,18,3.5,1.7127737
18546,19,4.1,1.9335556
18546,20,4.6,2.280868
18546,21,5.0,2.6680946
18546,22,4.4,3.00127
18546,23,5.1,3.380176
18546,24,5.1,3.599332
18600,1,-8.5,-5.725691
18600,2,-8.4,-5.2329264
18600,3,-8.0,-4.2005563
18600,4,-6.4,-3.1792488
18600,5,-6.2,-2.426569
18600,6,-5.8,-1.9957957
18600,7,-5.8,-1.7562506
18600,8,-6.3,-1.8652899
18600,9,-7.1,-2.1669292
18600,10,-6.8,-2.6390004
18600,11,-7.5,-2.8894758
18600,12,-7.9,-3.2358918
18600,13,-8.3,-3.5541558
18600,14,-8.6,-3.6060185
18600,15,-8.6,-3.5278304
18600,16,-7.3,-3.4524426
18600,17,-7.6,-3.2783976
18600,18,-7.4,-3.475944
18600,19,-7.3,-3.6000729
18600,20,-7.3,-3.630869
18600,21,-7.3,-3.9013438
18600,22,-7.0,-4.2776623
18600,23,-7.1,-4.444209
18600,24,-7.1,-4.5875874
19137,1,3.5,5.9999056
19137,2,3.9,6.2404346
19137,3,4.1,6.365069
19137,4,4.4,6.2864323
19137,5,4.2,6.075154
19137,6,4.2,5.710465
19137,7,3.7,5.1923046
19137,8,3.9,4.7051144
19137,9,3.8,4.2486033
19137,10,3.6,3.784727
19137,11,4.0,3.4935336
19137,12,4.2,3.3020759
19137,13,5.2,3.2354538
19137,14,5.1,3.2522373
19137,15,4.9,3.4145954
19137,16,4.4,3.6470342
19137,17,4.2,3.851027
19137,18,4.0,4.011685
19137,19,2.9,4.0811486
19137,20,2.6,4.1557946
19137,21,2.6,4.2627306
19137,22,3.0,4.39961
19137,23,3.2,4.621671
19137,24,3.9,4.9099603
19357,1,0.9,-0.8035104
19357,2,0.6,-1.0856295
19357,3,0.2,-1.341833
19357,4,-0.3,-1.5393364
19357,5,-0.7,-1.4958375
19357,6,-1.2,-1.3291872
19357,7,-0.7,-0.9730069
19357,8,-0.4,-0.32923394
19357,9,0.0,0.4964605
19357,10,0.5,1.4477077
19357,11,0.9,2.4392366
19357,12,1.2,3.3543363
19357,13,1.6,4.0815964
19357,14,1.9,4.490426
19357,15,1.9,4.66442
19357,16,1.8,4.6753316
19357,17,1.4,4.4745455
19357,18,1.0,4.1951556
19357,19,1.1,3.6665356
19357,20,0.7,3.148382
19357,21,0.7,2.5531802
19357,22,1.0,2.0107493
19357,23,1.5,1.439944
19357,24,2.2,0.9214449
20349,1,10.7,9.231726
20349,2,10.1,8.433321
20349,3,9.2,7.847037
20349,4,8.6,7.4511423
20349,5,8.1,7.110521
20349,6,7.4,6.7520604
20349,7,7.1,6.270575
20349,8,6.8,5.789642
20349,9,6.7,5.489099
20349,10,6.7,5.544533
20349,11,4.2,5.8732715
20349,12,5.4,6.794677
20349,13,7.6,8.263105
20349,14,10.4,9.984143
20349,15,13.1,11.880897
20349,16,15.1,13.787313
20349,17,16.4,15.208541
20349,18,17.2,16.230724
20349,19,17.6,16.650824
20349,20,17.4,16.44022
20349,21,15.6,15.719412
20349,22,13.8,14.461021
20349,23,14.8,13.06204
20349,24,13.8,11.712709
20556,1,18.2,13.607426
20556,2,18.3,13.335859
20556,3,17.7,13.024623
20556,4,17.1,12.672109
20556,5,16.0,12.388885
20556,6,15.7,12.066128
20556,7,15.4,11.6531925
20556,8,15.0,11.316203
20556,9,14.3,10.979787
20556,10,14.0,10.59187
20556,11,13.8,10.346018
20556,12,13.7,10.279302
20556,13,14.1,10.467997
20556,14,11.8,10.808526
20556,15,11.9,11.4548
20556,16,13.3,12.339382
20556,17,15.6,13.174551
20556,18,17.6,13.9388075
20556,19,19.6,14.368139
20556,20,21.9,14.551506
20556,21,23.4,14.486689
20556,22,23.7,14.176329
20556,23,23.5,13.755522
20556,24,22.2,13.358819
20733,1,0.5,0.32818687
20733,2,0.2,-0.20992625
20733,3,0.1,-0.6486218
20733,4,-0.7,-0.9825468
20733,5,-0.9,-1.1369057
20733,6,-1.7,-1.3563881
20733,7,-1.6,-1.6935782
20733,8,-1.7,-1.9472024
20733,9,-2.0,-2.1016502
20733,10,-2.5,-2.0357022
20733,11,-2.7,-1.7436545
20733,12,-2.8,-1.0577294
20733,13,-2.4,0.026733756
20733,14,-1.7,1.2410876
20733,15,-1.2,2.5570073
20733,16,0.3,4.0150514
20733,17,0.8,5.136978
20733,18,2.2,6.0782976
20733,19,2.9,6.5344615
20733,20,3.1,6.518524
20733,21,2.7,6.0540147
20733,22,1.8,5.2175016
20733,23,1.9,4.1868057
20733,24,1.1,3.1698735
21097,1,0.3,-0.74637806
21097,2,1.9,0.001957178
21097,3,3.4,0.89044434
21097,4,4.7,1.7890202
21097,5,5.9,2.7498076
21097,6,6.9,3.4780896
21097,7,7.7,3.878652
21097,8,7.9,4.139211
21097,9,7.7,4.138838
21097,10,6.4,3.8199892
21097,11,6.9,3.4451203
21097,12,6.5,2.9867172
21097,13,5.7,2.4767084
21097,14,5.1,1.9953675
21097,15,5.2,1.5954628
21097,16,5.5,1.4404776
21097,17,5.6,1.3144614
21097,18,5.2,1.2973725
21097,19,4.5,1.2307899
21097,20,4.5,1.1578109
21097,21,4.3,1.0316684
21097,22,4.4,0.96695006
21097,23,4.4,0.8723714
21097,24,4.4,0.95859504
21304,1,8.2,4.0986834
21304,2,6.1,4.445969
21304,3,7.7,5.4123225
21304,4,9.6,6.8973494
21304,5,11.5,8.677325
21304,6,13.2,10.648615
21304,7,14.7,12.582939
21304,8,15.8,14.21214
21304,9,16.5,15.407617
21304,10,17.1,15.977696
21304,11,17.2,15.990388
21304,12,16.9,15.575641
21304,13,16.2,14.648916
21304,14,15.1,13.632919
21304,15,14.3,12.590611
21304,16,12.6,11.579805
21304,17,11.4,10.723909
21304,18,10.6,9.942764
21304,19,9.8,9.319096
21304,20,9.4,8.768173
21304,21,9.0,8.21266
21304,22,8.5,7.6138263
21304,23,8.2,6.939802
21304,24,8.0,6.3984814
21455,1,8.4,5.0102243
21455,2,7.9,4.480955
21455,3,7.6,4.5369835
21455,4,7.4,5.3669004
21455,5,8.2,6.7309027
21455,6,10.7,8.686851
21455,7,13.5,11.03939
21455,8,16.4,13.430147
21455,9,18.6,15.618417
21455,10,19.8,17.420961
21455,11,20.6,18.614042
21455,12,21.1,19.29749
21455,13,21.3,19.286379
21455,14,21.1,18.748165
21455,15,20.6,17.940838
21455,16,19.2,16.864422
21455,17,17.7,15.756168
21455,18,16.4,14.586188
21455,19,15.5,13.462051
21455,20,14.8,12.450964
21455,21,14.3,11.613695
21455,22,13.9,10.908556
21455,23,13.6,10.119787
21455,24,13.2,9.241721
21541,1,26.3,20.194893
21541,2,25.9,19.654709
21541,3,25.2,19.266134
21541,4,24.7,18.919582
21541,5,24.2,18.561918
21541,6,23.7,18.188408
21541,7,23.2,17.823067
21541,8,21.1,17.594297
21541,9,21.4,17.660849
21541,10,21.0,18.06769
21541,11,19.3,18.719778
21541,12,19.7,19.69246
21541,13,20.6,20.890154
21541,14,22.1,22.132948
21541,15,23.6,23.455126
21541,16,24.9,24.64399
21541,17,25.7,25.404316
21541,18,25.3,25.766977
21541,19,25.6,25.588203
21541,20,24.6,25.082296
21541,21,24.8,24.235933
21541,22,23.6,23.105333
21541,23,21.1,21.956476
21541,24,19.2,20.944891
21838,1,22.5,18.909655
21838,2,22.7,18.339455
21838,3,22.2,17.9345
21838,4,22.6,17.54255
21838,5,21.5,17.192436
21838,6,21.2,17.021236
21838,7,21.3,17.187172
21838,8,19.8,17.725586
21838,9,20.1,18.734009
21838,10,20.4,20.135206
21838,11,20.9,21.735777
21838,12,22.7,23.309746
21838,13,23.6,24.625608
21838,14,25.4,25.535152
21838,15,26.4,26.18111
21838,16,27.1,26.31945
21838,17,27.3,26.049387
21838,18,26.9,25.324232
21838,19,26.3,24.173458
21838,20,21.4,23.107422
21838,21,21.3,21.970434
21838,22,21.3,20.900034
21838,23,21.2,19.981203
21838,24,21.2,19.19614
22150,1,24.5,19.932087
22150,2,24.3,19.453548
22150,3,24.1,19.127855
22150,4,23.7,18.864256
22150,5,23.5,18.726547
22150,6,23.0,18.80502
22150,7,23.2,19.211279
22150,8,23.6,19.975304
22150,9,25.1,21.081858
22150,10,24.8,22.40414
22150,11,26.8,23.812496
22150,12,27.0,25.0773
22150,13,29.1,26.004251
22150,14,30.6,26.49202
22150,15,30.9,26.771372
22150,16,30.4,26.66402
22150,17,29.4,26.278776
22150,18,28.9,25.565716
22150,19,28.1,24.523834
22150,20,25.3,23.61391
22150,21,25.1,22.699255
22150,22,25.0,21.91096
22150,23,25.1,21.210743
22150,24,24.9,20.59624
22553,1,29.9,25.376856
22553,2,32.2,26.67174
22553,3,33.9,28.035833
22553,4,34.9,29.251493
22553,5,36.0,30.21862
22553,6,37.2,30.809883
22553,7,37.0,30.919094
22553,8,36.4,30.852262
22553,9,35.8,30.596483
22553,10,34.7,30.035456
22553,11,33.2,29.451433
22553,12,32.2,28.753767
22553,13,31.5,27.895441
22553,14,30.7,27.038025
22553,15,29.9,26.323723
22553,16,29.8,25.697735
22553,17,29.2,25.010063
22553,18,29.0,24.288692
22553,19,28.1,23.52957
22553,20,27.5,22.964079
22553,21,26.9,22.642895
22553,22,26.4,22.714746
22553,23,25.2,23.012812
22553,24,26.8,23.707172
23096,1,7.4,4.7409863
23096,2,7.0,5.4833956
23096,3,8.3,6.9048133
23096,4,10.2,8.839855
23096,5,12.3,10.950149
23096,6,14.1,13.074132
23096,7,16.0,14.933067
23096,8,17.0,16.340252
23096,9,17.5,17.211042
23096,10,17.6,17.409927
23096,11,17.5,17.076681
23096,12,16.7,16.394855
23096,13,15.5,15.320202
23096,14,14.8,14.25823
23096,15,14.1,13.2623205
23096,16,13.7,12.402566
23096,17,13.2,11.655197
23096,18,12.6,10.9725895
23096,19,10.2,10.43022
23096,20,9.5,9.910114
23096,21,8.9,9.396994
23096,22,8.5,8.855963
23096,23,7.4,8.269444
23096,24,6.1,7.880539
23106,1,19.0,15.637344
23106,2,20.7,16.657171
23106,3,21.2,17.56028
23106,4,21.4,17.856977
23106,5,21.1,17.693085
23106,6,19.7,17.081587
23106,7,18.1,16.001919
23106,8,16.8,14.938093
23106,9,15.9,13.914026
23106,10,15.4,12.909799
23106,11,14.7,12.297645
23106,12,13.9,11.72054
23106,13,12.3,11.164171
23106,14,11.9,10.501366
23106,15,11.7,10.000843
23106,16,11.6,9.610588
23106,17,11.4,9.370718
23106,18,11.2,9.220105
23106,19,11.5,9.469269
23106,20,11.5,10.235619
23106,21,11.9,11.439718
23106,22,13.5,13.032036
23106,23,15.0,14.723128
23106,24,15.2,16.308805
23887,1,9.1,5.7382603
23887,2,8.9,4.8617353
23887,3,8.6,4.437905
23887,4,8.0,4.6718397
23887,5,7.6,5.488755
23887,6,7.9,7.0479817
23887,7,10.2,9.267461
23887,8,13.3,11.750702
23887,9,16.3,14.213404
23887,10,21.4,16.395174
23887,11,23.5,18.045515
23887,12,24.9,19.07948
23887,13,25.5,19.266876
23887,14,26.0,18.753239
23887,15,24.2,17.85548
23887,16,21.5,16.527803
23887,17,20.9,15.223142
23887,18,19.7,13.819002
23887,19,18.2,12.471178
23887,20,16.8,11.39241
23887,21,15.4,10.533707
23887,22,14.2,9.896479
23887,23,12.9,9.219583
23887,24,11.9,8.394209
23941,1,18.9,14.958624
23941,2,18.2,13.957666
23941,3,17.6,13.223982
23941,4,16.5,12.701569
23941,5,16.2,12.240857
23941,6,15.9,11.819223
23941,7,15.4,11.361235
23941,8,15.0,10.935534
23941,9,14.7,10.708366
23941,10,14.4,10.810521
23941,11,13.8,11.182639
23941,12,14.2,12.080768
23941,13,16.6,13.497391
23941,14,19.1,15.156532
23941,15,20.8,17.088764
23941,16,22.0,19.064766
23941,17,23.9,20.616385
23941,18,24.9,21.720972
23941,19,25.4,22.188818
23941,20,25.2,22.05029
23941,21,25.0,21.3672
23941,22,23.7,20.10522
23941,23,22.9,18.68317
23941,24,22.4,17.24315
24579,1,26.4,23.94453
24579,2,26.0,23.200127
24579,3,25.3,22.28129
24579,4,23.9,21.046131
24579,5,21.6,19.879044
24579,6,20.4,18.762083
24579,7,19.9,17.664667
24579,8,19.2,16.788929
24579,9,18.5,16.001192
24579,10,17.6,15.177875
24579,11,17.2,14.440249
24579,12,17.0,13.729038
24579,13,16.7,13.205524
24579,14,16.4,12.845282
24579,15,16.0,13.054488
24579,16,16.1,13.887645
24579,17,17.1,15.146016
24579,18,18.4,16.738447
24579,19,20.4,18.574465
24579,20,22.5,20.411928
24579,21,24.2,22.053709
24579,22,24.9,23.307669
24579,23,26.7,24.005346
24579,24,27.6,24.200361
24793,1,27.7,22.461864
24793,2,28.8,23.64892
24793,3,30.3,24.832573
24793,4,31.6,25.835978
24793,5,32.4,26.605612
24793,6,32.6,27.01974
24793,7,32.7,26.987062
24793,8,32.4,26.832071
24793,9,32.1,26.523993
24793,10,29.7,25.958849
24793,11,29.6,25.402655
24793,12,28.8,24.761663
24793,13,28.1,24.004835
24793,14,27.6,23.236326
24793,15,27.2,22.609024
24793,16,25.8,22.08668
24793,17,25.3,21.507048
24793,18,25.1,20.925558
24793,19,25.1,20.30452
24793,20,25.0,19.866732
24793,21,24.8,19.676306
24793,22,24.7,19.858871
24793,23,25.9,20.241915
24793,24,27.5,20.966623
24839,1,23.0,18.200047
24839,2,23.1,17.936375
24839,3,22.7,17.965954
24839,4,22.3,18.328016
24839,5,23.2,19.012966
24839,6,23.6,20.040842
24839,7,24.5,21.3715
24839,8,27.4,22.852026
24839,9,28.1,24.291988
24839,10,27.1,25.44908
24839,11,28.8,26.27251
24839,12,29.3,26.663826
24839,13,28.3,26.503586
24839,14,27.8,25.969961
24839,15,27.1,25.344934
24839,16,25.4,24.566504
24839,17,23.6,23.805721
24839,18,23.2,22.983887
24839,19,23.3,22.08
24839,20,23.5,21.338863
24839,21,23.4,20.671412
24839,22,23.8,20.129148
24839,23,22.8,19.560663
24839,24,22.4,19.038712
25300,1,7.5,5.949602
25300,2,7.6,4.953578
25300,3,6.5,3.866334
25300,4,4.3,2.5284812
25300,5,2.6,1.2330587
25300,6,1.8,0.102933586
25300,7,0.3,-0.7786462
25300,8,-0.7,-1.482518
25300,9,-1.3,-1.9220678
25300,10,-2.0,-2.1052756
25300,11,-2.5,-2.3700438
25300,12,-2.8,-2.670805
25300,13,-2.9,-2.9610267
25300,14,-3.1,-3.0701451
25300,15,-3.2,-2.9716122
25300,16,-3.2,-2.558083
25300,17,-3.6,-1.7706951
25300,18,-3.3,-0.56256723
25300,19,-1.9,1.3414272
25300,20,0.9,3.3313417
25300,21,3.8,5.1998463
25300,22,6.4,6.592871
25300,23,8.8,7.3844857
25300,24,10.5,7.4838934
25726,1,-3.8,-4.5003605
25726,2,-4.3,-5.727949
25726,3,-4.7,-6.498948
25726,4,-4.7,-6.9261894
25726,5,-5.0,-7.50722
25726,6,-5.4,-8.198732
25726,7,-5.3,-8.958022
25726,8,-5.7,-9.904423
25726,9,-6.2,-10.627789
25726,10,-6.6,-10.687
25726,11,-8.2,-10.257452
25726,12,-8.5,-9.065672
25726,13,-7.9,-7.055885
25726,14,-7.0,-4.5342436
25726,15,-4.7,-1.8720791
25726,16,-2.6,0.6774615
25726,17,-0.1,2.6376696
25726,18,2.3,3.7992663
25726,19,3.0,4.517167
25726,20,2.3,4.438064
25726,21,1.1,3.6763315
25726,22,-0.9,2.311089
25726,23,-0.7,0.89988405
25726,24,-1.1,-0.7302184
26163,1,11.8,9.023687
26163,2,15.1,10.85091
26163,3,17.0,12.266094
26163,4,17.8,12.879271
26163,5,17.9,12.8437195
26163,6,17.4,12.0704
26163,7,15.0,10.508028
26163,8,11.7,8.882231
26163,9,10.0,7.1805024
26163,10,8.1,5.419764
26163,11,6.4,4.129128
26163,12,4.1,2.9322677
26163,13,1.5,1.8664997
26163,14,-0.4,0.77341825
26163,15,-1.6,-0.15159154
26163,16,-2.3,-0.86401904
26163,17,-2.7,-1.459287
26163,18,-2.7,-1.888991
26163,19,-2.7,-1.916462
26163,20,-2.5,-1.3616855
26163,21,-2.0,-0.13337946
26163,22,-0.1,1.8722159
26163,23,3.4,4.2112403
26163,24,6.8,6.650304
26232,1,-1.8,-2.8822176
26232,2,-2.0,-4.212614
26232,3,-1.9,-4.830542
26232,4,-1.5,-4.410797
26232,5,-2.0,-3.2661023
26232,6,-1.8,-1.003819
26232,7,1.0,2.2979705
26232,8,6.3,5.9189196
26232,9,12.0,9.595044
26232,10,16.1,13.057516
26232,11,18.5,15.736647
26232,12,19.9,17.532318
26232,13,20.6,18.038542
26232,14,20.9,17.482374
26232,15,20.2,16.161623
26232,16,18.2,13.988703
26232,17,15.9,11.764465
26232,18,13.5,9.246354
26232,19,9.6,6.954569
26232,20,6.4,5.085886
26232,21,4.6,3.6434727
26232,22,3.0,2.6906474
26232,23,1.1,1.814429
26232,24,-0.1,0.69955504
26873,1,9.5,6.8431845
26873,2,10.6,7.59254
26873,3,11.3,8.874674
26873,4,12.1,10.479228
26873,5,12.8,12.1978655
26873,6,14.5,13.916391
26873,7,15.4,15.452764
26873,8,16.1,16.642786
26873,9,16.9,17.424223
26873,10,17.4,17.610683
26873,11,16.7,17.370728
26873,12,16.7,16.754639
26873,13,16.8,15.68638
26873,14,16.6,14.611314
26873,15,15.4,13.540358
26873,16,14.2,12.508686
26873,17,13.4,11.620545
26873,18,12.0,10.766744
26873,19,10.9,10.053301
26873,20,10.0,9.461952
26873,21,9.1,8.875299
26873,22,8.3,8.325073
26873,23,7.8,7.8100624
26873,24,7.4,7.564747
27009,1,13.9,12.339155
27009,2,15.5,13.617859
27009,3,18.4,16.077538
27009,4,22.4,19.1715
27009,5,26.3,22.278194
27009,6,29.5,25.346312
27009,7,32.5,28.043383
27009,8,34.5,29.926458
27009,9,35.4,31.03635
27009,10,34.4,31.117493
27009,11,31.8,30.479362
27009,12,32.4,29.191578
27009,13,32.1,27.151712
27009,14,30.6,25.20277
27009,15,29.4,23.361605
27009,16,27.9,21.566
27009,17,24.7,20.107681
27009,18,22.4,18.546116
27009,19,20.7,17.382845
27009,20,19.3,16.484343
27009,21,17.5,15.619717
27009,22,16.4,14.828897
27009,23,15.4,14.160783
27009,24,14.5,13.852994
27574,1,19.6,15.94745
27574,2,19.3,15.12916
27574,3,19.1,14.536734
27574,4,18.9,14.116462
27574,5,18.2,13.717788
27574,6,17.2,13.320484
27574,7,16.6,12.87091
27574,8,16.0,12.4646635
27574,9,16.0,12.295046
27574,10,16.2,12.495896
27574,11,15.8,12.958672
27574,12,16.6,13.930707
27574,13,17.6,15.361652
27574,14,18.9,16.9973
27574,15,19.9,18.81819
27574,16,20.5,20.604643
27574,17,21.9,21.91095
27574,18,22.2,22.772379
27574,19,20.9,23.016193
27574,20,21.3,22.69828
27574,21,19.8,21.89308
27574,22,18.5,20.593603
27574,23,17.0,19.186886
27574,24,16.9,17.841599
27968,1,8.2,3.945976
27968,2,7.3,2.891588
27968,3,6.4,2.4584165
27968,4,5.0,2.7536998
27968,5,4.1,3.7042365
27968,6,5.3,5.5411205
27968,7,8.3,8.199664
27968,8,10.1,11.099978
27968,9,11.1,13.971177
27968,10,8.0,16.469797
27968,11,10.9,18.320524
27968,12,12.8,19.376606
27968,13,14.6,19.355589
27968,14,14.3,18.58155
27968,15,14.8,17.345676
27968,16,10.6,15.575563
27968,17,9.6,13.956655
27968,18,9.1,12.224651
27968,19,8.7,10.678114
27968,20,8.5,9.520554
27968,21,8.2,8.551634
27968,22,8.1,7.7638416
27968,23,7.9,6.931115
27968,24,7.8,5.925144
28596,1,6.6,5.275511
28596,2,6.0,4.25375
28596,3,3.3,2.9692721
28596,4,2.2,1.4523282
28596,5,2.0,-0.109089196
28596,6,0.8,-1.4954755
28596,7,-0.5,-2.6017385
28596,8,-1.5,-3.5500758
28596,9,-2.1,-4.080573
28596,10,-2.1,-4.0713396
28596,11,-2.2,-4.387616
28596,12,-2.4,-4.6870103
28596,13,-2.4,-4.9844203
28596,14,-2.4,-4.9965634
28596,15,-2.2,-4.9590664
28596,16,-2.5,-4.649572
28596,17,-2.1,-4.088776
28596,18,-1.9,-2.873507
28596,19,-0.9,-0.6083547
28596,20,1.4,1.6806715
28596,21,4.9,3.9741297
28596,22,10.1,5.744485
28596,23,12.8,6.763452
28596,24,14.3,6.9813395
28839,1,-0.4,0.20147777
28839,2,-0.8,-0.42387855
28839,3,-1.1,-1.079744
28839,4,-1.2,-1.847959
28839,5,-1.8,-2.6629705
28839,6,-2.4,-3.4338365
28839,7,-2.2,-3.9334884
28839,8,-2.5,-3.88461
28839,9,-2.9,-3.0830283
28839,10,-2.3,-1.3338104
28839,11,0.9,1.0062518
28839,12,4.0,3.6824837
28839,13,6.2,6.325245
28839,14,7.6,8.379641
28839,15,8.3,9.761805
28839,16,8.8,10.325931
28839,17,8.8,10.072683
28839,18,8.4,9.15139
28839,19,6.2,7.733376
28839,20,4.5,6.325998
28839,21,2.1,4.9230947
28839,22,1.0,3.8514977
28839,23,-0.4,3.0603418
28839,24,-1.6,2.3956888
29202,1,-6.6,-4.8130608
29202,2,-4.4,-3.350468
29202,3,-1.3,-1.1059057
29202,4,0.9,1.2404518
29202,5,3.8,3.1942987
29202,6,6.4,4.6556177
29202,7,8.8,5.5798435
29202,8,10.2,5.7225494
29202,9,10.4,5.3400307
29202,10,11.0,4.3924108
29202,11,9.7,3.3376741
29202,12,10.0,2.0581162
29202,13,8.5,0.62302697
29202,14,7.2,-0.3280598
29202,15,6.3,-1.110801
29202,16,6.0,-1.8270947
29202,17,5.6,-2.346879
29202,18,5.9,-3.128202
29202,19,5.5,-3.6436472
29202,20,6.0,-4.0335956
29202,21,5.9,-4.584511
29202,22,5.6,-5.1756973
29202,23,5.4,-5.4475307
29202,24,5.8,-5.360285
29392,1,8.7,4.440206
29392,2,7.4,3.5067441
29392,3,6.4,3.3113708
29392,4,5.8,3.9089658
29392,5,5.4,5.1341457
29392,6,6.3,7.2189813
29392,7,9.5,10.06698
29392,8,12.5,13.035751
29392,9,16.6,15.904729
29392,10,20.6,18.333431
29392,11,23.1,20.031982
29392,12,23.9,20.916496
29392,13,24.1,20.702078
29392,14,23.8,19.816402
29392,15,19.4,18.492954
29392,16,17.5,16.653868
29392,17,16.8,14.982754
29392,18,15.4,13.197989
29392,19,14.7,11.650053
29392,20,13.8,10.46686
29392,21,13.0,9.438295
29392,22,11.5,8.533743
29392,23,9.9,7.5784407
29392,24,8.9,6.488391
29598,1,12.4,8.907487
29598,2,11.3,8.099895
29598,3,10.4,7.4573464
29598,4,9.8,6.9909744
29598,5,9.5,6.5668516
29598,6,8.9,6.13136
29598,7,8.9,5.6030407
29598,8,8.7,5.134003
29598,9,6.2,4.929955
29598,10,5.7,5.187305
29598,11,3.2,5.753994
29598,12,3.2,6.943533
29598,13,3.4,8.658918
29598,14,4.1,10.559205
29598,15,4.3,12.532217
29598,16,3.7,14.406664
29598,17,4.1,15.695041
29598,18,4.4,16.52877
29598,19,4.7,16.710232
29598,20,4.3,16.264109
29598,21,3.8,15.336678
29598,22,1.8,13.945317
29598,23,1.7,12.466698
29598,24,1.5,11.09141
30001,1,16.7,13.649013
30001,2,17.0,14.443591
30001,3,18.9,16.073566
30001,4,21.4,18.155258
30001,5,23.8,20.337112
30001,6,25.8,22.584297
30001,7,26.1,24.700033
30001,8,27.2,26.339977
30001,9,28.5,27.484886
30001,10,28.9,27.859365
30001,11,29.3,27.660013
30001,12,28.2,26.87107
30001,13,27.8,25.385574
30001,14,24.7,23.872873
30001,15,24.8,22.396948
30001,16,23.4,20.907352
30001,17,21.7,19.680666
30001,18,21.7,18.394596
30001,19,18.2,17.349724
30001,20,17.9,16.552969
30001,21,17.4,15.75705
30001,22,16.3,15.017013
30001,23,15.6,14.350805
30001,24,15.5,13.97846
30149,1,32.2,27.310791
30149,2,31.5,26.891932
30149,3,30.1,25.918997
30149,4,28.3,24.491266
30149,5,27.6,23.118628
30149,6,26.8,21.789108
30149,7,26.3,20.511063
30149,8,25.9,19.597908
30149,9,25.5,19.026934
30149,10,25.0,18.709845
30149,11,24.0,18.203863
30149,12,23.4,17.692236
30149,13,22.8,17.135862
30149,14,22.3,16.650724
30149,15,21.7,16.344175
30149,16,21.3,16.467783
30149,17,20.9,16.804752
30149,18,22.5,17.824411
30149,19,24.7,19.368996
30149,20,26.9,21.001945
30149,21,28.8,22.678383
30149,22,30.3,24.141048
30149,23,31.4,24.980396
30149,24,32.3,25.473703
30324,1,18.1,15.961017
30324,2,19.2,16.921638
30324,3,19.7,17.685598
30324,4,19.8,17.866272
30324,5,19.1,17.631533
30324,6,17.3,16.997295
30324,7,15.5,15.950226
30324,8,16.4,14.972216
30324,9,15.6,14.058862
30324,10,15.1,13.169353
30324,11,14.7,12.637876
30324,12,14.3,12.127832
30324,13,14.0,11.612953
30324,14,13.7,10.964194
30324,15,13.4,10.438529
30324,16,13.1,9.982594
30324,17,13.0,9.633467
30324,18,12.9,9.371707
30324,19,12.7,9.433725
30324,20,11.4,9.990427
30324,21,12.0,11.004005
30324,22,13.7,12.452423
30324,23,16.2,14.039603
30324,24,18.7,15.576255
30654,1,13.4,11.129514
30654,2,13.1,10.370151
30654,3,12.4,9.67561
30654,4,12.2,8.981792
30654,5,12.0,8.472869
30654,6,11.4,8.058288
30654,7,10.4,7.667052
30654,8,9.3,7.4017086
30654,9,8.7,7.108657
30654,10,8.4,6.715199
30654,11,8.4,6.507587
30654,12,8.3,6.455034
30654,13,8.8,6.68995
30654,14,8.9,7.04284
30654,15,9.0,7.8234167
30654,16,10.2,8.955307
30654,17,12.5,10.211354
30654,18,15.5,11.417834
30654,19,17.9,12.361074
30654,20,19.1,13.073505
30654,21,19.7,13.463793
30654,22,20.2,13.462827
30654,23,19.9,13.193598
30654,24,17.6,12.683664
30723,1,13.9,11.974773
30723,2,14.9,12.77314
30723,3,14.6,13.7275305
30723,4,15.7,14.655538
30723,5,16.9,15.505269
30723,6,17.6,16.098845
30723,7,18.6,16.347876
30723,8,18.3,16.435694
30723,9,18.8,16.338608
30723,10,18.7,15.985222
30723,11,18.1,15.596676
30723,12,17.9,15.170988
30723,13,17.9,14.713472
30723,14,18.1,14.327758
30723,15,18.2,14.086543
30723,16,18.5,14.007833
30723,17,19.0,13.882521
30723,18,19.1,13.763386
30723,19,18.4,13.530336
30723,20,17.9,13.293364
30723,21,17.9,13.029051
30723,22,18.2,12.793361
30723,23,17.0,12.598616
30723,24,6.7,12.663672
31077,1,11.7,9.78564
31077,2,12.1,9.218574
31077,3,11.9,8.477069
31077,4,10.8,7.4235306
31077,5,10.7,6.4161916
31077,6,10.3,5.4800825
31077,7,9.9,4.6303186
31077,8,9.4,4.0223255
31077,9,9.7,3.628951
31077,10,9.4,3.4043155
31077,11,9.0,3.1845274
31077,12,9.7,2.9574156
31077,13,10.3,2.7445853
31077,14,10.4,2.5399227
31077,15,10.5,2.531089
31077,16,10.2,2.8508813
31077,17,9.3,3.448185
31077,18,9.3,4.458096
31077,19,9.6,5.9317145
31077,20,10.6,7.5423245
31077,21,11.0,9.138419
31077,22,11.8,10.450684
31077,23,12.2,11.263001
31077,24,9.2,11.575533
31303,1,23.6,17.489233
31303,2,23.1,16.706821
31303,3,22.2,16.101883
31303,4,20.9,15.608256
31303,5,19.8,15.125305
31303,6,18.9,14.668605
31303,7,18.1,14.230538
31303,8,17.5,13.918456
31303,9,17.1,13.897055
31303,10,16.7,14.25781
31303,11,15.5,14.898067
31303,12,16.6,15.955435
31303,13,18.4,17.35813
31303,14,20.5,18.849323
31303,15,22.5,20.467169
31303,16,24.3,21.980106
31303,17,25.5,23.037203
31303,18,26.6,23.645103
31303,19,27.6,23.662868
31303,20,28.2,23.248087
31303,21,28.1,22.43696
31303,22,27.1,21.256767
31303,23,25.5,20.023397
31303,24,24.3,18.852081
31480,1,14.5,10.933345
31480,2,14.2,10.191121
31480,3,13.9,9.617705
31480,4,13.5,9.3153305
31480,5,13.2,9.212586
31480,6,12.9,9.470025
31480,7,12.6,10.156067
31480,8,13.6,11.285141
31480,9,15.8,12.871321
31480,10,18.2,14.913506
31480,11,20.9,17.028774
31480,12,23.1,19.112083
31480,13,25.0,20.839664
31480,14,26.6,21.91148
31480,15,27.8,22.478724
31480,16,28.5,22.387041
31480,17,28.6,21.736916
31480,18,27.9,20.619682
31480,19,26.5,19.115433
31480,20,25.8,17.662193
31480,21,24.5,16.314705
31480,22,23.6,15.234794
31480,23,22.7,14.301459
31480,24,21.9,13.43913
32045,1,35.5,31.947887
32045,2,35.9,31.615421
32045,3,35.5,31.003366
32045,4,34.9,29.978067
32045,5,32.5,28.925158
32045,6,31.4,27.79282
32045,7,30.6,26.558659
32045,8,29.7,25.556644
32045,9,28.0,24.685356
32045,10,24.3,23.815235
32045,11,25.4,23.040678
32045,12,26.7,22.29579
32045,13,26.4,21.686283
32045,14,25.9,21.20913
32045,15,25.7,21.241144
32045,16,25.6,21.835491
32045,17,26.9,22.738438
32045,18,28.5,23.968464
32045,19,30.1,25.394957
32045,20,31.8,26.878302
32045,21,33.4,28.27833
32045,22,34.7,29.491173
32045,23,36.1,30.25931
32045,24,35.3,30.71236
32212,1,31.0,26.546036
32212,2,31.9,27.444065
32212,3,32.8,28.232054
32212,4,33.2,28.459314
32212,5,33.3,28.24859
32212,6,30.7,27.615154
32212,7,27.9,26.566969
32212,8,26.1,25.588133
32212,9,26.2,24.74193
32212,10,26.3,23.991734
32212,11,26.2,23.589775
32212,12,26.0,23.221907
32212,13,25.6,22.83914
32212,14,25.0,22.34226
32212,15,24.4,22.017368
32212,16,23.9,21.767725
32212,17,23.6,21.553452
32212,18,23.4,21.363523
32212,19,23.5,21.430256
32212,20,24.8,21.934866
32212,21,26.7,22.810299
32212,22,28.7,24.05402
32212,23,30.6,25.380644
32212,24,32.7,26.683659
32350,1,30.5,25.997475
32350,2,31.3,25.155022
32350,3,31.8,24.544071
32350,4,31.0,23.910606
32350,5,30.0,23.327837
32350,6,29.2,22.777395
32350,7,28.5,22.226465
32350,8,27.9,21.791822
32350,9,27.4,21.408182
32350,10,27.1,20.991096
32350,11,26.9,20.887186
32350,12,26.5,20.953938
32350,13,26.3,21.33212
32350,14,26.2,21.831825
32350,15,28.1,22.906733
32350,16,29.8,24.312721
32350,17,31.1,25.792385
32350,18,33.0,26.992407
32350,19,34.9,27.792341
32350,20,35.7,28.38602
32350,21,35.8,28.605076
32350,22,35.3,28.438206
32350,23,35.4,28.061985
32350,24,35.3,27.447512
32575,1,30.9,25.783287
32575,2,30.4,24.65612
32575,3,29.6,23.803854
32575,4,28.8,23.1446
32575,5,28.5,22.486877
32575,6,28.0,21.892187
32575,7,27.4,21.319624
32575,8,26.8,20.894474
32575,9,26.3,20.839043
32575,10,25.8,21.300203
32575,11,24.6,22.124622
32575,12,26.1,23.503122
32575,13,28.3,25.34001
32575,14,30.6,27.267355
32575,15,32.9,29.388369
32575,16,34.5,31.36184
32575,17,35.1,32.74929
32575,18,35.6,33.521584
32575,19,36.0,33.578625
32575,20,36.2,33.095573
32575,21,35.7,32.16981
32575,22,34.4,30.822775
32575,23,33.9,29.400484
32575,24,33.1,27.97329
32602,1,22.3,18.659838
32602,2,22.5,19.410986
32602,3,23.8,20.79634
32602,4,25.8,22.554028
32602,5,28.4,24.393858
32602,6,30.7,26.210375
32602,7,32.1,27.816765
32602,8,33.8,29.074299
32602,9,34.8,29.92908
32602,10,35.1,30.177088
32602,11,33.9,29.99674
32602,12,31.8,29.407757
32602,13,31.7,28.346186
32602,14,31.5,27.242533
32602,15,31.0,26.2498
32602,16,30.4,25.327906
32602,17,29.6,24.506142
32602,18,29.1,23.629965
32602,19,28.6,22.798586
32602,20,28.2,22.093119
32602,21,27.8,21.4058
32602,22,27.2,20.79861
32602,23,26.8,20.23226
32602,24,26.5,19.936964
32781,1,35.2,32.225536
32781,2,34.7,31.785376
32781,3,33.4,31.058874
32781,4,32.3,29.922552
32781,5,30.1,28.782925
32781,6,30.2,27.596779
32781,7,30.0,26.345074
32781,8,29.3,25.337965
32781,9,28.9,24.500822
32781,10,28.2,23.716936
32781,11,27.5,22.974524
32781,12,26.7,22.264318
32781,13,26.1,21.674606
32781,14,25.5,21.233805
32781,15,25.1,21.279938
32781,16,24.7,21.901247
32781,17,24.5,22.840313
32781,18,25.3,24.176529
32781,19,27.1,25.792912
32781,20,26.5,27.448309
32781,21,29.8,28.993109
32781,22,33.0,30.27343
32781,23,34.4,31.017937
32781,24,35.2,31.394238
33079,1,17.3,14.853986
33079,2,16.9,14.19529
33079,3,16.5,13.744303
33079,4,15.9,13.393079
33079,5,15.5,13.050641
33079,6,15.6,12.719487
33079,7,15.5,12.406894
33079,8,15.4,12.210247
33079,9,15.2,12.30738
33079,10,16.0,12.788724
33079,11,15.9,13.521668
33079,12,16.2,14.627402
33079,13,17.2,16.009764
33079,14,18.8,17.44141
33079,15,20.9,18.92599
33079,16,21.8,20.262682
33079,17,22.9,21.143042
33079,18,23.4,21.613958
33079,19,23.7,21.556658
33079,20,23.6,21.125368
33079,21,23.0,20.323597
33079,22,21.5,19.16234
33079,23,20.6,17.947933
33079,24,20.0,16.808832
33178,1,18.6,14.179677
33178,2,18.4,15.074281
33178,3,19.5,16.49301
33178,4,21.4,18.226128
33178,5,22.0,20.00019
33178,6,22.1,21.685112
33178,7,24.1,23.088491
33178,8,25.8,24.109789
33178,9,25.9,24.704945
33178,10,26.3,24.705923
33178,11,26.2,24.282059
33178,12,25.4,23.515114
33178,13,23.4,22.369595
33178,14,22.8,21.269682
33178,15,21.6,20.292603
33178,16,20.2,19.454153
33178,17,19.2,18.723421
33178,18,18.4,18.023214
33178,19,16.9,17.413954
33178,20,15.8,16.878857
33178,21,14.9,16.362759
33178,22,14.3,15.896985
33178,23,13.8,15.453746
33178,24,13.6,15.294278
33289,1,16.7,13.945473
33289,2,16.8,13.582851
33289,3,16.6,13.461981
33289,4,16.3,13.620421
33289,5,16.0,14.112436
33289,6,16.3,14.989728
33289,7,17.0,16.252895
33289,8,18.6,17.713469
33289,9,20.7,19.174683
33289,10,22.9,20.381104
33289,11,24.0,21.27492
33289,12,24.0,21.712074
33289,13,24.0,21.573168
33289,14,23.4,21.044565
33289,15,21.4,20.380798
33289,16,19.5,19.532288
33289,17,18.3,18.755974
33289,18,17.3,17.948046
33289,19,16.8,17.116074
33289,20,16.0,16.489817
33289,21,15.3,15.929478
33289,22,14.2,15.466788
33289,23,13.3,14.969171
33289,24,12.7,14.4749
33623,1,18.0,13.456423
33623,2,17.4,12.978305
33623,3,16.9,12.581937
33623,4,16.3,12.274113
33623,5,16.3,11.996891
33623,6,16.2,11.693757
33623,7,16.3,11.331767
33623,8,16.5,10.997323
33623,9,16.4,10.831823
33623,10,15.6,10.890189
33623,11,14.8,11.090478
33623,12,15.0,11.664536
33623,13,16.7,12.570274
33623,14,18.9,13.710379
33623,15,20.7,14.986062
33623,16,22.9,16.250555
33623,17,24.0,17.139822
33623,18,24.5,17.751215
33623,19,24.5,17.843668
33623,20,24.0,17.47215
33623,21,22.0,16.6874
33623,22,20.1,15.4906
33623,23,18.5,14.2372055
33623,24,17.3,13.164533
33765,1,10.9,8.28878
33765,2,10.0,7.658326
33765,3,8.7,6.849632
33765,4,6.9,5.7257814
33765,5,5.8,4.640993
33765,6,5.0,3.6678095
33765,7,4.3,2.8600578
33765,8,3.5,2.2926185
33765,9,3.1,1.9623281
33765,10,1.6,1.800531
33765,11,0.8,1.5861665
33765,12,0.2,1.300226
33765,13,-0.2,0.9719185
33765,14,-0.6,0.6755918
33765,15,-1.1,0.567365
33765,16,-1.3,0.77488303
33765,17,-1.4,1.3123507
33765,18,-1.4,2.2916584
33765,19,-0.3,3.7996948
33765,20,1.6,5.470578
33765,21,3.6,7.119584
33765,22,5.6,8.448008
33765,23,8.3,9.269259
33765,24,10.0,9.565948
33801,1,-0.6,-2.2057347
33801,2,-1.4,-2.3615298
33801,3,-1.9,-2.3377013
33801,4,-3.6,-2.244263
33801,5,-4.1,-2.0498984
33801,6,-4.6,-1.7826998
33801,7,-4.5,-1.3529234
33801,8,-4.3,-0.86719483
33801,9,-4.3,-0.3696642
33801,10,-5.4,0.045438647
33801,11,-5.1,0.47670278
33801,12,-4.8,0.73900074
33801,13,-4.6,0.82397234
33801,14,-4.2,0.83952457
33801,15,-4.3,0.7906009
33801,16,-7.0,0.6226071
33801,17,-7.0,0.458822
33801,18,-7.3,0.1398753
33801,19,-7.6,-0.26313233
33801,20,-7.7,-0.6014638
33801,21,-7.4,-1.0410066
33801,22,-8.6,-1.4961051
33801,23,-8.7,-1.8675803
33801,24,-8.8,-2.2230937
34016,1,11.6,9.57773
34016,2,10.3,8.755798
34016,3,9.3,8.106918
34016,4,8.3,7.5021343
34016,5,7.4,6.930501
34016,6,6.8,6.609384
34016,7,6.1,6.7008433
34016,8,5.2,7.244572
34016,9,5.2,8.391097
34016,10,6.0,10.16168
34016,11,7.4,12.261186
34016,12,9.0,14.461986
34016,13,10.5,16.443834
34016,14,12.0,17.881166
34016,15,13.2,18.855013
34016,16,13.9,19.10486
34016,17,14.3,18.795835
34016,18,14.1,17.890734
34016,19,14.3,16.555716
34016,20,13.3,15.299801
34016,21,12.2,14.023926
34016,22,11.8,12.880422
34016,23,11.2,11.944615
34016,24,10.6,11.077969
34137,1,19.9,14.534258
34137,2,19.2,14.289087
34137,3,18.7,14.251294
34137,4,18.5,14.345574
34137,5,18.6,14.657137
34137,6,12.5,15.280447
34137,7,10.2,16.280054
34137,8,11.5,17.463036
34137,9,13.4,18.712252
34137,10,11.6,19.745157
34137,11,10.6,20.545404
34137,12,10.6,20.893066
34137,13,11.4,20.659391
34137,14,11.6,20.109602
34137,15,11.7,19.422575
34137,16,9.3,18.494501
34137,17,9.4,17.6609
34137,18,9.3,16.747
34137,19,9.4,15.807779
34137,20,9.5,15.135338
34137,21,9.7,14.493914
34137,22,9.0,13.941094
34137,23,8.7,13.443802
34137,24,8.5,13.037686
34461,1,28.0,23.821287
34461,2,27.3,23.465324
34461,3,27.2,22.856617
34461,4,27.0,21.919037
34461,5,25.3,20.999193
34461,6,24.5,20.092312
34461,7,24.0,19.219606
34461,8,23.8,18.617962
34461,9,23.4,18.262026
34461,10,23.4,18.070034
34461,11,22.7,17.867159
34461,12,22.0,17.662926
34461,13,21.4,17.445337
34461,14,20.9,17.23512
34461,15,20.5,17.23285
34461,16,20.2,17.531128
34461,17,20.6,17.986753
34461,18,21.8,18.794285
34461,19,23.2,19.889153
34461,20,24.3,21.070578
34461,21,25.0,22.230373
34461,22,24.6,23.196583
34461,23,25.5,23.732203
34461,24,26.5,23.980225
35225,1,22.1,18.701048
35225,2,21.4,18.381098
35225,3,21.1,18.131435
35225,4,21.0,17.852217
35225,5,21.1,17.619398
35225,6,21.7,17.527227
35225,7,22.0,17.699085
35225,8,21.7,18.180086
35225,9,23.2,18.979082
35225,10,23.5,19.955618
35225,11,24.5,21.049067
35225,12,25.2,22.029797
35225,13,27.0,22.739853
35225,14,25.7,23.128962
35225,15,24.4,23.370039
35225,16,24.6,23.264849
35225,17,24.6,22.918142
35225,18,24.3,22.260044
35225,19,23.1,21.260487
35225,20,23.2,20.385166
35225,21,23.3,19.497519
35225,22,23.2,18.725576
35225,23,23.5,18.1075
35225,24,23.5,17.644455
35445,1,13.2,11.206306
35445,2,14.2,11.693142
35445,3,14.8,11.992168
35445,4,15.0,11.80432
35445,5,14.5,11.417099
35445,6,13.6,10.810862
35445,7,12.3,9.982583
35445,8,11.8,9.328625
35445,9,11.1,8.794524
35445,10,10.4,8.322354
35445,11,9.7,8.110482
35445,12,9.1,7.887515
35445,13,8.5,7.6055603
35445,14,7.9,7.1386404
35445,15,7.4,6.7260256
35445,16,6.9,6.395884
35445,17,6.4,6.19737
35445,18,6.1,6.1859384
35445,19,5.9,6.497885
35445,20,5.3,7.2231092
35445,21,6.2,8.268353
35445,22,8.0,9.564299
35445,23,9.2,10.817688
35445,24,11.3,11.915328
36008,1,20.9,17.871391
36008,2,20.9,17.47554
36008,3,20.6,17.229063
36008,4,20.4,16.979137
36008,5,20.4,16.69002
36008,6,20.7,16.381508
36008,7,21.2,16.109533
36008,8,21.3,15.97479
36008,9,20.7,16.141857
36008,10,20.1,16.627634
36008,11,20.4,17.328335
36008,12,20.9,18.261255
36008,13,22.5,19.314285
36008,14,24.1,20.365536
36008,15,25.2,21.430012
36008,16,26.5,22.304226
36008,17,27.4,22.794598
36008,18,28.0,22.930485
36008,19,28.1,22.61975
36008,20,27.6,22.097288
36008,21,26.4,21.30585
36008,22,24.6,20.283861
36008,23,23.9,19.282425
36008,24,22.9,18.427925
36247,1,13.4,10.710994
36247,2,12.3,9.801262
36247,3,12.0,9.010877
36247,4,11.5,8.271446
36247,5,11.0,7.733001
36247,6,10.3,7.311644
36247,7,9.9,6.926005
36247,8,9.5,6.658598
36247,9,9.0,6.384619
36247,10,8.7,6.056463
36247,11,8.4,5.9334793
36247,12,8.0,6.0232677
36247,13,7.8,6.4506574
36247,14,6.5,7.016401
36247,15,8.5,8.014259
36247,16,11.4,9.34226
36247,17,14.6,10.742188
36247,18,17.0,12.034116
36247,19,18.5,13.0014305
36247,20,19.5,13.671156
36247,21,20.1,13.958948
36247,22,20.5,13.787343
36247,23,20.5,13.334949
36247,24,20.0,12.629794
36423,1,25.8,20.338633
36423,2,24.7,19.344513
36423,3,23.6,18.480705
36423,4,22.6,17.610283
36423,5,21.9,16.871714
36423,6,21.1,16.27736
36423,7,20.9,15.816249
36423,8,20.5,15.568779
36423,9,19.9,15.443091
36423,10,19.5,15.361859
36423,11,19.1,15.509445
36423,12,18.7,15.780414
36423,13,18.9,16.27369
36423,14,20.6,16.788557
36423,15,21.5,17.728842
36423,16,22.9,18.925802
36423,17,24.9,20.192
36423,18,26.1,21.292778
36423,19,25.9,22.110703
36423,20,26.4,22.762613
36423,21,26.7,23.10942
36423,22,27.3,23.08575
36423,23,27.5,22.793966
36423,24,26.6,22.191853
36805,1,33.5,28.415876
36805,2,33.9,29.062359
36805,3,33.0,29.40714
36805,4,32.3,29.211319
36805,5,31.6,28.681648
36805,6,30.8,27.834389
36805,7,29.4,26.674917
36805,8,28.1,25.669289
36805,9,27.5,24.854567
36805,10,26.7,24.172081
36805,11,26.4,23.696466
36805,12,26.5,23.25746
36805,13,26.7,22.801477
36805,14,26.4,22.285961
36805,15,26.1,21.93461
36805,16,26.0,21.717138
36805,17,25.7,21.53029
36805,18,25.3,21.509315
36805,19,25.4,21.74484
36805,20,26.4,22.31274
36805,21,27.9,23.214933
36805,22,29.4,24.421415
36805,23,30.4,25.610834
36805,24,31.3,26.779879
36826,1,24.5,18.786575
36826,2,24.0,18.733728
36826,3,23.1,19.118195
36826,4,22.3,19.909344
36826,5,22.0,20.990662
36826,6,22.7,22.372406
36826,7,24.9,23.960054
36826,8,27.1,25.55299
36826,9,28.4,26.995173
36826,10,29.1,28.042196
36826,11,29.7,28.675835
36826,12,29.8,28.84258
36826,13,29.7,28.414991
36826,14,29.7,27.675346
36826,15,28.8,26.868404
36826,16,27.3,25.927452
36826,17,26.0,25.033041
36826,18,25.3,24.063297
36826,19,25.1,23.073427
36826,20,24.9,22.249807
36826,21,24.5,21.499472
36826,22,24.2,20.876373
36826,23,23.9,20.247503
36826,24,23.5,19.720247
37932,1,26.5,22.010408
37932,2,28.3,23.821457
37932,3,30.0,25.706833
37932,4,30.2,27.342222
37932,5,31.8,28.567598
37932,6,32.3,29.178125
37932,7,29.6,29.040047
37932,8,29.3,28.580956
37932,9,29.3,27.844229
37932,10,28.4,26.769852
37932,11,27.8,25.761736
37932,12,27.1,24.742477
37932,13,26.3,23.708935
37932,14,25.8,22.80161
37932,15,25.4,22.110476
37932,16,25.5,21.613832
37932,17,24.7,21.026997
37932,18,24.3,20.410826
37932,19,24.0,19.737373
37932,20,23.7,19.234257
37932,21,23.4,18.974699
37932,22,23.1,19.132793
37932,23,23.4,19.582882
37932,24,24.8,20.536642
38421,1,15.7,14.019466
38421,2,17.1,14.594572
38421,3,17.8,14.923695
38421,4,18.0,14.732242
38421,5,18.1,14.283949
38421,6,17.7,13.585463
38421,7,16.2,12.631101
38421,8,15.1,11.835474
38421,9,15.0,11.1648445
38421,10,14.9,10.568147
38421,11,14.9,10.217831
38421,12,15.0,9.867798
38421,13,16.2,9.472879
38421,14,16.3,8.930034
38421,15,15.9,8.459435
38421,16,14.9,8.081927
38421,17,14.4,7.834535
38421,18,15.6,7.7936425
38421,19,15.4,8.121129
38421,20,15.6,8.86961
38421,21,16.2,9.985601
38421,22,17.6,11.390354
38421,23,19.1,12.769418
38421,24,19.8,14.007176
38428,1,17.6,15.259605
38428,2,19.1,16.375252
38428,3,19.8,17.538935
38428,4,21.2,18.571417
38428,5,21.8,19.386555
38428,6,22.9,19.799423
38428,7,22.8,19.716839
38428,8,21.9,19.428982
38428,9,18.0,18.946026
38428,10,15.7,18.211
38428,11,13.0,17.526432
38428,12,12.6,16.88615
38428,13,12.3,16.31228
38428,14,11.8,15.891834
38428,15,11.2,15.673825
38428,16,11.6,15.6378145
38428,17,11.3,15.496993
38428,18,10.1,15.308656
38428,19,9.3,14.922304
38428,20,8.6,14.516392
38428,21,7.9,14.137304
38428,22,7.8,13.904991
38428,23,7.2,13.843385
38428,24,7.4,14.177515
38826,1,-3.3,-3.8988407
38826,2,-3.1,-4.2043314
38826,3,-2.8,-4.2672462
38826,4,-3.1,-4.1648817
38826,5,-3.0,-3.8486276
38826,6,-3.0,-3.3332324
38826,7,-2.6,-2.507334
38826,8,-2.2,-1.5670202
38826,9,-1.3,-0.6217818
38826,10,-0.8,0.1977928
38826,11,1.1,0.93008816
38826,12,2.6,1.3397961
38826,13,3.5,1.4038585
38826,14,3.8,1.2615826
38826,15,3.3,0.9732147
38826,16,2.2,0.52900475
38826,17,1.1,0.15077853
38826,18,0.4,-0.34176195
38826,19,-0.1,-0.8326447
38826,20,-0.7,-1.1810212
38826,21,-1.3,-1.6011403
38826,22,-2.4,-2.0054245
38826,23,-3.0,-2.383103
38826,24,-3.3,-2.8295825
39403,1,15.3,12.4023695
39403,2,16.2,13.370523
39403,3,18.8,14.865408
39403,4,21.3,16.658602
39403,5,23.4,18.472483
39403,6,24.6,20.126646
39403,7,25.3,21.422588
39403,8,25.8,22.347687
39403,9,25.2,22.846743
39403,10,25.3,22.792599
39403,11,25.4,22.408424
39403,12,24.4,21.75565
39403,13,23.4,20.81792
39403,14,22.0,19.898338
39403,15,21.4,19.11542
39403,16,20.9,18.494535
39403,17,20.6,17.909874
39403,18,20.2,17.315731
39403,19,19.5,16.71342
39403,20,19.0,16.157522
39403,21,18.8,15.616907
39403,22,18.6,15.146213
39403,23,18.5,14.716271
39403,24,18.4,14.573827
39629,1,26.7,23.12252
39629,2,28.9,23.5048
39629,3,29.5,23.720415
39629,4,29.8,23.53586
39629,5,29.1,23.124119
39629,6,29.3,22.502094
39629,7,27.9,21.693031
39629,8,26.8,21.045866
39629,9,26.0,20.55648
39629,10,25.6,20.148937
39629,11,21.7,19.95927
39629,12,21.5,19.775833
39629,13,20.8,19.569557
39629,14,20.5,19.264748
39629,15,20.2,19.118208
39629,16,19.9,19.056494
39629,17,19.6,19.021006
39629,18,18.9,19.036007
39629,19,18.5,19.159563
39629,20,18.2,19.550144
39629,21,17.7,20.159788
39629,22,18.3,20.971624
39629,23,19.4,21.783731
39629,24,20.3,22.555536
39797,1,21.8,20.70265
39797,2,21.0,21.116388
39797,3,21.0,21.49013
39797,4,21.6,21.445206
39797,5,22.0,21.145956
39797,6,22.0,20.604797
39797,7,22.6,19.847944
39797,8,22.3,19.210861
39797,9,21.6,18.705156
39797,10,21.3,18.270815
39797,11,21.0,18.100145
39797,12,20.9,17.917814
39797,13,20.7,17.706707
39797,14,20.8,17.379515
39797,15,20.7,17.22968
39797,16,20.7,17.192188
39797,17,20.7,17.24959
39797,18,20.6,17.359524
39797,19,19.7,17.677559
39797,20,21.0,18.326923
39797,21,22.7,19.175621
39797,22,24.9,20.170208
39797,23,26.3,21.11211
39797,24,27.2,21.919044
39988,1,27.5,22.525064
39988,2,27.3,23.260752
39988,3,26.6,23.993591
39988,4,29.0,24.53544
39988,5,29.6,24.916147
39988,6,25.9,25.063868
39988,7,25.4,24.93653
39988,8,25.6,24.814703
39988,9,25.7,24.649668
39988,10,24.0,24.329369
39988,11,24.5,24.076416
39988,12,24.6,23.73591
39988,13,24.7,23.277998
39988,14,24.4,22.737547
39988,15,24.2,22.33799
39988,16,24.7,22.016863
39988,17,25.5,21.674541
39988,18,24.7,21.314138
39988,19,24.5,20.91886
39988,20,23.5,20.718445
39988,21,23.3,20.707525
39988,22,24.0,20.968328
39988,23,24.3,21.337444
39988,24,24.4,21.887533
40167,1,28.7,24.158077
40167,2,29.1,24.80007
40167,3,29.1,25.090267
40167,4,28.8,24.742231
40167,5,27.1,24.076242
40167,6,25.2,23.096886
40167,7,25.4,21.810688
40167,8,22.9,20.699032
40167,9,22.0,19.81093
40167,10,21.9,19.106607
40167,11,22.7,18.513426
40167,12,22.1,17.9048
40167,13,21.7,17.21868
40167,14,21.2,16.464981
40167,15,20.8,15.831336
40167,16,20.3,15.440463
40167,17,17.6,15.2159195
40167,18,17.2,15.430803
40167,19,17.2,16.236906
40167,20,18.8,17.479053
40167,21,21.1,19.091812
40167,22,23.1,20.915234
40167,23,24.8,22.503622
40167,24,26.2,23.887348
40218,1,13.2,11.072895
40218,2,13.4,10.335696
40218,3,12.9,9.748957
40218,4,12.2,9.246683
40218,5,11.7,8.721919
40218,6,11.4,8.232686
40218,7,11.0,7.806833
40218,8,9.8,7.586795
40218,9,7.7,7.789366
40218,10,8.2,8.56894
40218,11,10.6,9.706213
40218,12,12.4,11.303993
40218,13,14.0,13.1839695
40218,14,15.8,14.985481
40218,15,17.5,16.66461
40218,16,19.0,18.001505
40218,17,20.4,18.727503
40218,18,21.6,18.930939
40218,19,21.5,18.568792
40218,20,18.6,17.849165
40218,21,16.9,16.838211
40218,22,14.9,15.593824
40218,23,13.2,14.384437
40218,24,12.6,13.267245
40318,1,15.7,12.4557495
40318,2,17.0,13.764094
40318,3,18.0,14.793634
40318,4,18.7,15.368084
40318,5,19.0,15.558617
40318,6,18.7,15.299322
40318,7,17.7,14.504629
40318,8,15.4,13.659469
40318,9,14.1,12.765869
40318,10,12.8,11.801188
40318,11,11.5,11.048121
40318,12,10.3,10.377855
40318,13,9.2,9.734648
40318,14,8.2,9.07451
40318,15,7.5,8.456185
40318,16,6.7,7.8722024
40318,17,6.0,7.235299
40318,18,5.5,6.690569
40318,19,5.3,6.3108764
40318,20,4.2,6.2444773
40318,21,4.0,6.6306534
40318,22,4.9,7.5188093
40318,23,8.2,8.673051
40318,24,11.8,10.070451
40797,1,-1.1,-1.4443967
40797,2,1.7,-0.4774356
40797,3,5.9,1.2123547
40797,4,11.5,3.304498
40797,5,14.1,5.439971
40797,6,15.2,7.4659343
40797,7,15.7,9.171439
40797,8,15.5,10.341711
40797,9,15.0,10.971565
40797,10,14.2,10.930098
40797,11,12.7,10.436649
40797,12,11.2,9.578956
40797,13,10.4,8.346989
40797,14,8.9,7.2201653
40797,15,8.0,6.1830626
40797,16,7.2,5.292341
40797,17,6.4,4.5734715
40797,18,5.7,3.8765984
40797,19,4.8,3.359243
40797,20,3.6,2.9156044
40797,21,3.8,2.431778
40797,22,3.9,1.9069548
40797,23,4.3,1.414269
40797,24,4.2,1.1581028
40812,1,3.6,-0.12921894
40812,2,3.7,-0.37383187
40812,3,3.5,-0.051038265
40812,4,3.1,0.838176
40812,5,4.4,2.114539
40812,6,6.9,3.819543
40812,7,8.6,5.8248625
40812,8,9.8,7.712322
40812,9,10.8,9.339726
40812,10,11.4,10.489462
40812,11,11.7,11.069767
40812,12,11.7,11.13359
40812,13,11.1,10.570318
40812,14,9.0,9.769658
40812,15,8.1,8.828484
40812,16,6.9,7.7503233
40812,17,4.9,6.837392
40812,18,3.8,5.9458003
40812,19,3.2,5.232176
40812,20,2.8,4.644477
40812,21,2.3,4.0818605
40812,22,1.7,3.4736185
40812,23,1.1,2.787201
40812,24,1.5,2.0716777
41059,1,5.7,1.5878962
41059,2,5.5,0.9466772
41059,3,5.2,0.5160836
41059,4,5.4,0.3114886
41059,5,5.4,0.31716478
41059,6,4.8,0.7095404
41059,7,4.2,1.6038716
41059,8,4.1,2.8634598
41059,9,4.2,4.486683
41059,10,5.0,6.3955975
41059,11,5.3,8.27476
41059,12,6.2,9.938563
41059,13,7.1,11.112026
41059,14,8.0,11.698829
41059,15,9.1,11.7900305
41059,16,9.2,11.269009
41059,17,8.6,10.428726
41059,18,8.1,9.256757
41059,19,8.1,7.912663
41059,20,8.0,6.751458
41059,21,8.5,5.692226
41059,22,10.1,4.834947
41059,23,10.0,4.1147804
41059,24,9.0,3.4110937
41369,1,23.3,20.611904
41369,2,21.5,19.04203
41369,3,19.9,17.746426
41369,4,18.2,16.691595
41369,5,17.0,15.785157
41369,6,16.2,15.031342
41369,7,15.6,14.294957
41369,8,14.6,13.622278
41369,9,13.2,13.040131
41369,10,12.4,12.625119
41369,11,12.4,12.562703
41369,12,12.0,13.050646
41369,13,14.5,14.235075
41369,14,18.7,15.760673
41369,15,22.4,17.921967
41369,16,24.9,20.416624
41369,17,26.8,22.733797
41369,18,28.2,24.581741
41369,19,29.2,25.745188
41369,20,29.8,26.224112
41369,21,30.0,26.05734
41369,22,29.7,25.184507
41369,23,28.9,24.01924
41369,24,26.8,22.575693
41983,1,40.5,36.508717
41983,2,40.7,37.53808
41983,3,40.8,38.60057
41983,4,40.8,38.842495
41983,5,40.3,38.448654
41983,6,39.3,37.38309
41983,7,36.3,35.55732
41983,8,34.5,33.618546
41983,9,33.3,31.576624
41983,10,32.8,29.371054
41983,11,30.5,27.760319
41983,12,29.5,26.23837
41983,13,27.2,24.975086
41983,14,25.9,23.847504
41983,15,25.1,23.471956
41983,16,24.4,23.725552
41983,17,26.0,24.471064
41983,18,28.3,25.315273
41983,19,31.2,26.659159
41983,20,34.3,28.555407
41983,21,36.6,30.745478
41983,22,38.4,33.185238
41983,23,39.7,35.510048
41983,24,40.7,37.4898
41992,1,41.2,39.003815
41992,2,41.0,37.529736
41992,3,40.3,35.95815
41992,4,37.9,34.185493
41992,5,35.8,32.62324
41992,6,34.2,31.187744
41992,7,32.7,29.754648
41992,8,30.8,28.514118
41992,9,29.0,27.178476
41992,10,27.6,25.542688
41992,11,27.0,24.155409
41992,12,26.9,22.943249
41992,13,26.0,22.276352
41992,14,26.7,22.059381
41992,15,28.6,22.976604
41992,16,31.8,24.916887
41992,17,34.5,27.462786
41992,18,36.6,30.118881
41992,19,38.4,32.59033
41992,20,40.2,34.72301
41992,21,41.6,36.27699
41992,22,42.3,37.17672
41992,23,42.8,37.423588
41992,24,43.4,37.08683
42350,1,34.1,27.579473
42350,2,35.8,29.3882
42350,3,37.0,31.225512
42350,4,37.6,32.671894
42350,5,38.0,33.62202
42350,6,38.0,33.991333
42350,7,37.8,33.649857
42350,8,37.1,33.07349
42350,9,36.2,32.31674
42350,10,33.9,31.322735
42350,11,31.4,30.445293
42350,12,30.4,29.493534
42350,13,28.9,28.385313
42350,14,27.8,27.23761
42350,15,26.2,26.213032
42350,16,24.7,25.258673
42350,17,23.8,24.301292
42350,18,22.7,23.377731
42350,19,21.6,22.746506
42350,20,22.0,22.565567
42350,21,23.4,22.90143
42350,22,25.7,23.85158
42350,23,28.6,25.078176
42350,24,31.5,26.615421
42466,1,34.6,30.477882
42466,2,32.5,29.173708
42466,3,31.0,27.924044
42466,4,29.8,26.732191
42466,5,28.7,25.578978
42466,6,27.7,24.633469
42466,7,26.9,24.05771
42466,8,26.9,24.041403
42466,9,28.2,24.8886
42466,10,30.7,26.738811
42466,11,33.8,28.933428
42466,12,36.8,31.54327
42466,13,40.0,34.21359
42466,14,42.0,36.51229
42466,15,42.4,38.46375
42466,16,42.8,39.80098
42466,17,42.7,40.25701
42466,18,42.3,40.090664
42466,19,41.7,39.24018
42466,20,41.2,38.089725
42466,21,40.2,36.66189
42466,22,38.5,35.095543
42466,23,37.4,33.49497
42466,24,35.5,31.982769
43144,1,27.1,24.537498
43144,2,24.6,23.344053
43144,3,23.2,22.044237
43144,4,21.5,20.556534
43144,5,20.0,19.276014
43144,6,18.7,18.148052
43144,7,17.3,17.102613
43144,8,16.2,16.2724
43144,9,15.4,15.403092
43144,10,13.8,14.319633
43144,11,13.2,13.360951
43144,12,13.1,12.453261
43144,13,13.5,11.888752
43144,14,12.8,11.593088
43144,15,12.3,12.125967
43144,16,13.6,13.483805
43144,17,17.1,15.384264
43144,18,20.6,17.527206
43144,19,22.8,19.677752
43144,20,25.1,21.653467
43144,21,26.5,23.228518
43144,22,27.4,24.243624
43144,23,27.9,24.647873
43144,24,27.8,24.471754
43251,1,17.5,13.497739
43251,2,17.5,12.803896
43251,3,16.7,12.314527
43251,4,16.7,11.942186
43251,5,16.9,11.741789
43251,6,16.5,11.919885
43251,7,17.0,12.648249
43251,8,17.6,13.814311
43251,9,18.3,15.428597
43251,10,19.6,17.336071
43251,11,20.0,19.277077
43251,12,22.3,20.954876
43251,13,23.3,22.088385
43251,14,23.8,22.621334
43251,15,23.2,22.722694
43251,16,23.1,22.191164
43251,17,21.8,21.365723
43251,18,21.4,20.150488
43251,19,21.1,18.679377
43251,20,20.0,17.46624
43251,21,19.3,16.304266
43251,22,19.1,15.324496
43251,23,18.9,14.504406
43251,24,18.4,13.753801
43414,1,10.8,7.2484655
43414,2,12.5,8.705095
43414,3,13.3,9.988505
43414,4,13.9,11.010542
43414,5,14.0,11.711965
43414,6,13.9,11.934004
43414,7,12.7,11.555918
43414,8,11.4,10.968273
43414,9,10.3,10.182863
43414,10,9.4,9.187809
43414,11,8.0,8.26067
43414,12,7.1,7.4171124
43414,13,6.1,6.643901
43414,14,5.1,6.0040298
43414,15,4.4,5.43771
43414,16,3.8,4.9805074
43414,17,3.3,4.408351
43414,18,3.0,3.8989506
43414,19,3.0,3.3896644
43414,20,2.4,2.9847684
43414,21,2.1,2.8725233
43414,22,1.9,3.1572366
43414,23,4.4,3.732521
43414,24,7.5,4.719371
44273,1,30.5,25.922197
44273,2,29.0,24.828592
44273,3,26.9,23.82674
44273,4,24.8,22.951576
44273,5,23.9,22.150866
44273,6,22.9,21.38762
44273,7,22.9,20.54977
44273,8,22.7,19.752367
44273,9,21.9,19.04954
44273,10,20.9,18.482924
44273,11,19.6,18.204367
44273,12,19.0,18.446806
44273,13,20.7,19.309689
44273,14,23.7,20.57825
44273,15,27.3,22.403566
44273,16,29.7,24.520494
44273,17,31.7,26.409552
44273,18,33.2,27.896282
44273,19,34.3,28.703102
44273,20,34.7,28.844593
44273,21,34.7,28.39824
44273,22,34.2,27.390123
44273,23,33.3,26.195066
44273,24,30.4,24.978146
44278,1,29.7,23.356869
44278,2,31.7,25.26701
44278,3,33.2,27.09932
44278,4,34.3,28.47827
44278,5,34.7,29.291046
44278,6,34.7,29.470394
44278,7,34.2,28.925713
44278,8,33.3,28.100843
44278,9,30.4,27.116995
44278,10,28.7,25.888304
44278,11,27.3,24.7884
44278,12,26.0,23.663765
44278,13,25.0,22.447199
44278,14,23.2,21.352259
44278,15,21.5,20.385277
44278,16,20.3,19.453018
44278,17,19.5,18.470293
44278,18,18.5,17.458963
44278,19,18.0,16.568644
44278,20,16.9,16.042301
44278,21,16.4,15.937483
44278,22,18.6,16.411137
44278,23,22.2,17.315693
44278,24,26.0,18.745543
44387,1,14.0,11.52903
44387,2,13.4,10.606076
44387,3,12.8,9.977927
44387,4,12.0,9.858258
44387,5,11.4,10.116301
44387,6,11.4,10.97823
44387,7,14.4,12.477268
44387,8,18.7,14.422156
44387,9,22.1,16.751423
44387,10,24.9,19.37271
44387,11,26.8,21.774944
44387,12,28.3,23.886442
44387,13,29.3,25.323257
44387,14,29.9,25.958755
44387,15,29.8,25.964867
44387,16,29.0,25.207792
44387,17,28.8,23.978409
44387,18,26.1,22.33399
44387,19,24.6,20.438976
44387,20,23.5,18.689062
44387,21,22.0,17.13294
44387,22,20.3,15.920406
44387,23,19.5,14.833225
44387,24,18.3,13.791595
44716,1,23.7,18.765331
44716,2,22.5,18.955622
44716,3,23.9,20.103224
44716,4,26.3,21.96775
44716,5,28.5,24.105192
44716,6,30.5,26.576275
44716,7,31.5,29.166435
44716,8,32.4,31.444965
44716,9,33.6,33.358395
44716,10,34.3,34.64668
44716,11,34.4,35.279797
44716,12,34.5,35.28008
44716,13,33.6,34.447495
44716,14,32.4,33.314873
44716,15,31.2,32.072716
44716,16,29.6,30.594063
44716,17,29.7,29.196451
44716,18,29.0,27.596186
44716,19,27.9,26.13015
44716,20,26.5,24.901459
44716,21,25.0,23.76038
44716,22,23.3,22.74677
44716,23,23.5,21.787739
44716,24,23.6,20.995619
44900,1,23.7,19.002598
44900,2,23.7,19.13743
44900,3,25.7,20.146654
44900,4,28.1,21.841415
44900,5,30.5,23.819635
44900,6,32.0,26.131523
44900,7,33.1,28.574654
44900,8,34.7,30.76488
44900,9,35.8,32.62934
44900,10,36.4,33.920444
44900,11,36.6,34.59433
44900,12,36.4,34.674015
44900,13,36.0,33.966434
44900,14,35.2,32.94092
44900,15,34.1,31.804562
44900,16,32.9,30.4407
44900,17,32.2,29.126316
44900,18,31.6,27.622435
44900,19,30.8,26.212461
44900,20,29.2,25.016829
44900,21,27.8,23.917051
44900,22,26.8,22.95553
44900,23,25.9,22.037704
44900,24,25.1,21.272303
45030,1,30.4,28.98169
45030,2,32.0,30.504862
45030,3,33.4,31.984123
45030,4,34.8,33.150215
45030,5,35.4,33.923965
45030,6,35.3,34.22889
45030,7,36.7,33.953682
45030,8,36.5,33.538807
45030,9,35.5,32.993557
45030,10,34.5,32.242695
45030,11,33.6,31.55744
45030,12,32.8,30.790037
45030,13,33.3,29.865322
45030,14,32.4,28.868938
45030,15,31.4,27.988056
45030,16,30.4,27.166958
45030,17,29.3,26.2927
45030,18,28.4,25.445206
45030,19,27.5,24.765152
45030,20,27.5,24.446526
45030,21,29.7,24.600267
45030,22,31.9,25.333755
45030,23,33.7,26.31709
45030,24,35.7,27.607956
45587,1,11.5,10.023507
45587,2,10.8,9.481561
45587,3,10.0,9.027128
45587,4,8.8,8.565992
45587,5,7.9,8.084906
45587,6,7.2,7.672315
45587,7,6.5,7.440606
45587,8,6.4,7.469156
45587,9,6.2,7.962136
45587,10,7.1,8.962996
45587,11,9.0,10.230854
45587,12,11.4,11.751183
45587,13,13.4,13.306768
45587,14,15.0,14.701913
45587,15,16.3,15.844769
45587,16,17.6,16.52204
45587,17,18.5,16.661535
45587,18,18.8,16.351599
45587,19,17.4,15.543932
45587,20,14.9,14.577421
45587,21,13.7,13.401445
45587,22,12.8,12.095766
45587,23,12.1,10.928574
45587,24,10.9,9.965811
45680,1,17.4,13.725768
45680,2,18.3,13.557824
45680,3,18.1,13.01336
45680,4,17.2,12.051384
45680,5,15.1,11.127815
45680,6,14.5,10.209261
45680,7,13.8,9.297287
45680,8,13.0,8.692799
45680,9,12.2,8.312198
45680,10,11.5,8.072583
45680,11,11.7,7.826403
45680,12,11.1,7.552031
45680,13,10.5,7.2076683
45680,14,10.4,6.7845826
45680,15,9.9,6.437916
45680,16,9.5,6.351254
45680,17,9.6,6.470953
45680,18,9.8,7.075833
45680,19,9.4,8.11083
45680,20,10.4,9.362705
45680,21,12.6,10.744246
45680,22,13.3,12.067401
45680,23,13.9,12.99498
45680,24,14.8,13.621085
45866,1,11.9,10.543981
45866,2,11.4,9.449429
45866,3,10.7,8.608846
45866,4,10.0,8.007407
45866,5,9.5,7.5493946
45866,6,9.0,7.1293516
45866,7,8.4,6.6030173
45866,8,8.2,6.045498
45866,9,7.9,5.5554347
45866,10,7.8,5.259576
45866,11,7.0,5.2282634
45866,12,7.2,5.7868304
45866,13,7.2,7.001325
45866,14,7.8,8.596565
45866,15,9.3,10.60573
45866,16,11.2,12.84925
45866,17,13.6,14.773714
45866,18,15.3,16.325308
45866,19,16.5,17.211637
45866,20,16.7,17.368652
45866,21,16.4,16.866602
45866,22,15.4,15.655117
45866,23,13.1,14.196564
45866,24,11.8,12.681821
46260,1,7.0,5.6635494
46260,2,6.7,4.7511797
46260,3,6.8,4.2679567
46260,4,7.5,4.3064885
46260,5,6.4,4.8428006
46260,6,6.1,6.084484
46260,7,7.6,8.036829
46260,8,11.6,10.327405
46260,9,15.2,12.757005
46260,10,18.0,15.073283
46260,11,20.0,16.99989
46260,12,21.5,18.348763
46260,13,22.2,18.83739
46260,14,22.6,18.584993
46260,15,21.8,17.857384
46260,16,19.7,16.560291
46260,17,18.2,15.221527
46260,18,15.2,13.682183
46260,19,13.8,12.159489
46260,20,13.3,10.968004
46260,21,12.4,9.961117
46260,22,11.6,9.185121
46260,23,11.0,8.437913
46260,24,10.8,7.587557
46410,1,14.5,11.708999
46410,2,14.2,10.876091
46410,3,14.5,10.265831
46410,4,14.6,9.854544
46410,5,14.4,9.507293
46410,6,14.1,9.166185
46410,7,13.4,8.749139
46410,8,12.9,8.335806
46410,9,12.6,8.104051
46410,10,12.4,8.195745
46410,11,12.3,8.514222
46410,12,12.5,9.366484
46410,13,13.5,10.72253
46410,14,15.2,12.346159
46410,15,17.2,14.173372
46410,16,19.1,16.026188
46410,17,21.0,17.429438
46410,18,22.8,18.446617
46410,19,21.4,18.860832
46410,20,20.0,18.65585
46410,21,20.4,17.915606
46410,22,20.4,16.604622
46410,23,18.6,15.14214
46410,24,16.7,13.732743
46951,1,23.7,19.30807
46951,2,23.0,20.460506
46951,3,22.6,21.414602
46951,4,21.3,21.801556
46951,5,20.3,21.712845
46951,6,21.0,21.147736
46951,7,21.1,20.08929
46951,8,19.0,19.045353
46951,9,18.8,18.06198
46951,10,17.3,17.120234
46951,11,16.9,16.523222
46951,12,16.2,15.992308
46951,13,15.8,15.493177
46951,14,15.3,14.917966
46951,15,15.1,14.474159
46951,16,15.1,14.090487
46951,17,15.1,13.716786
46951,18,15.0,13.383648
46951,19,14.9,13.288467
46951,20,15.3,13.617039
46951,21,15.9,14.388386
46951,22,16.4,15.615174
46951,23,17.1,17.034595
46951,24,18.0,18.524166
47502,1,19.5,16.836515
47502,2,22.0,19.045969
47502,3,24.9,21.766588
47502,4,27.9,24.456663
47502,5,30.7,26.71807
47502,6,32.8,28.288109
47502,7,33.2,28.949497
47502,8,32.7,28.90116
47502,9,32.0,28.278332
47502,10,30.6,26.99081
47502,11,28.0,25.550697
47502,12,25.6,23.980019
47502,13,23.8,22.302673
47502,14,22.7,20.983755
47502,15,22.2,19.966946
47502,16,21.9,19.244486
47502,17,21.3,18.563168
47502,18,20.6,17.817934
47502,19,20.0,17.0938
47502,20,19.6,16.46616
47502,21,19.0,15.873983
47502,22,18.5,15.490188
47502,23,17.7,15.39491
47502,24,17.6,15.955509
47551,1,25.4,21.472797
47551,2,28.1,23.044325
47551,3,29.7,24.50525
47551,4,29.7,25.317953
47551,5,29.0,25.496428
47551,6,28.0,25.005123
47551,7,26.9,23.803104
47551,8,26.1,22.481918
47551,9,24.1,21.152864
47551,10,22.2,19.829897
47551,11,21.1,18.930717
47551,12,20.2,18.144789
47551,13,19.6,17.456211
47551,14,19.4,16.768354
47551,15,19.2,16.290886
47551,16,18.9,15.937989
47551,17,18.7,15.597529
47551,18,18.2,15.261038
47551,19,17.6,15.1966
47551,20,17.9,15.594633
47551,21,18.0,16.455156
47551,22,19.6,17.813353
47551,23,21.9,19.415009
47551,24,24.5,21.14657
47589,1,22.1,16.004135
47589,2,21.3,16.450785
47589,3,21.6,17.926468
47589,4,23.4,20.074541
47589,5,26.0,22.464045
47589,6,29.4,25.125013
47589,7,32.8,27.818256
47589,8,35.8,30.02319
47589,9,38.1,31.69305
47589,10,38.8,32.502655
47589,11,37.6,32.55946
47589,12,34.7,31.88827
47589,13,32.6,30.34628
47589,14,30.4,28.69711
47589,15,28.6,27.058695
47589,16,27.1,25.340546
47589,17,26.1,23.9356
47589,18,25.5,22.446909
47589,19,25.3,21.259678
47589,20,24.9,20.342268
47589,21,24.3,19.43013
47589,22,23.5,18.531906
47589,23,22.8,17.651234
47589,24,22.3,16.972733
48301,1,8.3,5.7965794
48301,2,7.7,5.8859777
48301,3,7.7,6.514481
48301,4,8.3,7.68682
48301,5,10.4,9.215389
48301,6,12.5,11.051297
48301,7,14.1,12.989444
48301,8,15.4,14.711849
48301,9,16.2,16.067205
48301,10,16.4,16.84608
48301,11,16.3,17.0193
48301,12,15.7,16.735834
48301,13,14.9,15.896038
48301,14,13.6,14.926083
48301,15,12.9,13.892612
48301,16,12.5,12.843263
48301,17,12.0,11.952335
48301,18,11.3,11.160641
48301,19,10.2,10.548819
48301,20,9.8,10.004047
48301,21,9.6,9.4751835
48301,22,9.8,8.895664
48301,23,9.9,8.208377
48301,24,9.7,7.5986395
48444,1,12.7,8.448353
48444,2,12.4,7.6141005
48444,3,12.1,7.149878
48444,4,10.4,7.0609026
48444,5,9.0,7.397472
48444,6,9.0,8.358222
48444,7,9.8,10.018098
48444,8,12.0,12.041774
48444,9,14.6,14.24843
48444,10,16.9,16.358063
48444,11,19.2,18.162813
48444,12,21.1,19.38483
48444,13,22.3,19.785515
48444,14,22.7,19.503054
48444,15,22.2,18.820383
48444,16,19.8,17.625677
48444,17,16.9,16.441809
48444,18,15.7,15.070766
48444,19,15.2,13.691576
48444,20,15.1,12.6791725
48444,21,14.4,11.792608
48444,22,13.9,11.083783
48444,23,13.4,10.405638
48444,24,13.6,9.63938
49165,1,13.4,6.7037277
49165,2,13.1,6.8252563
49165,3,12.5,8.058451
49165,4,14.0,10.143839
49165,5,18.2,12.619411
49165,6,20.1,15.55405
49165,7,22.0,18.673088
49165,8,23.1,21.298058
49165,9,24.2,23.344162
49165,10,24.9,24.488363
49165,11,25.2,24.732227
49165,12,25.2,24.185953
49165,13,25.0,22.694626
49165,14,23.8,21.05209
49165,15,21.0,19.33546
49165,16,19.7,17.49791
49165,17,17.9,16.022661
49165,18,17.3,14.522482
49165,19,16.0,13.421772
49165,20,15.9,12.562483
49165,21,15.7,11.696756
49165,22,16.1,10.745534
49165,23,16.3,9.731153
49165,24,15.0,8.798393
49190,1,13.9,11.18398
49190,2,14.6,12.534083
49190,3,16.4,14.194645
49190,4,17.2,15.934267
49190,5,18.8,17.542799
49190,6,20.1,18.820562
49190,7,21.9,19.58886
49190,8,21.9,19.937716
49190,9,20.4,19.869383
49190,10,19.6,19.270699
49190,11,18.2,18.418827
49190,12,16.6,17.394295
49190,13,15.8,16.189692
49190,14,15.0,15.167459
49190,15,14.4,14.296884
49190,16,14.0,13.629966
49190,17,13.7,13.014851
49190,18,13.2,12.460974
49190,19,12.7,11.951626
49190,20,12.3,11.484562
49190,21,11.9,11.052036
49190,22,11.7,10.734031
49190,23,11.1,10.533843
49190,24,11.2,10.760727
49615,1,20.0,17.934017
49615,2,22.6,19.48249
49615,3,24.1,20.85297
49615,4,25.1,21.649736
49615,5,25.0,21.883783
49615,6,24.1,21.481869
49615,7,22.6,20.386131
49615,8,21.2,19.161247
49615,9,19.4,17.894388
49615,10,17.5,16.597086
49615,11,16.6,15.6600895
49615,12,15.9,14.86758
49615,13,16.0,14.206722
49615,14,15.4,13.602545
49615,15,15.0,13.176253
49615,16,14.9,12.868776
49615,17,14.7,12.51425
49615,18,14.9,12.168461
49615,19,14.9,11.975138
49615,20,14.8,12.12162
49615,21,15.0,12.671484
49615,22,15.8,13.689546
49615,23,16.7,14.982631
49615,24,17.1,16.513987
49817,1,18.3,15.587887
49817,2,17.6,14.38281
49817,3,16.8,13.303497
49817,4,15.9,12.251096
49817,5,15.5,11.410188
49817,6,15.0,10.77652
49817,7,14.6,10.29579
49817,8,14.4,10.010443
49817,9,14.0,9.76004
49817,10,13.6,9.459963
49817,11,13.3,9.359526
49817,12,13.0,9.387535
49817,13,12.2,9.710861
49817,14,12.5,10.12067
49817,15,14.0,11.061249
49817,16,15.7,12.404378
49817,17,17.0,13.954455
49817,18,17.9,15.434585
49817,19,18.8,16.702148
49817,20,19.6,17.761229
49817,21,20.0,18.467903
49817,22,20.8,18.686804
49817,23,21.5,18.527777
49817,24,20.6,17.917307
49835,1,16.6,13.030831
49835,2,16.2,12.328141
49835,3,15.8,11.764999
49835,4,15.5,11.220171
49835,5,15.1,10.713247
49835,6,14.6,10.408953
49835,7,14.2,10.473032
49835,8,14.1,10.98393
49835,9,15.3,12.049571
49835,10,17.0,13.668053
49835,11,18.9,15.59193
49835,12,21.1,17.58284
49835,13,22.7,19.371141
49835,14,25.7,20.64496
49835,15,26.9,21.541487
49835,16,26.5,21.829323
49835,17,25.8,21.604425
49835,18,25.5,20.853178
49835,19,25.0,19.657911
49835,20,23.7,18.537014
49835,21,22.2,17.384243
49835,22,20.7,16.350147
49835,23,19.6,15.482569
49835,24,18.8,14.687499
50024,1,27.2,23.774677
50024,2,27.2,23.394222
50024,3,26.9,22.695631
50024,4,26.4,21.54628
50024,5,24.8,20.357176
50024,6,22.9,19.143068
50024,7,20.9,17.89136
50024,8,19.7,16.880182
50024,9,18.9,16.101664
50024,10,18.5,15.494914
50024,11,18.0,14.854099
50024,12,17.5,14.232889
50024,13,17.0,13.658625
50024,14,16.7,13.186716
50024,15,16.4,13.032049
50024,16,16.7,13.362838
50024,17,16.7,14.0210705
50024,18,17.3,15.229147
50024,19,18.2,17.008955
50024,20,19.7,18.931774
50024,21,21.5,20.868416
50024,22,22.9,22.53267
50024,23,24.8,23.595753
50024,24,26.4,24.181004
50195,1,24.7,20.080706
50195,2,24.8,19.758049
50195,3,24.9,19.559303
50195,4,24.9,19.374624
50195,5,25.1,19.235855
50195,6,25.1,19.196976
50195,7,24.7,19.342646
50195,8,24.3,19.726217
50195,9,23.5,20.39505
50195,10,24.0,21.253677
50195,11,25.6,22.210188
50195,12,26.4,23.137165
50195,13,27.4,23.886003
50195,14,27.9,24.410702
50195,15,28.1,24.842419
50195,16,27.9,24.999796
50195,17,27.1,24.88314
50195,18,26.3,24.471474
50195,19,25.7,23.716398
50195,20,25.3,22.974508
50195,21,25.0,22.140343
50195,22,24.9,21.3078
50195,23,25.0,20.550455
50195,24,25.2,19.939898
50319,1,27.7,22.743614
50319,2,28.1,23.33439
50319,3,28.1,23.91411
50319,4,28.2,24.227192
50319,5,28.3,24.341988
50319,6,27.3,24.20631
50319,7,26.9,23.814041
50319,8,26.2,23.477262
50319,9,25.4,23.172548
50319,10,25.3,22.800077
50319,11,25.1,22.609465
50319,12,25.4,22.387833
50319,13,25.3,22.121925
50319,14,25.3,21.775936
50319,15,25.3,21.612995
50319,16,25.1,21.532293
50319,17,24.8,21.42441
50319,18,24.1,21.251383
50319,19,23.1,20.996157
50319,20,23.2,20.940754
50319,21,23.0,21.032736
50319,22,23.0,21.343765
50319,23,25.4,21.754622
50319,24,26.8,22.288227
50493,1,14.8,9.847501
50493,2,14.2,9.694215
50493,3,13.9,9.949964
50493,4,13.6,10.665298
50493,5,14.5,11.735936
50493,6,16.1,13.152941
50493,7,18.3,14.793711
50493,8,20.4,16.397875
50493,9,22.1,17.792566
50493,10,23.2,18.762756
50493,11,23.7,19.245167
50493,12,23.5,19.293997
50493,13,22.8,18.815416
50493,14,21.7,18.10668
50493,15,20.6,17.326624
50493,16,19.5,16.479603
50493,17,18.9,15.728912
50493,18,17.7,15.020311
50493,19,17.0,14.372763
50493,20,16.6,13.810022
50493,21,16.4,13.273285
50493,22,16.0,12.722323
50493,23,15.7,12.076491
50493,24,15.3,11.459662
50858,1,20.6,17.09837
50858,2,20.3,16.708797
50858,3,20.3,16.435646
50858,4,20.2,16.160206
50858,5,19.5,15.919194
50858,6,19.4,15.665704
50858,7,19.5,15.402556
50858,8,19.6,15.232426
50858,9,19.7,15.191808
50858,10,19.7,15.256372
50858,11,20.0,15.474834
50858,12,20.4,15.864501
50858,13,20.8,16.425798
50858,14,20.4,17.065357
50858,15,21.0,17.907578
50858,16,21.2,18.822733
50858,17,21.6,19.578453
50858,18,21.1,20.15225
50858,19,21.6,20.392216
50858,20,22.1,20.413538
50858,21,21.8,20.150541
50858,22,21.6,19.586857
50858,23,21.4,18.907766
50858,24,21.2,18.242838
50910,1,15.7,13.161962
50910,2,15.1,13.732692
50910,3,15.7,14.408052
50910,4,16.6,15.076915
50910,5,18.3,15.749523
50910,6,19.7,16.277893
50910,7,20.2,16.594954
50910,8,20.2,16.853134
50910,9,19.0,16.977041
50910,10,18.0,16.860048
50910,11,17.3,16.670645
50910,12,16.4,16.37934
50910,13,15.5,15.979097
50910,14,12.0,15.562833
50910,15,11.5,15.2575445
50910,16,11.4,15.084606
50910,17,11.3,14.892628
50910,18,11.2,14.73564
50910,19,11.1,14.47674
50910,20,11.0,14.248045
50910,21,10.7,14.02059
50910,22,10.6,13.844935
50910,23,10.5,13.675597
50910,24,10.5,13.703831
51031,1,25.5,20.941603
51031,2,26.3,21.913012
51031,3,26.8,22.81238
51031,4,26.8,23.391314
51031,5,26.5,23.678883
51031,6,26.1,23.61225
51031,7,25.6,23.152641
51031,8,24.8,22.672613
51031,9,24.0,22.167625
51031,10,23.7,21.56073
51031,11,23.6,21.116459
51031,12,23.4,20.653437
51031,13,23.2,20.147852
51031,14,23.0,19.592642
51031,15,22.8,19.187435
51031,16,22.6,18.865723
51031,17,22.4,18.508898
51031,18,22.1,18.141792
51031,19,22.0,17.787954
51031,20,22.0,17.684488
51031,21,21.8,17.848253
51031,22,21.7,18.353643
51031,23,22.8,19.028694
51031,24,24.4,19.899513
51705,1,27.6,22.874407
51705,2,26.9,22.148905
51705,3,25.9,21.476173
51705,4,25.1,20.722017
51705,5,24.8,20.066633
51705,6,24.6,19.501904
51705,7,24.5,19.037378
51705,8,24.4,18.793684
51705,9,24.5,18.692001
51705,10,24.4,18.635363
51705,11,24.2,18.738863
51705,12,23.8,18.900574
51705,13,23.1,19.186533
51705,14,22.8,19.47356
51705,15,22.9,20.120344
51705,16,23.8,21.011736
51705,17,25.5,21.974531
51705,18,25.5,22.877972
51705,19,26.2,23.595476
51705,20,26.8,24.224619
51705,21,27.2,24.62355
51705,22,27.4,24.730421
51705,23,27.7,24.56912
51705,24,27.6,24.165974
51859,1,26.6,21.746923
51859,2,26.7,21.323935
51859,3,26.5,21.049961
51859,4,26.3,20.840435
51859,5,25.9,20.74186
51859,6,25.6,20.831278
51859,7,25.3,21.200626
51859,8,25.1,21.88907
51859,9,25.0,22.890867
51859,10,26.2,24.084705
51859,11,28.4,25.348833
51859,12,30.4,26.492853
51859,13,32.2,27.332033
51859,14,33.3,27.788523
51859,15,33.0,28.076975
51859,16,32.3,28.017591
51859,17,31.6,27.682812
51859,18,30.0,27.034792
51859,19,29.2,26.062828
51859,20,29.6,25.188602
51859,21,28.2,24.299404
51859,22,27.8,23.51823
51859,23,26.1,22.814928
51859,24,26.0,22.215284
51974,1,27.4,22.5334
51974,2,27.6,23.029331
51974,3,28.2,23.616589
51974,4,29.0,24.139366
51974,5,28.9,24.623047
51974,6,28.9,24.968597
51974,7,29.0,25.135517
51974,8,28.7,25.317188
51974,9,28.7,25.438177
51974,10,28.8,25.360508
51974,11,28.5,25.276154
51974,12,28.0,25.063765
51974,13,27.5,24.7032
51974,14,27.1,24.259398
51974,15,27.1,23.971216
51974,16,27.0,23.780226
51974,17,26.8,23.566015
51974,18,26.7,23.313597
51974,19,26.6,22.928112
51974,20,26.4,22.64947
51974,21,26.6,22.431578
51974,22,26.8,22.360317
51974,23,26.8,22.33176
51974,24,26.9,22.47907
52068,1,28.5,22.359068
52068,2,28.2,22.175552
52068,3,27.8,22.149067
52068,4,27.5,22.307816
52068,5,27.4,22.683601
52068,6,27.3,23.272198
52068,7,28.3,24.064852
52068,8,29.2,25.059164
52068,9,29.8,26.110727
52068,10,30.2,27.03337
52068,11,30.7,27.797144
52068,12,31.0,28.292406
52068,13,31.2,28.406647
52068,14,31.3,28.196186
52068,15,31.1,27.933807
52068,16,30.6,27.531784
52068,17,30.2,27.036522
52068,18,29.7,26.428349
52068,19,29.2,25.628258
52068,20,29.0,24.92961
52068,21,28.8,24.28667
52068,22,28.7,23.785625
52068,23,27.6,23.287395
52068,24,26.9,22.8803
52604,1,25.4,21.446033
52604,2,25.3,21.15607
52604,3,25.3,21.08979
52604,4,25.0,21.307133
52604,5,24.8,21.80704
52604,6,24.9,22.609282
52604,7,25.5,23.690315
52604,8,29.4,24.98692
52604,9,30.3,26.328829
52604,10,31.4,27.512592
52604,11,31.5,28.46559
52604,12,29.5,29.08078
52604,13,29.6,29.22119
52604,14,30.5,28.955484
52604,15,30.2,28.584301
52604,16,30.4,28.01762
52604,17,25.8,27.356327
52604,18,25.6,26.56709
52604,19,25.8,25.598988
52604,20,25.4,24.761017
52604,21,25.3,24.013771
52604,22,25.3,23.44202
52604,23,25.4,22.875263
52604,24,25.4,22.374556
53477,1,21.9,17.995447
53477,2,21.8,18.184128
53477,3,21.2,18.43658
53477,4,21.6,18.79504
53477,5,22.4,19.299631
53477,6,23.7,19.882748
53477,7,24.8,20.50493
53477,8,25.6,21.212177
53477,9,25.8,21.858467
53477,10,26.1,22.265703
53477,11,25.8,22.484509
53477,12,25.8,22.466969
53477,13,25.6,22.161304
53477,14,24.9,21.69125
53477,15,23.8,21.248577
53477,16,23.5,20.814808
53477,17,22.9,20.361395
53477,18,22.3,19.922688
53477,19,21.1,19.357431
53477,20,19.9,18.86004
53477,21,18.8,18.420942
53477,22,17.4,18.104425
53477,23,16.6,17.7963
53477,24,15.7,17.649105
53576,1,25.3,21.406637
53576,2,25.1,21.598307
53576,3,25.5,21.660755
53576,4,25.2,21.401049
53576,5,24.3,20.98781
53576,6,23.9,20.44042
53576,7,24.3,19.792183
53576,8,24.3,19.326653
53576,9,24.2,19.025616
53576,10,24.2,18.806265
53576,11,24.0,18.778984
53576,12,23.8,18.749302
53576,13,24.0,18.688887
53576,14,23.9,18.520544
53576,15,23.6,18.492128
53576,16,23.5,18.52116
53576,17,23.4,18.559755
53576,18,23.4,18.616367
53576,19,24.0,18.71532
53576,20,24.5,19.022818
53576,21,25.3,19.47907
53576,22,24.8,20.064653
53576,23,24.6,20.63132
53576,24,24.3,21.149511
53580,1,24.0,18.843079
53580,2,23.9,18.58357
53580,3,23.6,18.434399
53580,4,23.5,18.363956
53580,5,23.4,18.480276
53580,6,23.4,18.804073
53580,7,24.0,19.383892
53580,8,24.5,20.210506
53580,9,25.3,21.143705
53580,10,24.8,21.977772
53580,11,24.6,22.732536
53580,12,24.3,23.211348
53580,13,25.4,23.331785
53580,14,24.7,23.139626
53580,15,25.1,22.916107
53580,16,24.8,22.561802
53580,17,23.6,22.182074
53580,18,23.3,21.699389
53580,19,23.4,21.035904
53580,20,23.1,20.525501
53580,21,22.5,20.038399
53580,22,22.6,19.642075
53580,23,22.4,19.253761
53580,24,21.9,18.910345
53669,1,12.9,8.883185
53669,2,12.4,8.832638
53669,3,12.1,9.410319
53669,4,12.1,10.683592
53669,5,12.9,12.344419
53669,6,16.4,14.36213
53669,7,20.3,16.49011
53669,8,22.0,18.456114
53669,9,23.0,20.065725
53669,10,24.0,21.155924
53669,11,24.3,21.671328
53669,12,24.2,21.756016
53669,13,23.7,21.304247
53669,14,22.7,20.553675
53669,15,21.6,19.736372
53669,16,20.6,18.855217
53669,17,19.7,17.993563
53669,18,18.9,17.099525
53669,19,18.3,16.249834
53669,20,17.9,15.448566
53669,21,17.7,14.761677
53669,22,17.7,14.151316
53669,23,17.6,13.466485
53669,24,17.6,12.789885
53743,1,22.1,17.372679
53743,2,22.6,17.98894
53743,3,23.3,18.542044
53743,4,23.2,18.966696
53743,5,22.9,19.28875
53743,6,23.0,19.427477
53743,7,22.5,19.3372
53743,8,22.1,19.252449
53743,9,21.6,19.11816
53743,10,21.1,18.829916
53743,11,21.2,18.562637
53743,12,21.5,18.251263
53743,13,21.6,17.879044
53743,14,21.5,17.486494
53743,15,21.0,17.212145
53743,16,20.8,17.009024
53743,17,20.9,16.738262
53743,18,20.2,16.456722
53743,19,20.1,16.045437
53743,20,20.0,15.713057
53743,21,20.5,15.50428
53743,22,20.7,15.491518
53743,23,20.9,15.599507
53743,24,21.6,15.938861
53768,1,21.9,18.797401
53768,2,20.3,18.962942
53768,3,19.2,18.99664
53768,4,17.8,18.711344
53768,5,16.7,18.289148
53768,6,15.3,17.751225
53768,7,14.2,17.129196
53768,8,13.8,16.693033
53768,9,13.3,16.41278
53768,10,12.3,16.206444
53768,11,10.8,16.18067
53768,12,9.9,16.140999
53768,13,8.8,16.06364
53768,14,8.2,15.869405
53768,15,7.8,15.801755
53768,16,7.5,15.796724
53768,17,7.2,15.826739
53768,18,6.9,15.904978
53768,19,6.1,16.06296
53768,20,6.6,16.443382
53768,21,8.8,16.9803
53768,22,11.7,17.6331
53768,23,13.9,18.249609
53768,24,15.8,18.785046
54776,1,30.5,25.177538
54776,2,29.4,25.39548
54776,3,29.2,25.60748
54776,4,28.9,25.474787
54776,5,28.5,25.151646
54776,6,27.9,24.638422
54776,7,27.9,23.97047
54776,8,27.6,23.44739
54776,9,27.6,23.085659
54776,10,27.6,22.811607
54776,11,27.5,22.778692
54776,12,27.3,22.748991
54776,13,27.2,22.699694
54776,14,27.1,22.55496
54776,15,26.9,22.612072
54776,16,26.8,22.773478
54776,17,26.7,22.97115
54776,18,26.8,23.156925
54776,19,27.9,23.41125
54776,20,28.5,23.893745
54776,21,29.0,24.46688
54776,22,28.9,25.10868
54776,23,29.4,25.675247
54776,24,29.7,26.15011
55011,1,26.4,22.389614
55011,2,26.6,21.951393
55011,3,26.3,21.663177
55011,4,26.3,21.459522
55011,5,25.8,21.400177
55011,6,26.1,21.544065
55011,7,26.6,21.96318
55011,8,26.4,22.696663
55011,9,26.6,23.70128
55011,10,28.8,24.842636
55011,11,29.7,26.018953
55011,12,30.8,27.048988
55011,13,31.8,27.770159
55011,14,32.2,28.111073
55011,15,32.0,28.325579
55011,16,30.1,28.253353
55011,17,31.1,27.952124
55011,18,30.8,27.386059
55011,19,30.3,26.522297
55011,20,30.8,25.75814
55011,21,30.7,24.98772
55011,22,25.5,24.316784
55011,23,25.5,23.683414
55011,24,25.8,23.115915
55404,1,11.7,8.519212
55404,2,11.4,8.122454
55404,3,10.7,7.7701178
55404,4,9.7,7.3811426
55404,5,8.7,7.003634
55404,6,9.4,6.6665697
55404,7,9.2,6.4446983
55404,8,8.5,6.4386787
55404,9,7.9,6.77328
55404,10,7.3,7.459034
55404,11,10.4,8.366496
55404,12,11.7,9.477867
55404,13,12.9,10.63415
55404,14,14.4,11.682446
55404,15,15.5,12.571008
55404,16,15.9,13.146454
55404,17,15.9,13.327308
55404,18,15.2,13.193668
55404,19,13.9,12.65509
55404,20,12.9,11.98226
55404,21,12.2,11.123499
55404,22,12.2,10.132268
55404,23,12.4,9.223627
55404,24,12.5,8.481149
56254,1,11.8,7.583686
56254,2,10.6,7.8642435
56254,3,8.9,8.141814
56254,4,7.7,8.367832
56254,5,11.1,8.645152
56254,6,11.2,9.002531
56254,7,11.6,9.473308
56254,8,11.9,10.010327
56254,9,12.1,10.555554
56254,10,12.0,10.882484
56254,11,12.2,11.073206
56254,12,12.2,10.982725
56254,13,11.6,10.497999
56254,14,9.6,9.900763
56254,15,6.6,9.170502
56254,16,4.2,8.2470665
56254,17,4.0,7.3713546
56254,18,2.9,6.464165
56254,19,2.4,5.5297356
56254,20,1.3,4.8072
56254,21,0.7,4.1610155
56254,22,0.5,3.6943192
56254,23,0.7,3.4257193
56254,24,0.8,3.4417136
56399,1,4.8,1.6066079
56399,2,4.9,2.140392
56399,3,6.5,2.9172575
56399,4,7.4,3.8222692
56399,5,8.8,4.733057
56399,6,10.4,5.564486
56399,7,10.5,6.2417455
56399,8,10.2,6.717034
56399,9,10.2,6.9720864
56399,10,10.3,6.910681
56399,11,10.6,6.665274
56399,12,10.1,6.2683153
56399,13,9.2,5.7219405
56399,14,7.7,5.250588
56399,15,7.4,4.849272
56399,16,6.8,4.5168114
56399,17,6.8,4.217428
56399,18,7.0,3.9267135
56399,19,6.9,3.6259332
56399,20,6.6,3.3247848
56399,21,6.2,3.0026655
56399,22,6.0,2.6493373
56399,23,5.7,2.3534257
56399,24,4.9,2.2404742
56904,1,19.4,15.611559
56904,2,20.5,16.75128
56904,3,21.4,17.853542
56904,4,21.8,18.515396
56904,5,22.3,18.776064
56904,6,22.0,18.604202
56904,7,21.6,17.94165
56904,8,21.4,17.204
56904,9,20.8,16.4307
56904,10,19.2,15.607006
56904,11,17.2,15.022794
56904,12,16.7,14.452621
56904,13,16.1,13.859013
56904,14,15.1,13.202425
56904,15,14.1,12.661629
56904,16,13.6,12.209884
56904,17,13.1,11.819574
56904,18,12.6,11.507138
56904,19,11.9,11.514444
56904,20,11.9,11.919407
56904,21,13.4,12.707447
56904,22,15.6,13.853308
56904,23,18.4,15.111075
56904,24,20.8,16.400936
56908,1,16.1,13.271141
56908,2,15.1,12.511024
56908,3,14.1,11.890212
56908,4,13.6,11.277823
56908,5,13.1,10.652225
56908,6,12.6,10.174964
56908,7,11.9,9.987462
56908,8,11.9,10.228189
56908,9,13.4,11.041922
56908,10,15.6,12.492564
56908,11,18.4,14.352942
56908,12,20.8,16.424923
56908,13,22.8,18.45124
56908,14,24.0,20.016907
56908,15,25.0,21.258598
56908,16,25.6,21.915827
56908,17,24.8,21.988066
56908,18,23.0,21.463892
56908,19,22.0,20.430792
56908,20,21.3,19.381947
56908,21,20.3,18.268713
56908,22,19.6,17.237677
56908,23,20.0,16.36985
56908,24,19.1,15.548799
57090,1,23.6,21.53539
57090,2,23.4,20.778172
57090,3,23.1,20.08728
57090,4,22.9,19.337072
57090,5,22.6,18.690447
57090,6,22.1,18.13914
57090,7,22.0,17.675478
57090,8,22.3,17.408527
57090,9,22.3,17.215809
57090,10,22.2,16.988464
57090,11,22.1,16.974566
57090,12,22.1,17.034369
57090,13,22.1,17.277594
57090,14,22.2,17.550232
57090,15,23.2,18.256895
57090,16,24.4,19.24302
57090,17,26.5,20.342167
57090,18,28.3,21.317282
57090,19,29.7,22.036785
57090,20,30.9,22.640705
57090,21,31.4,22.99704
57090,22,30.5,23.071175
57090,23,30.7,22.926004
57090,24,31.1,22.536974
57447,1,18.0,14.917312
57447,2,19.7,16.09579
57447,3,21.5,17.513557
57447,4,23.0,18.970333
57447,5,24.2,20.31117
57447,6,25.1,21.343748
57447,7,25.7,21.93677
57447,8,25.5,22.237162
57447,9,25.4,22.223549
57447,10,25.2,21.7848
57447,11,25.0,21.181349
57447,12,23.7,20.432629
57447,13,21.7,19.533394
57447,14,20.8,18.733835
57447,15,20.3,18.084202
57447,16,19.3,17.607027
57447,17,19.0,17.116226
57447,18,18.7,16.637054
57447,19,18.2,16.09112
57447,20,17.9,15.58605
57447,21,17.4,15.116777
57447,22,17.0,14.787654
57447,23,16.5,14.577222
57447,24,17.5,14.761404
57509,1,20.2,15.244928
57509,2,19.8,14.459095
57509,3,19.4,14.12157
57509,4,18.8,14.354256
57509,5,18.4,15.069917
57509,6,19.4,16.41317
57509,7,21.4,18.34242
57509,8,23.4,20.540062
57509,9,26.8,22.780865
57509,10,29.4,24.806223
57509,11,31.1,26.392185
57509,12,32.5,27.418724
57509,13,33.3,27.676327
57509,14,33.2,27.293638
57509,15,32.4,26.62854
57509,16,31.4,25.572449
57509,17,30.1,24.471424
57509,18,28.8,23.194105
57509,19,27.4,21.841013
57509,20,26.6,20.724525
57509,21,26.2,19.766068
57509,22,25.5,19.006746
57509,23,24.7,18.232883
57509,24,23.9,17.379677
57587,1,20.6,16.582542
57587,2,20.3,15.798739
57587,3,20.0,15.242796
57587,4,19.8,14.832738
57587,5,19.7,14.481378
57587,6,19.1,14.150955
57587,7,18.7,13.790249
57587,8,18.6,13.470972
57587,9,18.6,13.308788
57587,10,18.8,13.370908
57587,11,18.8,13.646418
57587,12,19.2,14.311458
57587,13,19.7,15.371836
57587,14,19.7,16.632927
57587,15,20.4,18.167055
57587,16,22.4,19.777058
57587,17,22.7,21.070786
57587,18,22.3,22.018927
57587,19,22.4,22.433039
57587,20,22.3,22.371277
57587,21,22.3,21.844603
57587,22,21.8,20.818768
57587,23,21.0,19.639256
57587,24,20.5,18.45273
57655,1,17.8,14.690825
57655,2,19.1,16.00813
57655,3,21.6,17.611263
57655,4,23.8,19.277319
57655,5,25.5,20.807003
57655,6,26.5,21.974466
57655,7,27.1,22.618996
57655,8,26.9,22.908302
57655,9,26.4,22.824976
57655,10,26.4,22.277987
57655,11,25.9,21.550499
57655,12,25.1,20.691517
57655,13,24.3,19.713022
57655,14,22.9,18.863518
57655,15,22.0,18.200787
57655,16,21.2,17.768486
57655,17,20.8,17.32145
57655,18,20.4,16.902945
57655,19,20.1,16.42979
57655,20,19.7,15.976038
57655,21,19.1,15.558561
57655,22,18.7,15.274527
57655,23,18.2,15.09245
57655,24,18.0,15.31022
58257,1,3.6,3.2482321
58257,2,3.2,3.1377525
58257,3,4.2,3.024581
58257,4,4.4,2.5967073
58257,5,3.9,2.082176
58257,6,3.5,1.5223768
58257,7,3.6,1.0063813
58257,8,3.9,0.64410174
58257,9,3.7,0.4156015
58257,10,3.4,0.24874228
58257,11,2.9,0.29296166
58257,12,2.5,0.24363393
58257,13,2.6,0.10902393
58257,14,2.5,-0.11980057
58257,15,2.6,-0.2694652
58257,16,2.5,-0.37649608
58257,17,2.6,-0.27352858
58257,18,2.5,-0.10787094
58257,19,2.2,0.34946507
58257,20,3.4,1.117001
58257,21,4.2,1.9838588
58257,22,5.2,2.8751733
58257,23,6.3,3.6857991
58257,24,7.4,4.20537
58280,1,7.6,4.9523306
58280,2,9.1,5.845933
58280,3,9.5,6.783085
58280,4,9.6,7.4067183
58280,5,10.1,7.673033
58280,6,9.7,7.531169
58280,7,9.3,6.9670453
58280,8,7.9,6.24624
58280,9,7.6,5.4673057
58280,10,7.0,4.6369967
58280,11,6.9,4.0516047
58280,12,6.6,3.5624695
58280,13,6.2,3.200895
58280,14,5.6,2.9657228
58280,15,4.4,2.9036925
58280,16,4.5,2.9466078
58280,17,4.2,2.9849267
58280,18,3.8,2.9663272
58280,19,3.4,3.0028305
58280,20,2.8,3.1862571
58280,21,1.8,3.4854252
58280,22,1.3,3.9014282
58280,23,2.5,4.4776573
58280,24,3.7,5.172904
58338,1,10.6,9.069656
58338,2,10.0,8.733696
58338,3,9.4,8.38779
58338,4,8.8,7.9693527
58338,5,8.6,7.670322
58338,6,8.4,7.385324
58338,7,7.9,7.0823517
58338,8,7.1,6.910639
58338,9,7.1,6.761975
58338,10,7.8,6.5624747
58338,11,7.9,6.516907
58338,12,7.8,6.5778766
58338,13,7.6,6.795201
58338,14,7.4,7.0540276
58338,15,7.5,7.5423546
58338,16,7.2,8.22162
58338,17,7.5,8.920387
58338,18,8.0,9.59679
58338,19,8.5,10.041342
58338,20,9.1,10.356998
58338,21,9.4,10.468658
58338,22,10.1,10.3555355
58338,23,11.0,10.0998
58338,24,11.0,9.783634
58607,1,1.0,-1.124984
58607,2,1.3,-0.36334443
58607,3,2.8,0.66292447
58607,4,3.4,1.7221495
58607,5,4.9,2.773045
58607,6,5.2,3.5707705
58607,7,7.4,4.0341763
58607,8,8.0,4.278
58607,9,8.4,4.259015
58607,10,6.0,3.9285417
58607,11,3.9,3.5328486
58607,12,1.9,3.0512843
58607,13,2.0,2.529548
58607,14,0.6,2.0956287
58607,15,-0.5,1.7862144
58607,16,-1.6,1.7123411
58607,17,-2.7,1.6754265
58607,18,-3.2,1.7000664
58607,19,-2.8,1.689396
58607,20,-3.4,1.6676425
58607,21,-4.0,1.5462089
58607,22,-4.5,1.3825465
58607,23,-5.1,1.1946025
58607,24,-5.5,1.1736696
58770,1,8.4,5.5107355
58770,2,6.9,4.988344
58770,3,5.9,4.4206276
58770,4,6.2,3.6741538
58770,5,6.9,2.9300957
58770,6,7.5,2.2878938
58770,7,6.8,1.8051198
58770,8,6.6,1.4960065
58770,9,6.3,1.2761546
58770,10,6.6,1.0253999
58770,11,6.4,0.9232641
58770,12,6.0,0.75622064
58770,13,4.8,0.6202338
58770,14,4.4,0.4836384
58770,15,4.7,0.61500865
58770,16,4.6,0.90495837
58770,17,5.1,1.4389818
58770,18,4.2,1.9852402
58770,19,3.5,2.6001382
58770,20,3.2,3.3324537
58770,21,2.9,4.044427
58770,22,2.6,4.6275363
58770,23,2.3,5.1077223
58770,24,1.5,5.2827826
59956,1,28.6,24.671608
59956,2,28.3,24.179056
59956,3,27.8,23.696901
59956,4,26.6,23.032063
59956,5,26.0,22.216284
59956,6,25.0,21.463072
59956,7,24.4,20.981953
59956,8,24.2,20.910517
59956,9,24.9,21.441628
59956,10,26.4,22.524977
59956,11,26.8,24.011879
59956,12,27.8,25.61732
59956,13,29.3,27.093594
59956,14,31.9,28.23867
59956,15,33.7,29.152153
59956,16,33.4,29.478697
59956,17,33.7,29.310947
59956,18,30.6,28.543749
59956,19,30.8,27.262161
59956,20,26.9,26.06502
59956,21,26.8,24.824537
59956,22,28.5,23.745672
59956,23,27.5,22.96731
59956,24,26.8,22.41858
60622,1,12.8,8.740122
60622,2,11.6,8.004335
60622,3,10.6,7.3436904
60622,4,9.4,6.7051287
60622,5,8.2,6.005992
60622,6,7.9,5.348012
60622,7,7.5,4.8092103
60622,8,4.7,4.611141
60622,9,4.0,5.001439
60622,10,4.7,6.173753
60622,11,7.2,7.8412995
60622,12,10.3,10.019338
60622,13,13.8,12.424398
60622,14,16.4,14.5590725
60622,15,18.1,16.353323
60622,16,19.0,17.567604
60622,17,19.8,17.99836
60622,18,19.4,17.768585
60622,19,17.2,16.895586
60622,20,15.7,15.738432
60622,21,14.8,14.38652
60622,22,14.4,13.003029
60622,23,13.8,11.787017
60622,24,13.1,10.736444
60643,1,25.9,21.161865
60643,2,26.6,21.877163
60643,3,26.0,22.03985
60643,4,22.5,21.435171
60643,5,21.9,20.489758
60643,6,21.4,19.228737
60643,7,20.7,17.64057
60643,8,19.8,16.26123
60643,9,19.2,15.149277
60643,10,18.7,14.287661
60643,11,18.2,13.467487
60643,12,17.8,12.642582
60643,13,16.8,11.714897
60643,14,15.5,10.738734
60643,15,14.4,9.799927
60643,16,13.5,9.133541
60643,17,11.0,8.705616
60643,18,10.4,8.946841
60643,19,10.8,10.06801
60643,20,13.4,11.705034
60643,21,16.2,13.838547
60643,22,19.3,16.223951
60643,23,22.2,18.280857
60643,24,24.2,20.053452
60692,1,21.0,20.359175
60692,2,19.5,19.085325
60692,3,19.0,17.663467
60692,4,18.0,16.041698
60692,5,17.1,14.66214
60692,6,15.9,13.467356
60692,7,14.8,12.368593
60692,8,14.7,11.499859
60692,9,14.5,10.592129
60692,10,14.6,9.484831
60692,11,13.2,8.490041
60692,12,12.2,7.566348
60692,13,11.6,6.999118
60692,14,12.2,6.7010107
60692,15,11.2,7.203183
60692,16,10.7,8.5460205
60692,17,12.2,10.466667
60692,18,14.2,12.702227
60692,19,15.9,15.030167
60692,20,17.3,17.185617
60692,21,18.3,18.954967
60692,22,18.9,20.139236
60692,23,19.3,20.65923
60692,24,19.1,20.535213
60801,1,6.3,5.324028
60801,2,8.9,6.9216137
60801,3,12.2,9.191399
60801,4,15.6,11.681947
60801,5,18.2,14.040404
60801,6,20.0,16.044994
60801,7,20.3,17.442911
60801,8,20.4,18.179302
60801,9,19.3,18.303175
60801,10,17.8,17.676813
60801,11,17.4,16.680473
60801,12,15.9,15.394463
60801,13,16.2,13.792515
60801,14,15.9,12.422352
60801,15,15.9,11.199434
60801,16,14.7,10.180612
60801,17,14.5,9.328474
60801,18,14.4,8.502546
60801,19,14.2,7.8545194
60801,20,13.3,7.3170786
60801,21,12.2,6.757412
60801,22,11.8,6.248765
60801,23,13.4,5.8720303
60801,24,13.1,5.960271
60990,1,9.6,5.305375
60990,2,8.8,4.570332
60990,3,7.9,3.8946638
60990,4,7.0,3.246528
60990,5,6.5,2.506922
60990,6,5.8,1.8142719
60990,7,5.2,1.2764678
60990,8,4.9,1.105872
60990,9,4.5,1.5571525
60990,10,4.9,2.8535967
60990,11,6.7,4.6613493
60990,12,9.2,6.960293
60990,13,12.1,9.466192
60990,14,14.5,11.638553
60990,15,16.1,13.416228
60990,16,17.4,14.56463
60990,17,18.2,14.906218
60990,18,18.4,14.565951
60990,19,18.0,13.628271
60990,20,15.8,12.449081
60990,21,14.8,11.151876
60990,22,14.1,9.906636
60990,23,13.5,8.862082
60990,24,12.5,7.930275
61044,1,25.0,23.774643
61044,2,22.2,22.452961
61044,3,21.0,20.853737
61044,4,20.2,18.976864
61044,5,18.5,17.362928
61044,6,17.6,15.947807
61044,7,16.7,14.65609
61044,8,15.9,13.64496
61044,9,15.0,12.64624
61044,10,14.4,11.480576
61044,11,13.6,10.325043
61044,12,12.6,9.20093
61044,13,11.3,8.394588
61044,14,10.6,7.8959603
61044,15,9.8,8.211972
61044,16,10.4,9.475577
61044,17,12.2,11.389881
61044,18,15.2,13.80728
61044,19,18.3,16.462801
61044,20,20.8,18.960333
61044,21,22.4,21.0652
61044,22,23.2,22.533733
61044,23,23.8,23.196028
61044,24,24.3,23.16132
61094,1,11.0,9.016669
61094,2,10.5,8.313998
61094,3,10.6,7.709945
61094,4,10.0,7.1327295
61094,5,9.1,6.5668726
61094,6,8.6,6.0723157
61094,7,8.3,5.7160664
61094,8,8.3,5.652308
61094,9,8.0,6.0397563
61094,10,8.3,6.985174
61094,11,10.5,8.298595
61094,12,13.7,9.970607
61094,13,16.5,11.805185
61094,14,18.2,13.435793
61094,15,19.5,14.866854
61094,16,20.0,15.904693
61094,17,20.0,16.382647
61094,18,19.8,16.372671
61094,19,19.3,15.833881
61094,20,16.6,15.066044
61094,21,15.5,14.079214
61094,22,15.2,12.965455
61094,23,14.7,11.91755
61094,24,14.2,10.955422
61109,1,17.9,13.957349
61109,2,17.1,12.939068
61109,3,16.0,12.061119
61109,4,15.1,11.319959
61109,5,13.9,10.737463
61109,6,13.0,10.225466
61109,7,12.2,9.66029
61109,8,11.7,9.10567
61109,9,11.1,8.534301
61109,10,10.0,7.9676757
61109,11,9.5,7.6198573
61109,12,9.1,7.682956
61109,13,9.3,8.296959
61109,14,11.6,9.271965
61109,15,13.6,10.774017
61109,16,15.5,12.647353
61109,17,17.1,14.459278
61109,18,18.6,16.043022
61109,19,19.8,17.128141
61109,20,20.6,17.645628
61109,21,20.7,17.602608
61109,22,20.4,16.938559
61109,23,19.5,15.9970665
61109,24,18.0,14.908878
61216,1,13.3,7.8329506
61216,2,13.1,7.6758795
61216,3,11.6,8.536911
61216,4,13.1,10.2651005
61216,5,15.9,12.437622
61216,6,19.2,15.155453
61216,7,22.3,18.178802
61216,8,24.0,20.867167
61216,9,25.1,23.113384
61216,10,25.8,24.618378
61216,11,26.2,25.271439
61216,12,26.2,25.173922
61216,13,25.5,24.137897
61216,14,24.2,22.817354
61216,15,22.1,21.338156
61216,16,21.4,19.63977
61216,17,19.8,18.18367
61216,18,19.7,16.658926
61216,19,19.1,15.437916
61216,20,17.6,14.441935
61216,21,16.3,13.481506
61216,22,15.3,12.485921
61216,23,14.4,11.425615
61216,24,14.0,10.396549
61332,1,10.6,9.95129
61332,2,10.9,8.9138975
61332,3,10.8,7.928299
61332,4,10.4,6.8522844
61332,5,9.8,5.931631
61332,6,8.9,5.168327
61332,7,8.4,4.5227284
61332,8,7.7,4.056086
61332,9,7.4,3.6197891
61332,10,7.0,3.1350222
61332,11,6.8,2.8294144
61332,12,6.9,2.603679
61332,13,6.6,2.629717
61332,14,7.5,2.7553067
61332,15,6.6,3.3828962
61332,16,8.6,4.4611745
61332,17,10.4,5.8598013
61332,18,12.0,7.334291
61332,19,13.5,8.831032
61332,20,14.6,10.236465
61332,21,16.0,11.383284
61332,22,16.9,12.097031
61332,23,17.3,12.397196
61332,24,17.5,12.168681
62357,1,33.0,29.832666
62357,2,32.3,28.492214
62357,3,31.8,27.351171
62357,4,31.4,26.292923
62357,5,31.0,25.33076
62357,6,30.6,24.49754
62357,7,30.3,23.725313
62357,8,29.2,23.123034
62357,9,28.7,22.67026
62357,10,28.8,22.350094
62357,11,30.1,22.401896
62357,12,31.0,22.822235
62357,13,32.0,23.724953
62357,14,33.4,24.808352
62357,15,35.2,26.488571
62357,16,36.2,28.444614
62357,17,37.6,30.311384
62357,18,38.5,31.746109
62357,19,39.4,32.60051
62357,20,40.3,33.028183
62357,21,39.6,32.977226
62357,22,39.3,32.450108
62357,23,37.9,31.695175
62357,24,34.6,30.682787
62872,1,25.8,20.688553
62872,2,25.8,20.653946
62872,3,26.0,21.243042
62872,4,27.5,22.348547
62872,5,30.0,23.746971
62872,6,32.5,25.50811
62872,7,34.5,27.51032
62872,8,36.1,29.416807
62872,9,37.2,31.123644
62872,10,37.9,32.35376
62872,11,38.2,33.04461
62872,12,38.1,33.163002
62872,13,37.6,32.527405
62872,14,36.6,31.579962
62872,15,35.6,30.515324
62872,16,34.8,29.22521
62872,17,33.8,28.021421
62872,18,33.2,26.696926
62872,19,32.7,25.461605
62872,20,32.0,24.452015
62872,21,31.3,23.525494
62872,22,29.8,22.726488
62872,23,28.5,21.947159
62872,24,27.9,21.298248
62925,1,29.4,26.488098
62925,2,28.4,24.82077
62925,3,27.5,23.452229
62925,4,26.6,22.330404
62925,5,26.0,21.31688
62925,6,25.1,20.467737
62925,7,24.2,19.665253
62925,8,23.6,18.987812
62925,9,22.7,18.516113
62925,10,22.0,18.353966
62925,11,21.3,18.610592
62925,12,21.4,19.464117
62925,13,23.0,20.997486
62925,14,25.7,22.785751
62925,15,28.5,25.146347
62925,16,30.9,27.703136
62925,17,32.8,29.948343
62925,18,34.1,31.597212
62925,19,34.5,32.491882
62925,20,34.5,32.716408
62925,21,34.3,32.340202
62925,22,34.7,31.335876
62925,23,33.8,30.094833
62925,24,32.8,28.592068
63294,1,21.3,17.437857
63294,2,19.5,16.545238
63294,3,18.2,15.747956
63294,4,17.4,14.911119
63294,5,17.2,13.994948
63294,6,16.3,13.209511
63294,7,15.9,12.761223
63294,8,15.0,12.845267
63294,9,14.2,13.709322
63294,10,15.5,15.468771
63294,11,17.9,17.775835
63294,12,20.7,20.416836
63294,13,23.3,23.048233
63294,14,25.3,25.158077
63294,15,27.1,26.817728
63294,16,26.5,27.699791
63294,17,22.9,27.772058
63294,18,23.1,27.058218
63294,19,22.9,25.659004
63294,20,22.6,24.19127
63294,21,22.9,22.61209
63294,22,20.4,21.162344
63294,23,20.1,19.965889
63294,24,19.6,18.923504
63299,1,26.5,24.14563
63299,2,22.9,24.879463
63299,3,23.1,25.117483
63299,4,22.9,24.63615
63299,5,22.6,23.81046
63299,6,22.9,22.651966
63299,7,20.4,21.15602
63299,8,20.1,19.85712
63299,9,19.6,18.806925
63299,10,20.3,17.970806
63299,11,20.4,17.19772
63299,12,20.0,16.41345
63299,13,19.6,15.542246
63299,14,18.7,14.6212
63299,15,17.5,13.792916
63299,16,17.1,13.24015
63299,17,17.3,12.878408
63299,18,16.8,13.0870905
63299,19,17.1,14.014299
63299,20,17.9,15.416746
63299,21,19.1,17.276352
63299,22,20.3,19.401207
63299,23,21.4,21.259476
63299,24,21.8,22.900995
63674,1,15.9,12.778801
63674,2,17.2,13.67138
63674,3,17.6,14.5147295
63674,4,17.5,15.075081
63674,5,18.7,15.400404
63674,6,18.8,15.396239
63674,7,17.9,15.00668
63674,8,16.7,14.564931
63674,9,16.2,14.067256
63674,10,15.8,13.470854
63674,11,15.7,13.022191
63674,12,15.1,12.600927
63674,13,14.8,12.185574
63674,14,14.5,11.76329
63674,15,14.5,11.444939
63674,16,13.4,11.219419
63674,17,13.3,10.970212
63674,18,12.9,10.760534
63674,19,13.8,10.606874
63674,20,13.1,10.643082
63674,21,12.3,10.875324
63674,22,12.3,11.32951
63674,23,13.6,11.892127
63674,24,15.2,12.613121
64190,1,15.8,12.470558
64190,2,14.4,11.674294
64190,3,14.2,11.015349
64190,4,13.6,10.394091
64190,5,12.5,9.753444
64190,6,11.4,9.19757
64190,7,11.5,8.81148
64190,8,11.0,8.737793
64190,9,11.9,9.159172
64190,10,13.9,10.185912
64190,11,16.2,11.615358
64190,12,18.8,13.407265
64190,13,21.0,15.362871
64190,14,22.8,17.089493
64190,15,24.2,18.635248
64190,16,25.3,19.752722
64190,17,25.5,20.281395
64190,18,25.6,20.244188
64190,19,25.1,19.640356
64190,20,24.0,18.81506
64190,21,22.4,17.770878
64190,22,21.5,16.608343
64190,23,20.3,15.532118
64190,24,19.4,14.520218
64242,1,26.9,22.330488
64242,2,29.6,24.312944
64242,3,31.3,26.20164
64242,4,32.4,27.591042
64242,5,33.0,28.369066
64242,6,33.0,28.483578
64242,7,32.2,27.846035
64242,8,31.2,26.920643
64242,9,28.7,25.844824
64242,10,27.5,24.546225
64242,11,26.3,23.410704
64242,12,25.1,22.265703
64242,13,24.9,21.03663
64242,14,23.7,19.926641
64242,15,22.6,18.927614
64242,16,21.3,17.944263
64242,17,19.7,16.917425
64242,18,18.6,15.864465
64242,19,17.3,14.985493
64242,20,16.3,14.510242
64242,21,15.6,14.49682
64242,22,17.0,15.093741
64242,23,19.6,16.141535
64242,24,22.8,17.703873
64317,1,32.8,29.092354
64317,2,31.6,27.342918
64317,3,30.2,25.799305
64317,4,29.1,24.477121
64317,5,27.6,23.304775
64317,6,26.2,22.29565
64317,7,25.1,21.300224
64317,8,24.3,20.406866
64317,9,22.9,19.63098
64317,10,22.3,19.035261
64317,11,21.1,18.84856
64317,12,20.6,19.28183
64317,13,22.4,20.494396
64317,14,25.1,22.10901
64317,15,28.1,24.467175
64317,16,30.7,27.210098
64317,17,33.5,29.763245
64317,18,35.1,31.77555
64317,19,35.9,32.99189
64317,20,36.4,33.43931
64317,21,36.3,33.185738
64317,22,35.9,32.230885
64317,23,35.0,30.984083
64317,24,32.9,29.48163
64865,1,24.1,19.456142
64865,2,26.1,20.623121
64865,3,27.9,22.30163
64865,4,28.8,24.107044
64865,5,30.3,25.792776
64865,6,31.3,27.273493
64865,7,32.2,28.422169
64865,8,32.7,29.154085
64865,9,32.8,29.519182
64865,10,32.4,29.298458
64865,11,31.9,28.755629
64865,12,31.0,27.845701
64865,13,29.9,26.493635
64865,14,29.2,25.251776
64865,15,28.5,24.118248
64865,16,27.4,23.0246
64865,17,26.6,22.065693
64865,18,25.8,21.040432
64865,19,25.2,20.115479
64865,20,24.7,19.383808
64865,21,24.1,18.661718
64865,22,22.6,18.06539
64865,23,22.4,17.642061
64865,24,24.0,17.666279
64942,1,31.3,27.009117
64942,2,30.3,25.812943
64942,3,29.6,24.733902
64942,4,28.4,23.717062
64942,5,27.4,22.696177
64942,6,26.3,21.84657
64942,7,25.4,21.326897
64942,8,25.4,21.329046
64942,9,27.0,22.160337
64942,10,29.1,23.97984
64942,11,31.3,26.197056
64942,12,33.2,28.834621
64942,13,34.2,31.547688
64942,14,36.1,33.86204
64942,15,37.4,35.824314
64942,16,38.5,37.150024
64942,17,39.1,37.595165
64942,18,39.1,37.367912
64942,19,38.6,36.46187
64942,20,37.9,35.291332
64942,21,36.9,33.877914
64942,22,35.5,32.361935
64942,23,34.4,30.860693
64942,24,33.5,29.434412
65158,1,9.3,6.4774446
65158,2,10.3,6.7061157
65158,3,10.0,6.8003364
65158,4,9.1,6.5157185
65158,5,8.8,6.0095053
65158,6,8.0,5.3773184
65158,7,7.4,4.6684623
65158,8,7.0,4.088845
65158,9,6.9,3.6279163
65158,10,6.8,3.217433
65158,11,7.0,3.021706
65158,12,6.5,2.7728653
65158,13,4.8,2.4796152
65158,14,3.6,2.0889904
65158,15,1.9,1.8060546
65158,16,0.5,1.5593663
65158,17,-0.8,1.4686674
65158,18,-2.5,1.4495409
65158,19,-3.6,1.698798
65158,20,-4.6,2.296123
65158,21,-4.3,3.1689954
65158,22,-2.3,4.2256083
65158,23,0.3,5.324926
65158,24,1.1,6.2324905
65195,1,4.7,-0.041342735
65195,2,4.7,-0.13739896
65195,3,3.6,-0.0742867
65195,4,2.3,-0.09968573
65195,5,1.2,-0.16082168
65195,6,0.6,-0.10528153
65195,7,0.8,0.28201452
65195,8,-0.1,0.76314026
65195,9,0.6,1.3663175
65195,10,1.1,1.8893534
65195,11,2.0,2.4696136
65195,12,2.6,2.691033
65195,13,3.2,2.4796946
65195,14,3.5,2.1470919
65195,15,2.2,1.6229904
65195,16,0.5,0.72278905
65195,17,-0.2,-0.060679913
65195,18,-0.2,-1.1276709
65195,19,-0.7,-2.1402617
65195,20,-0.4,-2.8096807
65195,21,-0.7,-3.475491
65195,22,-1.4,-3.970046
65195,23,-2.4,-4.150356
65195,24,-4.0,-4.227128
65546,1,-12.9,-13.656419
65546,2,-14.0,-13.751059
65546,3,-14.9,-13.823256
65546,4,-16.2,-14.053145
65546,5,-17.7,-14.330619
65546,6,-18.5,-14.9958515
65546,7,-20.0,-15.486141
65546,8,-20.6,-15.735284
65546,9,-20.7,-15.858115
65546,10,-17.3,-15.648184
65546,11,-13.1,-14.742738
65546,12,-11.9,-13.972064
65546,13,-11.7,-13.12224
65546,14,-10.8,-12.315226
65546,15,-11.0,-11.949268
65546,16,-12.0,-11.807496
65546,17,-12.8,-11.852983
65546,18,-13.7,-12.550282
65546,19,-14.5,-13.336748
65546,20,-16.2,-13.952673
65546,21,-17.3,-15.007271
65546,22,-18.1,-15.643501
65546,23,-17.4,-15.947754
65546,24,-18.0,-16.327053
65641,1,-19.6,-19.354902
65641,2,-19.3,-20.138447
65641,3,-19.6,-20.736345
65641,4,-19.8,-21.19146
65641,5,-20.0,-21.520105
65641,6,-20.1,-22.171295
65641,7,-20.3,-22.573298
65641,8,-20.4,-22.648958
65641,9,-20.5,-22.412016
65641,10,-20.5,-21.37139
65641,11,-20.4,-19.64673
65641,12,-20.3,-17.794216
65641,13,-18.3,-15.641832
65641,14,-14.8,-13.592909
65641,15,-12.6,-12.169084
65641,16,-11.2,-10.962323
65641,17,-10.5,-10.310552
65641,18,-10.8,-10.35385
65641,19,-11.5,-10.534723
65641,20,-12.7,-10.912806
65641,21,-15.8,-11.9995575
65641,22,-17.5,-12.961936
65641,23,-18.2,-13.959201
65641,24,-18.5,-15.296831
65826,1,-22.9,-22.065643
65826,2,-23.0,-22.81537
65826,3,-22.9,-23.36304
65826,4,-22.8,-23.60837
65826,5,-22.9,-23.580887
65826,6,-23.1,-23.659227
65826,7,-23.2,-23.250456
65826,8,-23.1,-22.375744
65826,9,-22.9,-21.222713
65826,10,-20.9,-19.387814
65826,11,-16.2,-17.039873
65826,12,-13.1,-14.911409
65826,13,-11.1,-12.905878
65826,14,-9.9,-11.408139
65826,15,-9.8,-10.809226
65826,16,-10.9,-10.6598835
65826,17,-12.5,-11.014173
65826,18,-15.7,-12.060651
65826,19,-17.9,-13.086731
65826,20,-19.0,-14.004755
65826,21,-19.7,-15.302877
65826,22,-20.1,-16.052042
65826,23,-20.0,-16.706272
65826,24,-20.3,-17.748152
65931,1,-17.3,-18.364439
65931,2,-17.3,-19.348936
65931,3,-17.2,-19.647371
65931,4,-17.2,-19.134886
65931,5,-17.3,-17.97987
65931,6,-17.5,-16.338676
65931,7,-14.4,-13.986736
65931,8,-9.3,-11.499542
65931,9,-7.2,-9.267953
65931,10,-5.9,-7.3117657
65931,11,-5.3,-5.6482472
65931,12,-5.2,-4.7692776
65931,13,-5.5,-4.6043777
65931,14,-6.3,-4.947901
65931,15,-9.0,-5.852458
65931,16,-12.0,-7.0513277
65931,17,-13.2,-8.107419
65931,18,-14.3,-9.514446
65931,19,-15.1,-10.5906315
65931,20,-15.7,-11.388327
65931,21,-16.3,-12.3483925
65931,22,-16.2,-12.974156
65931,23,-15.8,-13.628135
65931,24,-15.7,-14.7473755
66137,1,-16.3,-17.162159
66137,2,-15.9,-18.010986
66137,3,-16.5,-18.694155
66137,4,-17.0,-19.142895
66137,5,-18.2,-19.3041
66137,6,-20.5,-19.817781
66137,7,-22.1,-20.2929
66137,8,-23.1,-20.634474
66137,9,-23.9,-20.983637
66137,10,-24.6,-20.8918
66137,11,-25.3,-20.285494
66137,12,-25.4,-19.456406
66137,13,-20.4,-18.052143
66137,14,-16.5,-16.37226
66137,15,-15.4,-14.888698
66137,16,-14.5,-13.086104
66137,17,-14.0,-11.59908
66137,18,-13.8,-10.531707
66137,19,-14.0,-9.646309
66137,20,-14.3,-9.268215
66137,21,-14.9,-9.85017
66137,22,-16.4,-10.675431
66137,23,-20.1,-11.818657
66137,24,-22.1,-13.35046
66218,1,-9.1,-8.720153
66218,2,-9.5,-9.64951
66218,3,-9.9,-10.034883
66218,4,-10.5,-10.112725
66218,5,-11.1,-10.312758
66218,6,-11.6,-10.19558
66218,7,-11.5,-9.42116
66218,8,-11.1,-8.452464
66218,9,-9.2,-7.0060687
66218,10,-4.9,-4.9548283
66218,11,-3.3,-2.6863804
66218,12,-2.9,-0.6142709
66218,13,-3.0,1.0367209
66218,14,-2.3,2.2274327
66218,15,-1.4,2.8055677
66218,16,-0.8,2.4384022
66218,17,-0.9,1.6927437
66218,18,-1.1,0.11937308
66218,19,-2.0,-1.3598194
66218,20,-2.9,-2.5766556
66218,21,-3.6,-3.7088957
66218,22,-4.1,-4.5796485
66218,23,-4.1,-5.0719533
66218,24,-5.3,-5.813572
66503,1,5.7,4.951643
66503,2,5.2,3.821264
66503,3,4.1,2.719031
66503,4,2.2,1.4298729
66503,5,-1.2,0.2107636
66503,6,-2.2,-0.8111611
66503,7,-2.9,-1.5361807
66503,8,-2.1,-2.1025763
66503,9,-1.4,-2.4834003
66503,10,-1.0,-2.7299604
66503,11,-1.1,-2.9468007
66503,12,-1.7,-3.224996
66503,13,-1.9,-3.4572167
66503,14,-1.9,-3.506147
66503,15,-2.6,-3.2558887
66503,16,-2.4,-2.703329
66503,17,-1.9,-1.7290231
66503,18,-1.4,-0.52941537
66503,19,-0.9,1.1786845
66503,20,-1.0,2.9551897
66503,21,-1.0,4.5198874
66503,22,-0.6,5.602554
66503,23,0.1,6.1955624
66503,24,1.0,6.115691
66564,1,2.3,-1.1939306
66564,2,3.6,-0.061113715
66564,3,6.4,1.4052845
66564,4,8.1,3.0064473
66564,5,10.0,4.6167297
66564,6,11.1,5.983209
66564,7,11.3,6.9711165
66564,8,10.6,7.5817375
66564,9,8.8,7.77931
66564,10,7.2,7.434469
66564,11,5.1,6.7893834
66564,12,1.9,5.8863955
66564,13,1.7,4.713271
66564,14,1.4,3.6869316
66564,15,1.3,2.6837683
66564,16,1.2,1.8427647
66564,17,-0.6,1.0905844
66564,18,-3.0,0.42655045
66564,19,-3.6,-0.18013322
66564,20,-3.8,-0.72961736
66564,21,-3.9,-1.323818
66564,22,-4.8,-1.817459
66564,23,-5.7,-2.20181
66564,24,-6.3,-2.1862538
66800,1,9.2,5.1549797
66800,2,7.2,4.2416425
66800,3,4.5,3.5372148
66800,4,4.1,2.9491386
66800,5,4.9,2.4527147
66800,6,4.3,2.0280194
66800,7,3.2,1.6226702
66800,8,2.3,1.1934676
66800,9,1.1,0.75738466
66800,10,0.0,0.32727575
66800,11,-0.9,0.09851611
66800,12,-1.2,0.16142923
66800,13,-0.5,0.6612849
66800,14,3.4,1.4810157
66800,15,8.1,2.754353
66800,16,10.4,4.313293
66800,17,12.1,5.8793807
66800,18,13.1,7.2106605
66800,19,13.9,8.177439
66800,20,14.4,8.711178
66800,21,14.8,8.759717
66800,22,14.8,8.237624
66800,23,14.3,7.5122256
66800,24,13.2,6.590336
67145,1,15.2,12.148098
67145,2,14.4,11.348657
67145,3,13.3,10.684318
67145,4,12.6,10.064741
67145,5,11.5,9.426915
67145,6,10.5,8.863973
67145,7,10.0,8.450863
67145,8,10.3,8.341228
67145,9,10.5,8.722681
67145,10,11.7,9.716724
67145,11,14.4,11.119644
67145,12,17.7,12.913407
67145,13,19.7,14.9003315
67145,14,20.7,16.676233
67145,15,21.8,18.279444
67145,16,22.6,19.466549
67145,17,23.3,20.047451
67145,18,23.7,20.057138
67145,19,23.4,19.478504
67145,20,21.8,18.64703
67145,21,21.6,17.580465
67145,22,20.7,16.38362
67145,23,18.6,15.268728
67145,24,16.6,14.227646
67374,1,18.8,17.087967
67374,2,19.0,17.438734
67374,3,19.1,17.725187
67374,4,19.6,17.642044
67374,5,19.7,17.345778
67374,6,17.9,16.854706
67374,7,16.7,16.189686
67374,8,16.5,15.653082
67374,9,16.5,15.226291
67374,10,16.6,14.843765
67374,11,16.2,14.716073
67374,12,16.2,14.580219
67374,13,16.0,14.424801
67374,14,15.8,14.147259
67374,15,15.6,14.01941
67374,16,15.6,13.965631
67374,17,15.5,13.989408
67374,18,15.6,14.038493
67374,19,15.7,14.235331
67374,20,16.2,14.731468
67374,21,17.4,15.428818
67374,22,18.1,16.282255
67374,23,19.5,17.131182
67374,24,20.4,17.8704
67564,1,12.4,10.076867
67564,2,13.3,11.038511
67564,3,16.5,12.385793
67564,4,19.1,13.926643
67564,5,20.7,15.472145
67564,6,22.0,16.855782
67564,7,22.8,17.912748
67564,8,23.0,18.631918
67564,9,22.8,18.975218
67564,10,22.3,18.806192
67564,11,21.8,18.32059
67564,12,21.0,17.5903
67564,13,19.8,16.589474
67564,14,18.1,15.667605
67564,15,16.3,14.844899
67564,16,15.8,14.169021
67564,17,15.1,13.561258
67564,18,14.6,13.008882
67564,19,13.9,12.502697
67564,20,13.8,12.043047
67564,21,13.8,11.582743
67564,22,15.0,11.164999
67564,23,15.1,10.788403
67564,24,15.4,10.727682
67620,1,16.8,13.967462
67620,2,17.0,14.80641
67620,3,17.5,15.660261
67620,4,18.2,16.509823
67620,5,19.9,17.307674
67620,6,20.8,17.916899
67620,7,20.9,18.24444
67620,8,20.3,18.447525
67620,9,20.6,18.468056
67620,10,20.3,18.185354
67620,11,19.8,17.765572
67620,12,19.2,17.245253
67620,13,18.7,16.599949
67620,14,18.4,16.007835
67620,15,18.3,15.497236
67620,16,18.4,15.075354
67620,17,18.6,14.589627
67620,18,18.6,14.13125
67620,19,18.4,13.543545
67620,20,18.4,12.968277
67620,21,18.5,12.467178
67620,22,18.3,12.135661
67620,23,18.1,11.941979
67620,24,18.1,12.115311
67918,1,13.3,10.071428
67918,2,12.4,10.668813
67918,3,12.0,11.029176
67918,4,10.8,10.897726
67918,5,10.8,10.510898
67918,6,10.9,9.869325
67918,7,9.7,8.968847
67918,8,7.9,8.213652
67918,9,7.1,7.5452824
67918,10,6.8,6.9110217
67918,11,6.5,6.549204
67918,12,5.7,6.181305
67918,13,5.1,5.7889676
67918,14,4.9,5.242631
67918,15,4.7,4.779327
67918,16,4.4,4.401702
67918,17,4.4,4.148665
67918,18,4.3,4.05108
67918,19,4.1,4.2541523
67918,20,4.4,4.8736563
67918,21,6.5,5.878392
67918,22,9.3,7.222129
67918,23,12.1,8.613016
67918,24,14.4,9.878534
67973,1,13.5,10.268271
67973,2,15.6,11.519098
67973,3,17.6,12.570649
67973,4,18.0,13.4193535
67973,5,18.2,14.04131
67973,6,17.9,14.258724
67973,7,18.2,13.943243
67973,8,17.3,13.466182
67973,9,16.0,12.799853
67973,10,13.7,11.894049
67973,11,12.9,11.04636
67973,12,12.4,10.305915
67973,13,11.4,9.660086
67973,14,11.1,9.16364
67973,15,10.9,8.769563
67973,16,10.8,8.4826765
67973,17,10.9,8.04199
67973,18,10.4,7.61186
67973,19,10.9,6.9946017
67973,20,10.3,6.37431
67973,21,9.3,5.9411907
67973,22,8.6,5.837809
67973,23,8.2,6.0283475
67973,24,8.2,6.7067127
68480,1,-5.6,-9.482889
68480,2,-6.9,-10.164043
68480,3,-7.6,-10.548451
68480,4,-6.7,-10.82764
68480,5,-7.8,-10.997114
68480,6,-8.5,-11.43436
68480,7,-9.2,-11.887789
68480,8,-10.0,-12.435022
68480,9,-10.6,-13.276473
68480,10,-10.5,-14.267874
68480,11,-11.0,-14.7047415
68480,12,-11.7,-15.062579
68480,13,-12.2,-14.877996
68480,14,-12.8,-14.227472
68480,15,-14.8,-13.226496
68480,16,-14.2,-11.789425
68480,17,-11.5,-10.171629
68480,18,-10.6,-9.071774
68480,19,-10.0,-8.212814
68480,20,-9.6,-7.658363
68480,21,-9.3,-7.8920217
68480,22,-9.4,-8.397534
68480,23,-10.0,-8.93779
68480,24,-13.2,-9.808256
68764,1,-28.1,-25.319702
68764,2,-27.6,-25.007586
68764,3,-25.2,-24.29836
68764,4,-21.7,-22.975655
68764,5,-17.2,-21.003729
68764,6,-15.3,-19.341408
68764,7,-14.4,-17.746595
68764,8,-13.8,-16.201893
68764,9,-13.4,-15.294894
68764,10,-13.5,-14.771671
68764,11,-13.4,-14.345427
68764,12,-13.7,-14.446422
68764,13,-14.0,-14.701971
68764,14,-14.2,-15.072726
68764,15,-14.3,-15.904784
68764,16,-14.3,-16.273981
68764,17,-14.0,-16.623161
68764,18,-13.7,-16.989145
68764,19,-13.6,-17.11354
68764,20,-14.0,-17.294498
68764,21,-15.3,-18.043833
68764,22,-16.0,-18.428387
68764,23,-17.3,-19.10059
68764,24,-18.6,-20.030716
68766,1,-14.4,-16.691133
68766,2,-13.8,-16.937489
68766,3,-13.4,-17.173412
68766,4,-13.5,-17.647715
68766,5,-13.4,-17.919832
68766,6,-13.7,-18.641254
68766,7,-14.0,-19.331871
68766,8,-14.2,-19.705742
68766,9,-14.3,-20.307522
68766,10,-14.3,-20.907337
68766,11,-14.0,-20.680017
68766,12,-13.7,-20.728348
68766,13,-13.6,-20.574327
68766,14,-14.0,-20.55644
68766,15,-15.3,-20.704218
68766,16,-16.0,-20.470573
68766,17,-17.3,-19.903275
68766,18,-18.6,-19.608639
68766,19,-19.3,-18.92022
68766,20,-20.9,-17.83545
68766,21,-22.4,-17.146791
68766,22,-21.3,-15.981039
68766,23,-21.5,-14.92378
68766,24,-21.4,-14.583706
68916,1,-26.3,-26.21303
68916,2,-26.3,-25.475773
68916,3,-26.2,-23.70291
68916,4,-22.0,-21.261484
68916,5,-15.5,-18.554043
68916,6,-13.6,-16.296017
68916,7,-12.8,-14.264114
68916,8,-12.4,-12.827683
68916,9,-12.4,-12.258204
68916,10,-12.7,-12.352426
68916,11,-13.5,-12.556031
68916,12,-14.8,-13.389516
68916,13,-18.2,-14.446949
68916,14,-20.1,-15.255204
68916,15,-21.0,-16.283834
68916,16,-21.7,-16.944292
68916,17,-22.0,-17.3312
68916,18,-22.4,-18.044125
68916,19,-22.6,-18.286427
68916,20,-23.4,-18.454067
68916,21,-24.5,-19.28006
68916,22,-26.7,-19.96442
68916,23,-27.1,-20.697706
68916,24,-28.0,-21.622534
68949,1,-11.0,-11.707832
68949,2,-7.5,-10.493206
68949,3,-5.5,-8.809246
68949,4,-5.4,-7.147294
68949,5,-5.4,-5.8267555
68949,6,-5.6,-5.207347
68949,7,-5.7,-5.094199
68949,8,-6.0,-5.4808197
68949,9,-6.7,-6.326754
68949,10,-7.3,-7.481053
68949,11,-7.6,-8.242611
68949,12,-7.6,-9.084309
68949,13,-7.5,-9.726028
68949,14,-7.1,-9.941077
68949,15,-6.7,-10.09718
68949,16,-6.3,-10.118247
68949,17,-5.9,-10.106524
68949,18,-5.7,-10.59483
68949,19,-5.8,-11.048487
68949,20,-5.8,-11.443724
68949,21,-6.0,-12.167477
68949,22,-6.1,-12.673319
68949,23,-6.1,-12.774423
68949,24,-6.2,-12.6708355
69118,1,2.3,-1.1500113
69118,2,3.8,-1.3301435
69118,3,4.1,-0.9237957
69118,4,3.0,-0.9997097
69118,5,2.6,-1.8434174
69118,6,1.2,-2.8859298
69118,7,-2.0,-3.755301
69118,8,-3.3,-4.8634467
69118,9,-4.8,-5.8307834
69118,10,-4.9,-6.6608047
69118,11,-6.0,-6.891786
69118,12,-6.4,-7.394173
69118,13,-6.7,-8.0192795
69118,14,-7.0,-8.441758
69118,15,-6.8,-8.637905
69118,16,-7.8,-9.13875
69118,17,-8.1,-9.04665
69118,18,-8.9,-9.514415
69118,19,-10.5,-9.056593
69118,20,-12.3,-7.7970977
69118,21,-11.0,-6.355442
69118,22,-4.9,-4.85867
69118,23,0.8,-3.0169392
69118,24,2.5,-1.8757882
69726,1,17.6,14.085201
69726,2,18.1,14.610713
69726,3,17.7,14.647084
69726,4,16.9,14.088362
69726,5,16.7,13.310731
69726,6,15.9,12.3047285
69726,7,14.4,11.04294
69726,8,12.0,9.999861
69726,9,9.3,9.106179
69726,10,10.0,8.30223
69726,11,9.4,7.649741
69726,12,8.5,7.012374
69726,13,8.0,6.354244
69726,14,7.4,5.6105413
69726,15,7.0,4.95413
69726,16,6.7,4.506085
69726,17,6.1,4.2388563
69726,18,5.5,4.377752
69726,19,5.2,4.9883966
69726,20,8.3,5.9890203
69726,21,12.2,7.4062595
69726,22,15.6,9.135993
69726,23,16.7,10.751777
69726,24,17.8,12.201389
69932,1,7.2,3.8792002
69932,2,7.4,4.7679033
69932,3,7.8,5.9371142
69932,4,8.0,7.25817
69932,5,8.5,8.608817
69932,6,8.9,9.801612
69932,7,9.2,10.684931
69932,8,9.3,11.287825
69932,9,10.6,11.552459
69932,10,10.3,11.36709
69932,11,9.4,10.931227
69932,12,9.9,10.3157625
69932,13,9.5,9.495008
69932,14,8.7,8.7433
69932,15,7.8,8.039092
69932,16,7.7,7.4544406
69932,17,7.6,6.900048
69932,18,7.5,6.409918
69932,19,7.2,5.922769
69932,20,7.0,5.4554834
69932,21,7.0,4.9938297
69932,22,6.3,4.592577
69932,23,6.5,4.2570715
69932,24,6.2,4.2320385
69941,1,7.5,4.213134
69941,2,8.1,5.131515
69941,3,9.9,6.138869
69941,4,11.3,7.070942
69941,5,11.4,7.8710303
69941,6,11.4,8.415823
69941,7,12.5,8.612042
69941,8,11.5,8.623573
69941,9,11.2,8.432248
69941,10,10.3,7.9801316
69941,11,9.0,7.4789166
69941,12,6.8,6.909455
69941,13,7.0,6.2650733
69941,14,6.4,5.6757064
69941,15,6.4,5.1603622
69941,16,5.4,4.7549987
69941,17,5.4,4.3659854
69941,18,5.8,4.0439115
69941,19,5.2,3.7937813
69941,20,4.6,3.64713
69941,21,4.3,3.6314812
69941,22,4.6,3.7671485
69941,23,7.1,4.005866
69941,24,8.7,4.450528
70074,1,11.5,9.681414
70074,2,10.6,9.10075
70074,3,10.9,8.666429
70074,4,11.0,8.295246
70074,5,11.1,8.062597
70074,6,11.1,8.144942
70074,7,11.2,8.700828
70074,8,12.4,9.651972
70074,9,14.9,11.034665
70074,10,16.9,12.717978
70074,11,17.6,14.462986
70074,12,18.4,16.020065
70074,13,18.6,17.113274
70074,14,18.6,17.693565
70074,15,17.8,17.84313
70074,16,18.9,17.384604
70074,17,17.9,16.621384
70074,18,16.1,15.501106
70074,19,15.4,14.126736
70074,20,14.0,12.965111
70074,21,13.0,11.83
70074,22,11.8,10.84429
70074,23,11.4,10.032195
70074,24,10.8,9.338366
71087,1,14.6,11.231109
71087,2,14.1,10.531967
71087,3,13.7,9.966601
71087,4,13.8,9.555586
71087,5,13.7,9.209878
71087,6,13.4,8.850308
71087,7,13.2,8.395982
71087,8,13.1,7.953833
71087,9,12.9,7.6736617
71087,10,12.8,7.673154
71087,11,11.5,7.881259
71087,12,11.5,8.599294
71087,13,12.1,9.796251
71087,14,12.6,11.268485
71087,15,12.9,12.925358
71087,16,14.5,14.616042
71087,17,15.6,15.877538
71087,18,16.6,16.800098
71087,19,16.9,17.12705
71087,20,16.4,16.857094
71087,21,16.2,16.086338
71087,22,16.3,14.808421
71087,23,12.2,13.414042
71087,24,12.8,12.136605
71136,1,13.2,8.432807
71136,2,11.5,8.017129
71136,3,10.0,7.564393
71136,4,8.7,6.957489
71136,5,7.9,6.3204074
71136,6,6.5,5.831531
71136,7,5.3,5.6815653
71136,8,4.4,5.9408765
71136,9,4.0,6.7025433
71136,10,4.6,7.890263
71136,11,6.0,9.371173
71136,12,7.9,10.851831
71136,13,9.8,12.082611
71136,14,11.4,12.9068365
71136,15,12.6,13.354547
71136,16,13.5,13.205776
71136,17,13.9,12.695494
71136,18,13.6,11.7645445
71136,19,12.4,10.503006
71136,20,10.8,9.424185
71136,21,9.6,8.382286
71136,22,8.5,7.5398445
71136,23,7.5,6.9767838
71136,24,6.5,6.591179
71164,1,2.0,1.9548407
71164,2,3.6,2.7143521
71164,3,4.9,3.4684768
71164,4,5.3,3.9699864
71164,5,5.2,4.3043823
71164,6,4.7,4.322338
71164,7,3.7,4.00329
71164,8,0.5,3.620915
71164,9,-0.9,3.1525202
71164,10,-2.0,2.5714583
71164,11,-2.6,2.15924
71164,12,-2.9,1.7548623
71164,13,-3.0,1.3762828
71164,14,-3.0,1.0204933
71164,15,-3.3,0.75453365
71164,16,-3.7,0.6225243
71164,17,-3.8,0.52023005
71164,18,-3.8,0.45738232
71164,19,-3.8,0.45476592
71164,20,-4.8,0.6050793
71164,21,-5.1,0.8581794
71164,22,-4.0,1.2827681
71164,23,-2.1,1.7897598
71164,24,-0.5,2.391379
71211,1,12.0,11.083478
71211,2,14.5,13.241184
71211,3,16.9,15.693079
71211,4,19.1,18.046549
71211,5,20.8,19.984688
71211,6,22.2,21.182001
71211,7,23.1,21.416945
71211,8,23.4,21.039646
71211,9,23.0,20.143219
71211,10,21.3,18.720112
71211,11,20.3,17.268394
71211,12,19.2,15.86928
71211,13,17.8,14.577614
71211,14,16.4,13.643471
71211,15,15.4,12.996257
71211,16,14.8,12.688467
71211,17,14.2,12.303521
71211,18,13.5,11.901714
71211,19,12.8,11.408289
71211,20,11.7,10.8982315
71211,21,11.5,10.44039
71211,22,11.6,10.193468
71211,23,14.3,10.216159
71211,24,14.8,10.865037
71232,1,13.5,10.240443
71232,2,13.1,9.510378
71232,3,12.4,8.90615
71232,4,12.1,8.284325
71232,5,11.7,7.6733003
71232,6,11.2,7.2473497
71232,7,10.8,7.175878
71232,8,9.4,7.5592494
71232,9,11.0,8.531848
71232,10,14.0,10.1205
71232,11,16.9,12.085064
71232,12,19.6,14.180448
71232,13,21.2,16.121758
71232,14,22.3,17.551937
71232,15,23.2,18.575722
71232,16,23.8,18.95288
71232,17,23.9,18.78677
71232,18,23.6,18.058344
71232,19,22.5,16.877962
71232,20,21.4,15.76296
71232,21,20.7,14.608929
71232,22,19.1,13.571076
71232,23,18.7,12.720232
71232,24,17.9,11.938272
71458,1,17.2,13.649879
71458,2,17.9,14.1483965
71458,3,17.9,14.964221
71458,4,18.4,16.016512
71458,5,18.7,17.193775
71458,6,20.4,18.407799
71458,7,21.3,19.543936
71458,8,22.5,20.516727
71458,9,22.6,21.234718
71458,10,23.0,21.509766
71458,11,23.8,21.427818
71458,12,23.4,21.020142
71458,13,23.0,20.23103
71458,14,20.8,19.391945
71458,15,20.3,18.592716
71458,16,20.0,17.84486
71458,17,19.7,17.172993
71458,18,19.2,16.545511
71458,19,18.5,15.943024
71458,20,17.8,15.418137
71458,21,17.9,14.909964
71458,22,17.8,14.452906
71458,23,17.9,14.000108
71458,24,18.1,13.772022
71562,1,15.6,12.318243
71562,2,15.2,13.286826
71562,3,17.4,15.220434
71562,4,20.0,17.731873
71562,5,22.6,20.32998
71562,6,25.2,22.930927
71562,7,27.5,25.249279
71562,8,29.5,26.95688
71562,9,30.9,28.034775
71562,10,31.8,28.261715
71562,11,32.0,27.863928
71562,12,31.7,26.922678
71562,13,30.9,25.363205
71562,14,29.6,23.821812
71562,15,28.0,22.387884
71562,16,25.2,21.03063
71562,17,23.5,19.901638
71562,18,22.2,18.71153
71562,19,21.2,17.758562
71562,20,20.4,16.980831
71562,21,19.5,16.22356
71562,22,19.2,15.510359
71562,23,19.0,14.850599
71562,24,18.6,14.471008
71891,1,27.3,21.665821
71891,2,29.6,23.393524
71891,3,31.2,25.251623
71891,4,33.1,26.903828
71891,5,33.6,28.176804
71891,6,34.2,28.900486
71891,7,35.3,28.944563
71891,8,35.6,28.646572
71891,9,35.6,28.061321
71891,10,34.6,27.099691
71891,11,33.3,26.135492
71891,12,31.1,25.097197
71891,13,30.2,23.963053
71891,14,29.3,22.962385
71891,15,28.4,22.150593
71891,16,27.4,21.494368
71891,17,26.5,20.795443
71891,18,26.1,20.0686
71891,19,26.0,19.342001
71891,20,25.8,18.806244
71891,21,25.4,18.492188
71891,22,25.2,18.55954
71891,23,25.9,18.910416
71891,24,27.2,19.761385
71965,1,30.8,25.644434
71965,2,31.2,25.297396
71965,3,30.2,24.76257
71965,4,29.2,23.900257
71965,5,28.1,23.044523
71965,6,26.7,22.172548
71965,7,25.5,21.303122
71965,8,24.9,20.682749
71965,9,24.7,20.260021
71965,10,24.4,19.930878
71965,11,23.8,19.65395
71965,12,23.4,19.368774
71965,13,23.2,19.104668
71965,14,23.0,18.860973
71965,15,22.8,18.920395
71965,16,22.8,19.334017
71965,17,23.2,19.941563
71965,18,24.9,20.827238
71965,19,26.6,21.911139
71965,20,28.0,23.079676
71965,21,29.2,24.182707
71965,22,30.2,25.09096
71965,23,31.1,25.599129
71965,24,31.6,25.82618
72143,1,27.4,23.430902
72143,2,26.9,22.615036
72143,3,26.5,22.045732
72143,4,26.0,21.6105
72143,5,25.7,21.172653
72143,6,25.2,20.745096
72143,7,24.9,20.302925
72143,8,24.7,19.97084
72143,9,24.6,19.933807
72143,10,24.6,20.289515
72143,11,25.5,20.938286
72143,12,26.8,22.025963
72143,13,28.4,23.476671
72143,14,30.2,25.02239
72143,15,31.5,26.75045
72143,16,32.6,28.385721
72143,17,33.5,29.536829
72143,18,34.5,30.196838
72143,19,34.9,30.238075
72143,20,35.2,29.831507
72143,21,34.7,29.020708
72143,22,33.0,27.825739
72143,23,30.9,26.558496
72143,24,30.0,25.336359
72889,1,26.8,21.73994
72889,2,26.4,21.145075
72889,3,26.1,20.970123
72889,4,25.8,21.25229
72889,5,26.4,21.945429
72889,6,27.0,23.192646
72889,7,29.0,24.97176
72889,8,30.9,26.983372
72889,9,32.7,29.022137
72889,10,34.4,30.78024
72889,11,35.6,32.118706
72889,12,36.5,32.85977
72889,13,36.7,32.797794
72889,14,37.1,32.171146
72889,15,36.6,31.32678
72889,16,35.8,30.12544
72889,17,34.9,28.96044
72889,18,33.5,27.63023
72889,19,30.6,26.272825
72889,20,29.9,25.209843
72889,21,29.3,24.297356
72889,22,28.6,23.610762
72889,23,28.0,22.93954
72889,24,27.6,22.260275
72920,1,25.4,19.821253
72920,2,24.8,19.025791
72920,3,24.4,18.401478
72920,4,23.4,17.97561
72920,5,22.8,17.725513
72920,6,22.4,17.787937
72920,7,22.0,18.296337
72920,8,20.2,19.285255
72920,9,22.3,20.825546
72920,10,24.5,22.881527
72920,11,26.7,25.034704
72920,12,28.9,27.158447
72920,13,30.4,28.93457
72920,14,31.4,30.117672
72920,15,32.0,30.862432
72920,16,32.3,30.977024
72920,17,32.2,30.493992
72920,18,31.7,29.517971
72920,19,30.8,28.029976
72920,20,30.9,26.55528
72920,21,29.9,25.051472
72920,22,29.1,23.705622
72920,23,28.5,22.475838
72920,24,27.3,21.388998
73930,1,3.2,0.009887099
73930,2,2.3,0.563652
73930,3,2.0,1.8099775
73930,4,2.8,3.5879622
73930,5,4.1,5.5820775
73930,6,5.4,7.6665354
73930,7,7.1,9.602323
73930,8,8.4,11.126794
73930,9,9.2,12.146446
73930,10,9.6,12.509002
73930,11,9.5,12.332186
73930,12,8.5,11.751589
73930,13,7.2,10.727119
73930,14,5.4,9.679682
73930,15,4.3,8.66431
73930,16,3.5,7.745799
73930,17,2.6,6.9833603
73930,18,1.8,6.2742476
73930,19,0.5,5.729167
73930,20,-0.3,5.2353578
73930,21,-0.7,4.7363253
73930,22,-1.1,4.194711
73930,23,-1.4,3.6077714
73930,24,-1.7,3.1555495
73975,1,14.2,11.421288
73975,2,13.1,10.217508
73975,3,12.4,9.267763
73975,4,11.0,8.59558
73975,5,9.8,7.951918
73975,6,9.4,7.302269
73975,7,9.3,6.4814305
73975,8,9.3,5.6585894
73975,9,9.4,5.0617175
73975,10,8.9,4.9706683
73975,11,7.4,5.316912
73975,12,7.8,6.511767
73975,13,10.7,8.527979
73975,14,14.4,10.872034
73975,15,17.8,13.510081
73975,16,22.0,16.182213
73975,17,24.5,18.225903
73975,18,25.6,19.656124
73975,19,26.0,20.281805
73975,20,25.9,20.053394
73975,21,25.1,19.20962
73975,22,23.0,17.750189
73975,23,21.0,16.14363
73975,24,19.3,14.51724
74161,1,18.9,14.713626
74161,2,19.1,13.9603405
74161,3,19.2,13.643576
74161,4,19.1,13.776118
74161,5,19.2,14.359725
74161,6,19.5,15.562736
74161,7,20.4,17.403091
74161,8,22.1,19.514545
74161,9,24.1,21.683626
74161,10,25.8,23.587166
74161,11,27.1,25.07314
74161,12,28.2,25.915426
74161,13,28.8,25.915787
74161,14,28.8,25.316658
74161,15,28.3,24.45319
74161,16,27.1,23.207087
74161,17,25.3,22.055183
74161,18,23.7,20.760088
74161,19,22.2,19.473415
74161,20,20.8,18.52054
74161,21,19.7,17.678022
74161,22,19.1,16.991823
74161,23,18.6,16.29644
74161,24,18.7,15.528519
74218,1,13.6,9.736964
74218,2,13.1,10.219599
74218,3,13.6,10.925417
74218,4,13.8,11.837999
74218,5,15.1,12.895555
74218,6,16.5,13.985716
74218,7,14.7,14.984337
74218,8,16.7,15.833686
74218,9,18.3,16.431284
74218,10,18.7,16.613737
74218,11,18.1,16.448393
74218,12,18.0,16.017889
74218,13,17.0,15.270357
74218,14,16.8,14.510027
74218,15,16.8,13.767204
74218,16,16.6,13.096476
74218,17,16.7,12.494738
74218,18,17.0,12.0009
74218,19,16.4,11.552458
74218,20,16.7,11.135937
74218,21,16.8,10.729965
74218,22,17.0,10.343866
74218,23,17.1,9.933859
74218,24,17.3,9.740042
74255,1,13.4,11.785981
74255,2,12.4,10.818854
74255,3,11.5,10.084262
74255,4,10.6,9.572138
74255,5,9.7,9.039317
74255,6,9.2,8.500108
74255,7,8.4,7.846006
74255,8,8.2,7.2423973
74255,9,8.0,6.9311004
74255,10,7.8,7.172623
74255,11,7.3,7.807258
74255,12,9.0,9.159193
74255,13,11.7,11.138117
74255,14,14.3,13.285742
74255,15,16.9,15.562508
74255,16,20.5,17.720007
74255,17,22.0,19.232952
74255,18,23.0,20.17774
74255,19,23.6,20.461905
74255,20,23.8,20.08803
74255,21,23.6,19.275951
74255,22,23.4,18.009691
74255,23,21.1,16.659605
74255,24,20.0,15.302465
74400,1,20.7,16.275497
74400,2,20.3,15.51717
74400,3,20.0,14.942753
74400,4,19.4,14.468632
74400,5,19.2,14.120666
74400,6,18.7,14.076954
74400,7,19.5,14.521044
74400,8,20.0,15.450029
74400,9,21.0,16.942877
74400,10,22.5,18.923685
74400,11,23.3,21.066332
74400,12,25.3,23.118841
74400,13,27.2,24.773678
74400,14,29.3,25.827087
74400,15,29.6,26.434824
74400,16,30.4,26.37187
74400,17,30.8,25.81012
74400,18,29.4,24.740017
74400,19,27.3,23.218636
74400,20,25.9,21.829782
74400,21,25.0,20.422026
74400,22,23.8,19.177301
74400,23,22.8,18.105797
74400,24,21.9,17.159624
74537,1,20.6,15.983723
74537,2,20.5,15.349004
74537,3,20.5,15.131703
74537,4,21.0,15.370904
74537,5,21.1,16.044867
74537,6,21.9,17.294441
74537,7,23.9,19.105238
74537,8,25.7,21.138159
74537,9,26.4,23.181553
74537,10,27.5,24.9272
74537,11,28.4,26.232365
74537,12,29.7,26.926617
74537,13,30.3,26.82085
74537,14,30.4,26.172323
74537,15,30.4,25.2923
74537,16,27.5,24.078104
74537,17,26.2,22.950298
74537,18,24.9,21.707615
74537,19,23.7,20.483574
74537,20,22.9,19.551048
74537,21,22.3,18.735897
74537,22,22.2,18.0815
74537,23,21.9,17.410683
74537,24,21.7,16.698381
74583,1,20.8,17.758474
74583,2,20.4,17.161543
74583,3,20.3,16.728752
74583,4,21.4,16.32368
74583,5,21.0,15.902759
74583,6,20.6,15.505594
74583,7,20.4,15.189111
74583,8,20.4,15.078097
74583,9,20.4,15.327104
74583,10,20.7,15.987845
74583,11,21.0,16.939663
74583,12,21.4,18.176943
74583,13,22.6,19.571264
74583,14,24.5,20.880823
74583,15,25.5,22.17562
74583,16,26.4,23.23343
74583,17,26.4,23.843943
74583,18,27.3,24.018738
74583,19,27.1,23.688335
74583,20,27.5,23.12502
74583,21,27.2,22.293215
74583,22,26.4,21.253397
74583,23,25.3,20.22618
74583,24,24.1,19.283552
74650,1,17.0,14.489964
74650,2,16.9,14.597346
74650,3,16.7,14.748201
74650,4,16.6,15.01353
74650,5,16.8,15.444592
74650,6,17.5,16.009123
74650,7,17.8,16.6808
74650,8,17.5,17.446753
74650,9,19.1,18.171886
74650,10,18.5,18.672268
74650,11,18.0,18.948635
74650,12,17.8,18.969454
74650,13,16.5,18.665201
74650,14,15.4,18.198883
74650,15,14.4,17.69775
74650,16,14.2,17.148323
74650,17,14.0,16.594908
74650,18,13.9,16.076826
74650,19,13.1,15.48481
74650,20,12.8,14.973934
74650,21,12.5,14.523691
74650,22,12.2,14.170208
74650,23,11.9,13.830424
74650,24,11.7,13.642746
74678,1,25.6,20.783306
74678,2,24.4,19.779495
74678,3,23.1,18.96977
74678,4,22.4,18.182402
74678,5,21.7,17.513334
74678,6,21.2,16.981728
74678,7,20.9,16.57289
74678,8,20.7,16.360062
74678,9,20.4,16.270132
74678,10,20.3,16.235258
74678,11,20.2,16.459867
74678,12,20.3,16.82747
74678,13,20.3,17.429516
74678,14,21.2,18.043945
74678,15,21.8,19.083027
74678,16,22.5,20.337498
74678,17,23.7,21.620049
74678,18,25.5,22.666832
74678,19,26.4,23.377872
74678,20,28.0,23.915493
74678,21,29.0,24.14097
74678,22,29.3,23.996008
74678,23,29.4,23.620193
74678,24,30.0,22.948292
75350,1,13.6,10.506779
75350,2,14.0,10.47755
75350,3,13.8,10.288982
75350,4,12.8,9.826777
75350,5,12.1,9.341936
75350,6,11.8,8.845545
75350,7,11.3,8.364832
75350,8,11.0,8.132675
75350,9,10.9,8.058177
75350,10,10.3,8.043897
75350,11,9.6,8.224564
75350,12,9.3,8.389008
75350,13,8.8,8.491848
75350,14,9.2,8.40921
75350,15,8.9,8.355407
75350,16,9.0,8.278603
75350,17,9.0,8.230501
75350,18,9.1,8.214699
75350,19,9.1,8.219478
75350,20,9.3,8.441809
75350,21,10.3,8.812706
75350,22,10.6,9.306054
75350,23,10.8,9.799134
75350,24,10.9,10.209809
75401,1,7.9,6.172682
75401,2,7.8,5.8951817
75401,3,7.7,5.6950755
75401,4,7.7,5.4910097
75401,5,7.0,5.337774
75401,6,6.6,5.228169
75401,7,7.0,5.2000084
75401,8,6.8,5.301756
75401,9,6.4,5.5921144
75401,10,6.1,6.042258
75401,11,6.6,6.6015
75401,12,6.9,7.262071
75401,13,7.6,7.930932
75401,14,7.8,8.553365
75401,15,8.3,9.114637
75401,16,8.4,9.514842
75401,17,8.5,9.69356
75401,18,8.4,9.696974
75401,19,7.7,9.436451
75401,20,7.2,9.0740795
75401,21,7.1,8.546977
75401,22,6.7,7.8536897
75401,23,6.2,7.172686
75401,24,5.8,6.5886507
75622,1,6.0,4.346472
75622,2,6.1,4.089155
75622,3,6.0,3.8548594
75622,4,5.9,3.4038422
75622,5,6.5,2.8534
75622,6,6.3,2.3437726
75622,7,6.2,1.960598
75622,8,6.1,1.7208176
75622,9,6.1,1.6254407
75622,10,6.1,1.5827671
75622,11,6.1,1.7123173
75622,12,6.0,1.7589848
75622,13,6.0,1.7439518
75622,14,5.9,1.6496451
75622,15,5.3,1.6792598
75622,16,4.7,1.6953841
75622,17,4.0,1.8729911
75622,18,4.2,2.0147738
75622,19,4.3,2.3053684
75622,20,4.8,2.8283415
75622,21,5.8,3.43551
75622,22,6.3,4.0061603
75622,23,6.9,4.565435
75622,24,8.2,4.876098
75688,1,10.3,6.8673477
75688,2,8.6,6.5590906
75688,3,7.8,6.2905135
75688,4,6.9,6.0544863
75688,5,6.6,5.8777714
75688,6,7.4,5.6617165
75688,7,7.8,5.3643346
75688,8,7.8,5.0850124
75688,9,7.8,4.882142
75688,10,7.0,4.7754974
75688,11,7.7,4.7880254
75688,12,6.9,5.0807757
75688,13,9.2,5.647399
75688,14,11.2,6.4159713
75688,15,10.6,7.326417
75688,16,9.8,8.302219
75688,17,8.9,9.051108
75688,18,8.9,9.654339
75688,19,9.5,9.877056
75688,20,10.5,9.748936
75688,21,10.0,9.295122
75688,22,9.1,8.499186
75688,23,9.1,7.6333404
75688,24,8.5,6.8879223
75692,1,9.2,3.6829352
75692,2,11.2,4.107711
75692,3,10.6,4.6780047
75692,4,9.8,5.276126
75692,5,8.9,5.903899
75692,6,8.9,6.4386
75692,7,9.5,6.8194385
75692,8,10.5,7.1108794
75692,9,10.0,7.2610874
75692,10,9.1,7.185802
75692,11,9.1,7.02779
75692,12,8.5,6.7798986
75692,13,8.2,6.4400873
75692,14,8.0,6.1192193
75692,15,7.9,5.870431
75692,16,6.8,5.7236733
75692,17,5.3,5.593794
75692,18,5.3,5.5110044
75692,19,5.3,5.392708
75692,20,5.1,5.286
75692,21,5.4,5.149266
75692,22,5.7,4.9776387
75692,23,7.2,4.796881
75692,24,7.2,4.7420807
75915,1,0.4,-0.9408457
75915,2,0.1,-1.1748543
75915,3,-0.2,-1.1859607
75915,4,0.2,-0.9454969
75915,5,0.4,-0.42280108
75915,6,0.9,0.3664008
75915,7,1.8,1.4134074
75915,8,3.2,2.5467377
75915,9,4.4,3.6062894
75915,10,5.4,4.426551
75915,11,6.0,5.00263
75915,12,5.9,5.253415
75915,13,5.3,5.131633
75915,14,4.2,4.777129
75915,15,3.6,4.330489
75915,16,3.1,3.8080368
75915,17,2.3,3.3640027
75915,18,1.9,2.9340742
75915,19,1.5,2.4995818
75915,20,1.0,2.1579576
75915,21,0.6,1.8198794
75915,22,0.7,1.4799325
75915,23,0.7,1.0956538
75915,24,1.0,0.6758566
75917,1,1.8,0.44047606
75917,2,3.2,1.3237873
75917,3,4.4,2.2704496
75917,4,5.4,3.0878577
75917,5,6.0,3.7952921
75917,6,5.9,4.1728373
75917,7,5.3,4.1660476
75917,8,4.2,4.013651
75917,9,3.6,3.6783414
75917,10,3.1,3.127789
75917,11,2.3,2.632793
75917,12,1.9,2.1250458
75917,13,1.5,1.6451212
75917,14,1.0,1.2431442
75917,15,0.6,0.9520262
75917,16,0.7,0.8630556
75917,17,0.7,0.76784
75917,18,1.0,0.72865474
75917,19,0.7,0.64455295
75917,20,0.1,0.60239303
75917,21,0.0,0.57439625
75917,22,0.1,0.65211064
75917,23,-0.3,0.7982127
75917,24,1.3,1.1442978
76359,1,10.3,6.7230015
76359,2,8.9,5.937806
76359,3,8.0,5.1579213
76359,4,7.3,4.2279406
76359,5,6.9,3.4086583
76359,6,6.5,2.7430005
76359,7,5.9,2.2707098
76359,8,6.5,2.0093794
76359,9,6.2,1.866119
76359,10,6.0,1.739142
76359,11,6.2,1.7143469
76359,12,5.9,1.6472561
76359,13,5.6,1.6303203
76359,14,6.7,1.61687
76359,15,6.7,1.8953416
76359,16,6.8,2.442712
76359,17,6.9,3.2696338
76359,18,6.6,4.221112
76359,19,7.6,5.3059506
76359,20,8.3,6.4419684
76359,21,8.5,7.427683
76359,22,9.3,8.094523
76359,23,9.2,8.432641
76359,24,9.1,8.34012
76611,1,8.9,5.236685
76611,2,8.3,5.2509956
76611,3,8.5,5.7618937
76611,4,9.8,6.765168
76611,5,11.1,8.1377535
76611,6,11.9,9.843012
76611,7,12.9,11.711524
76611,8,13.8,13.431397
76611,9,14.4,14.842881
76611,10,14.9,15.717735
76611,11,15.4,16.029612
76611,12,15.5,15.869196
76611,13,15.5,15.119104
76611,14,15.3,14.191579
76611,15,14.0,13.156818
76611,16,12.4,12.056887
76611,17,11.5,11.119542
76611,18,10.2,10.26832
76611,19,9.3,9.5826435
76611,20,8.9,9.004818
76611,21,8.3,8.440415
76611,22,8.2,7.8464503
76611,23,7.9,7.161345
76611,24,7.6,6.555434
76843,1,10.6,7.991789
76843,2,10.3,7.8854017
76843,3,10.3,7.966474
76843,4,10.5,8.287366
76843,5,10.9,8.910852
76843,6,11.3,9.820265
76843,7,11.8,10.966009
76843,8,12.2,12.190946
76843,9,12.4,13.325628
76843,10,12.8,14.150284
76843,11,14.2,14.637302
76843,12,16.0,14.755334
76843,13,16.5,14.396875
76843,14,16.2,13.807601
76843,15,14.7,13.090213
76843,16,13.6,12.263006
76843,17,12.6,11.524078
76843,18,12.0,10.853326
76843,19,11.3,10.223585
76843,20,11.0,9.72427
76843,21,10.6,9.256899
76843,22,10.1,8.822811
76843,23,9.3,8.342316
76843,24,8.9,7.9400873
77371,1,14.5,11.391131
77371,2,14.4,11.261317
77371,3,14.4,11.445026
77371,4,14.4,11.965467
77371,5,14.7,12.791645
77371,6,15.2,13.93418
77371,7,16.1,15.329979
77371,8,17.0,16.765692
77371,9,18.1,18.077765
77371,10,19.2,19.03569
77371,11,20.2,19.59715
77371,12,20.8,19.728058
77371,13,21.2,19.324085
77371,14,20.8,18.659206
77371,15,20.8,17.897182
77371,16,20.0,17.023949
77371,17,18.4,16.242271
77371,18,17.0,15.477724
77371,19,16.1,14.751162
77371,20,15.3,14.16571
77371,21,14.8,13.61857
77371,22,14.4,13.11141
77371,23,14.1,12.555616
77371,24,13.7,12.058044
77461,1,21.7,18.132994
77461,2,23.4,19.713026
77461,3,25.0,21.19011
77461,4,26.1,22.277586
77461,5,27.0,22.921907
77461,6,27.4,23.000053
77461,7,27.3,22.418148
77461,8,27.1,21.645107
77461,9,26.0,20.725616
77461,10,24.4,19.6309
77461,11,22.6,18.707417
77461,12,21.1,17.836336
77461,13,20.1,17.004747
77461,14,19.6,16.248283
77461,15,18.8,15.654266
77461,16,18.1,15.199874
77461,17,17.4,14.682648
77461,18,17.4,14.193898
77461,19,16.9,13.776108
77461,20,16.6,13.60528
77461,21,16.9,13.775454
77461,22,17.8,14.384004
77461,23,18.9,15.2592
77461,24,20.4,16.481436
77522,1,16.1,13.15435
77522,2,15.7,12.678594
77522,3,15.4,12.362951
77522,4,15.2,12.189316
77522,5,15.1,12.211936
77522,6,14.9,12.516192
77522,7,15.0,13.189941
77522,8,15.0,14.183957
77522,9,15.8,15.448715
77522,10,17.0,16.850935
77522,11,18.5,18.215513
77522,12,18.8,19.374645
77522,13,19.0,20.140703
77522,14,19.6,20.471697
77522,15,19.9,20.541924
77522,16,20.4,20.237213
77522,17,19.6,19.7108
77522,18,19.7,18.955545
77522,19,18.8,17.969404
77522,20,17.9,17.113663
77522,21,17.6,16.270432
77522,22,16.3,15.517501
77522,23,15.5,14.814796
77522,24,14.9,14.169851
77650,1,18.5,14.453267
77650,2,18.0,13.686933
77650,3,17.6,13.242145
77650,4,17.3,13.114691
77650,5,16.0,13.298649
77650,6,16.7,13.987789
77650,7,17.9,15.268304
77650,8,20.1,16.922571
77650,9,22.2,18.865702
77650,10,24.1,20.894522
77650,11,25.8,22.749699
77650,12,27.2,24.201569
77650,13,28.2,24.984655
77650,14,28.4,25.13279
77650,15,28.5,24.88982
77650,16,28.6,24.089466
77650,17,28.1,23.10313
77650,18,26.9,21.806196
77650,19,25.9,20.345318
77650,20,25.0,19.14533
77650,21,24.0,18.041636
77650,22,22.8,17.132565
77650,23,22.0,16.308924
77650,24,21.0,15.488801
77729,1,17.3,14.554982
77729,2,17.0,13.912158
77729,3,16.7,13.434556
77729,4,16.3,13.001574
77729,5,15.9,12.561713
77729,6,15.7,12.16703
77729,7,15.5,11.88318
77729,8,15.2,11.81572
77729,9,15.1,12.137836
77729,10,15.6,12.91923
77729,11,16.7,13.989703
77729,12,18.3,15.361547
77729,13,19.7,16.886087
77729,14,20.6,18.30848
77729,15,21.3,19.653992
77729,16,21.8,20.709297
77729,17,22.4,21.279491
77729,18,22.8,21.40297
77729,19,23.1,21.019762
77729,20,22.5,20.39274
77729,21,21.4,19.490623
77729,22,19.9,18.366331
77729,23,18.8,17.262114
77729,24,18.2,16.24584
77849,1,23.8,18.498493
77849,2,22.8,17.620825
77849,3,21.8,16.896103
77849,4,20.0,16.256973
77849,5,18.5,15.585555
77849,6,17.4,14.98476
77849,7,16.8,14.530036
77849,8,16.0,14.343927
77849,9,15.6,14.670991
77849,10,16.2,15.621879
77849,11,17.1,16.946743
77849,12,18.1,18.704477
77849,13,19.3,20.697922
77849,14,20.8,22.58985
77849,15,22.5,24.368254
77849,16,24.0,25.729462
77849,17,24.6,26.415062
77849,18,24.3,26.46219
77849,19,23.8,25.792063
77849,20,22.5,24.761707
77849,21,19.2,23.399836
77849,22,17.6,21.827808
77849,23,16.7,20.361427
77849,24,16.1,19.065756
78368,1,9.0,5.7405624
78368,2,8.9,5.2367945
78368,3,7.8,4.8702188
78368,4,7.7,4.5727367
78368,5,7.2,4.345569
78368,6,7.6,4.1229806
78368,7,7.2,3.87384
78368,8,6.8,3.6245909
78368,9,6.5,3.4376187
78368,10,6.4,3.329636
78368,11,6.2,3.3554254
78368,12,6.4,3.6427622
78368,13,6.7,4.2225533
78368,14,6.9,5.025622
78368,15,7.0,6.044545
78368,16,7.7,7.1718903
78368,17,8.6,8.146445
78368,18,9.2,8.943249
78368,19,9.7,9.384455
78368,20,10.3,9.465612
78368,21,10.5,9.158743
78368,22,10.8,8.412077
78368,23,10.6,7.543574
78368,24,10.4,6.687401
78528,1,13.8,10.52566
78528,2,13.9,10.514094
78528,3,13.7,10.481729
78528,4,13.7,10.378988
78528,5,13.5,10.272726
78528,6,13.1,10.081426
78528,7,12.3,9.776422
78528,8,11.5,9.523386
78528,9,11.1,9.333989
78528,10,10.2,9.188276
78528,11,10.0,9.156552
78528,12,9.9,9.290639
78528,13,9.9,9.579205
78528,14,9.3,9.9566145
78528,15,9.1,10.454475
78528,16,8.2,11.0117445
78528,17,8.8,11.417251
78528,18,8.8,11.759635
78528,19,9.0,11.863384
78528,20,9.0,11.814285
78528,21,8.9,11.626646
78528,22,8.7,11.27557
78528,23,8.7,10.891751
78528,24,8.5,10.608161
79607,1,15.1,12.714392
79607,2,14.9,11.671223
79607,3,14.0,10.502321
79607,4,12.6,9.1758585
79607,5,11.1,8.092508
79607,6,9.9,7.1963325
79607,7,9.4,6.4421134
79607,8,9.1,5.9703646
79607,9,8.3,5.611352
79607,10,7.4,5.2748322
79607,11,6.7,4.9952755
79607,12,6.6,4.7781677
79607,13,6.7,4.737293
79607,14,5.5,4.758542
79607,15,6.6,5.183217
79607,16,7.4,6.100099
79607,17,8.9,7.322621
79607,18,10.9,8.846938
79607,19,12.5,10.500002
79607,20,14.3,12.066637
79607,21,15.5,13.391371
79607,22,16.5,14.270693
79607,23,16.7,14.58745
79607,24,16.3,14.387457
79675,1,13.3,9.086369
79675,2,12.9,8.915292
79675,3,13.1,9.356254
79675,4,14.1,10.386831
79675,5,15.9,11.801653
79675,6,17.6,13.650543
79675,7,19.3,15.784537
79675,8,21.5,17.789669
79675,9,22.9,19.524767
79675,10,23.8,20.733925
79675,11,24.2,21.320871
79675,12,24.2,21.342646
79675,13,24.2,20.657413
79675,14,23.6,19.713827
79675,15,22.6,18.639421
79675,16,21.0,17.410406
79675,17,19.4,16.337729
79675,18,17.7,15.264047
79675,19,16.4,14.35659
79675,20,15.1,13.604851
79675,21,13.6,12.885994
79675,22,12.7,12.155828
79675,23,12.3,11.354188
79675,24,12.1,10.593417
79698,1,12.1,9.635026
79698,2,11.6,8.988537
79698,3,11.5,8.603443
79698,4,11.4,8.486669
79698,5,11.1,8.629452
79698,6,11.4,9.178596
79698,7,11.9,10.204324
79698,8,12.6,11.549065
79698,9,13.4,13.184185
79698,10,13.4,14.979197
79698,11,14.2,16.650394
79698,12,16.1,18.065037
79698,13,17.5,18.964619
79698,14,17.8,19.34474
79698,15,17.9,19.330088
79698,16,15.4,18.797628
79698,17,15.5,18.011097
79698,18,15.4,16.948702
79698,19,15.1,15.71199
79698,20,14.1,14.62859
79698,21,13.2,13.585354
79698,22,12.6,12.65222
79698,23,12.3,11.783329
79698,24,12.0,10.955738
