window,hour,actual,predicted
218,1,15.8,11.764894
218,2,15.7,10.974152
218,3,15.2,10.8316965
218,4,15.4,10.784308
218,5,16.1,11.133611
218,6,16.8,11.616239
218,7,17.1,12.468691
218,8,18.0,13.467614
218,9,18.6,14.309396
218,10,19.8,15.595459
218,11,19.9,16.669024
218,12,19.4,17.51117
218,13,20.7,18.480167
218,14,22.6,18.924904
218,15,22.5,19.311926
218,16,22.1,19.326815
218,17,21.3,18.99619
218,18,19.9,18.510017
218,19,18.7,17.632313
218,20,17.9,16.698654
218,21,17.3,15.77603
218,22,16.8,14.611713
218,23,16.3,13.566629
218,24,16.3,12.566152
427,1,9.2,4.89116
427,2,9.6,5.3631983
427,3,9.5,5.943143
427,4,9.2,6.6039906
427,5,8.9,7.282679
427,6,9.3,7.991028
427,7,10.4,9.068004
427,8,11.1,9.586331
427,9,11.1,10.451373
427,10,11.0,10.401514
427,11,10.0,10.650725
427,12,8.7,10.810968
427,13,7.0,10.340952
427,14,4.9,10.133001
427,15,2.8,9.3936825
427,16,1.2,8.809309
427,17,2.6,7.8240824
427,18,1.4,7.329931
427,19,0.1,6.5630555
427,20,-1.0,6.243179
427,21,-2.0,5.5037704
427,22,-2.8,5.3538394
427,23,-3.5,4.8893237
427,24,-3.9,4.783019
661,1,5.7,6.913451
661,2,7.7,7.460325
661,3,9.0,8.322626
661,4,9.7,8.97759
661,5,10.1,9.335347
661,6,9.6,9.548729
661,7,9.0,9.465346
661,8,8.0,9.131473
661,9,6.3,8.743209
661,10,5.1,8.387736
661,11,4.9,7.531094
661,12,3.9,6.670278
661,13,2.9,5.9433794
661,14,2.1,5.0309258
661,15,1.4,4.3127594
661,16,0.8,3.6962025
661,17,0.3,3.111103
661,18,-0.2,3.115317
661,19,-0.6,3.119673
661,20,-1.0,3.1271951
661,21,-1.2,3.546056
661,22,-1.6,4.1577115
661,23,-1.6,5.042326
661,24,-0.5,5.703582
1176,1,14.0,15.443401
1176,2,14.4,14.978128
1176,3,12.9,13.61205
1176,4,12.1,12.203179
1176,5,12.0,11.187615
1176,6,10.7,9.905206
1176,7,9.5,9.23942
1176,8,8.7,8.585669
1176,9,8.4,7.941507
1176,10,8.2,7.5372753
1176,11,8.4,7.6577296
1176,12,8.1,8.186354
1176,13,7.6,8.719311
1176,14,10.1,9.461488
1176,15,11.0,10.674503
1176,16,10.9,11.851998
1176,17,9.7,13.229667
1176,18,11.0,14.165041
1176,19,11.3,15.344959
1176,20,10.9,16.609095
1176,21,10.5,16.913256
1176,22,10.2,17.095123
1176,23,10.8,17.08464
1176,24,10.4,16.606462
1280,1,12.1,12.208723
1280,2,11.9,10.759975
1280,3,11.1,9.278269
1280,4,9.9,8.586926
1280,5,8.8,6.8646183
1280,6,8.0,5.9931083
1280,7,7.3,5.2160273
1280,8,6.7,4.5305805
1280,9,6.8,4.494046
1280,10,6.9,4.7641926
1280,11,6.7,4.9581304
1280,12,6.5,5.928251
1280,13,6.4,7.2526684
1280,14,8.1,9.177863
1280,15,11.3,10.068482
1280,16,14.4,11.577393
1280,17,16.8,12.811968
1280,18,18.3,14.324629
1280,19,19.6,15.24564
1280,20,20.3,15.608988
1280,21,20.4,15.369886
1280,22,20.1,15.367335
1280,23,19.4,14.680051
1280,24,18.0,13.68806
1306,1,10.6,8.60137
1306,2,10.0,7.2163787
1306,3,9.3,6.5624027
1306,4,8.4,6.1105814
1306,5,8.2,6.111929
1306,6,7.9,6.3355374
1306,7,7.8,6.829232
1306,8,9.7,7.9041243
1306,9,14.1,8.673733
1306,10,17.6,10.709086
1306,11,20.2,12.0351
1306,12,22.0,13.430978
1306,13,23.6,15.04897
1306,14,24.7,15.762818
1306,15,25.3,16.961664
1306,16,24.5,17.219372
1306,17,24.0,17.378508
1306,18,22.4,17.197681
1306,19,20.7,16.439802
1306,20,19.9,15.003078
1306,21,18.6,14.235025
1306,22,17.8,12.4331255
1306,23,16.9,11.455942
1306,24,15.2,10.015587
1319,1,20.9,18.390331
1319,2,21.0,17.886585
1319,3,18.7,17.220816
1319,4,18.0,15.8011875
1319,5,17.9,14.740249
1319,6,16.3,12.811731
1319,7,15.0,11.856924
1319,8,13.7,10.356648
1319,9,12.8,9.1507
1319,10,12.2,8.012889
1319,11,11.8,7.1490355
1319,12,11.1,6.859439
1319,13,10.4,6.604403
1319,14,9.8,6.881472
1319,15,9.1,7.7375026
1319,16,8.8,8.8568325
1319,17,9.9,9.752489
1319,18,12.8,11.476257
1319,19,15.7,13.317642
1319,20,18.4,14.979677
1319,21,20.4,15.819367
1319,22,22.0,17.024754
1319,23,23.1,18.059498
1319,24,23.6,18.182816
1765,1,25.9,22.786499
1765,2,27.1,23.478504
1765,3,27.5,24.5828
1765,4,27.7,25.59487
1765,5,28.0,25.885525
1765,6,27.9,26.184618
1765,7,27.4,25.62036
1765,8,26.3,25.19207
1765,9,24.9,24.053617
1765,10,23.8,23.388023
1765,11,23.4,22.03458
1765,12,22.5,20.516031
1765,13,21.7,19.59439
1765,14,21.1,18.3337
1765,15,20.7,17.3102
1765,16,20.0,16.527132
1765,17,19.0,16.094412
1765,18,18.1,15.954265
1765,19,17.6,16.214798
1765,20,17.3,16.39414
1765,21,17.2,17.327127
1765,22,18.9,18.433823
1765,23,21.9,19.665718
1765,24,23.7,20.79395
2059,1,22.1,17.942469
2059,2,21.9,18.121918
2059,3,22.0,18.839048
2059,4,23.0,19.978306
2059,5,24.2,21.001667
2059,6,26.5,22.299368
2059,7,28.1,24.021801
2059,8,29.3,25.437614
2059,9,30.1,26.621809
2059,10,31.0,27.27081
2059,11,31.4,27.980227
2059,12,31.9,28.33914
2059,13,24.8,28.274328
2059,14,24.6,28.163927
2059,15,24.4,27.29429
2059,16,24.3,26.390177
2059,17,23.0,25.16491
2059,18,23.0,23.913017
2059,19,22.8,22.631536
2059,20,22.5,21.676935
2059,21,22.3,20.213377
2059,22,22.0,19.607952
2059,23,21.8,18.480148
2059,24,21.6,17.925753
2262,1,33.7,27.78523
2262,2,33.9,27.639471
2262,3,33.8,27.85815
2262,4,32.9,27.38065
2262,5,31.2,26.87727
2262,6,31.6,25.958317
2262,7,29.8,25.068195
2262,8,29.6,24.115068
2262,9,27.9,22.768436
2262,10,23.1,21.636452
2262,11,23.8,20.688313
2262,12,24.2,19.788393
2262,13,23.7,19.396297
2262,14,23.6,18.9131
2262,15,23.5,18.939291
2262,16,23.4,19.322433
2262,17,23.3,19.639936
2262,18,23.1,20.58761
2262,19,23.7,21.517302
2262,20,25.7,22.541368
2262,21,26.9,23.851597
2262,22,27.9,25.072182
2262,23,27.8,25.887022
2262,24,27.7,26.548363
2271,1,31.5,26.834606
2271,2,31.7,26.23132
2271,3,31.1,25.522545
2271,4,30.4,24.291252
2271,5,27.8,23.364113
2271,6,27.1,22.223455
2271,7,26.5,21.497316
2271,8,25.8,20.711615
2271,9,25.3,19.8535
2271,10,24.7,19.077002
2271,11,24.0,18.88888
2271,12,23.5,18.839626
2271,13,23.0,19.303408
2271,14,22.7,19.672495
2271,15,22.5,20.466515
2271,16,23.4,21.521044
2271,17,25.2,22.518883
2271,18,27.1,23.5183
2271,19,28.6,24.522924
2271,20,29.6,25.827467
2271,21,30.8,26.570017
2271,22,31.5,27.270279
2271,23,32.1,27.155798
2271,24,32.3,27.01175
2682,1,20.5,16.664484
2682,2,19.9,15.445608
2682,3,19.5,15.29591
2682,4,19.0,15.251227
2682,5,18.6,15.763212
2682,6,18.2,16.369171
2682,7,18.4,17.674154
2682,8,20.1,19.114656
2682,9,22.8,20.353619
2682,10,24.9,22.239023
2682,11,26.4,23.739872
2682,12,27.6,25.01311
2682,13,28.4,26.340633
2682,14,28.7,26.970371
2682,15,29.0,27.557877
2682,16,28.8,27.516542
2682,17,28.3,26.941141
2682,18,27.5,26.344551
2682,19,25.3,25.130346
2682,20,24.4,23.64921
2682,21,23.0,22.274212
2682,22,21.9,20.598198
2682,23,21.3,19.192106
2682,24,20.8,17.698927
3243,1,17.7,11.645886
3243,2,17.7,12.202429
3243,3,17.8,12.887616
3243,4,18.7,13.7835
3243,5,18.3,14.412171
3243,6,19.0,15.368925
3243,7,20.6,16.06023
3243,8,21.1,16.61306
3243,9,22.2,17.124355
3243,10,23.8,17.025167
3243,11,24.2,17.056015
3243,12,24.5,16.870293
3243,13,24.1,16.419022
3243,14,22.9,16.077044
3243,15,20.9,15.199333
3243,16,20.2,14.488646
3243,17,19.5,13.685596
3243,18,18.8,12.93094
3243,19,18.0,12.242928
3243,20,17.1,11.9130945
3243,21,16.2,11.477639
3243,22,15.3,11.487324
3243,23,14.6,11.05512
3243,24,14.1,11.230508
3271,1,21.2,12.49202
3271,2,20.9,12.463412
3271,3,20.3,12.4204
3271,4,18.0,11.985078
3271,5,17.3,11.725982
3271,6,17.2,11.266875
3271,7,16.9,10.673044
3271,8,16.7,10.131962
3271,9,16.8,9.588785
3271,10,17.0,8.994873
3271,11,16.0,8.703668
3271,12,15.4,8.491017
3271,13,14.8,8.258139
3271,14,14.4,8.188628
3271,15,13.8,8.325652
3271,16,13.2,8.630005
3271,17,13.0,8.776736
3271,18,14.5,9.378979
3271,19,16.1,9.76662
3271,20,17.2,10.248708
3271,21,18.0,11.072913
3271,22,18.2,11.439437
3271,23,18.2,11.785088
3271,24,18.1,12.14995
3340,1,0.6,8.259447
3340,2,1.3,8.916152
3340,3,3.2,9.528442
3340,4,4.0,10.404303
3340,5,4.5,10.8550415
3340,6,5.9,11.685882
3340,7,6.3,11.958167
3340,8,7.2,12.231035
3340,9,7.8,12.432258
3340,10,8.2,12.280089
3340,11,7.8,12.027342
3340,12,7.2,11.675844
3340,13,6.2,11.189323
3340,14,7.1,10.703031
3340,15,7.1,9.912188
3340,16,7.0,9.223006
3340,17,6.6,8.666943
3340,18,6.3,8.088967
3340,19,5.4,7.6303096
3340,20,5.4,7.385586
3340,21,5.5,7.3050265
3340,22,5.6,7.43019
3340,23,5.8,7.397463
3340,24,5.8,7.7620068
3451,1,8.6,6.123139
3451,2,8.6,6.4679737
3451,3,8.7,6.9768863
3451,4,9.8,7.5452466
3451,5,10.0,8.166806
3451,6,10.4,8.856179
3451,7,10.9,9.792427
3451,8,10.7,10.305498
3451,9,12.7,11.113352
3451,10,13.4,11.1558895
3451,11,14.9,11.481158
3451,12,15.4,11.6507015
3451,13,15.2,11.326727
3451,14,14.4,11.188653
3451,15,14.1,10.554412
3451,16,14.2,10.075765
3451,17,14.3,9.174732
3451,18,14.7,8.698365
3451,19,15.0,7.927029
3451,20,15.0,7.5865083
3451,21,15.3,6.9323993
3451,22,15.1,6.6978745
3451,23,12.2,6.191452
3451,24,11.0,6.0570908
3880,1,12.5,9.233679
3880,2,12.1,7.915348
3880,3,11.1,6.691854
3880,4,11.1,6.5692997
3880,5,11.3,4.6476846
3880,6,10.9,3.829614
3880,7,8.6,3.0719016
3880,8,8.7,2.0020971
3880,9,8.0,2.011842
3880,10,8.0,1.7768366
3880,11,7.9,1.4895555
3880,12,7.7,2.1057587
3880,13,7.2,3.0200732
3880,14,7.3,5.2240567
3880,15,9.7,5.3755636
3880,16,12.8,6.903656
3880,17,16.0,7.839975
3880,18,18.4,9.663549
3880,19,20.5,10.767226
3880,20,21.0,11.34899
3880,21,20.0,10.903566
3880,22,19.5,11.575596
3880,23,18.8,11.00652
3880,24,17.1,10.292573
3886,1,20.5,11.500925
3886,2,21.0,11.848112
3886,3,20.0,12.533215
3886,4,19.5,12.839196
3886,5,18.8,12.958093
3886,6,17.1,12.80114
3886,7,15.9,12.098811
3886,8,15.2,11.48723
3886,9,14.8,10.582218
3886,10,14.3,10.068421
3886,11,13.8,9.090117
3886,12,13.6,8.149083
3886,13,13.7,7.408353
3886,14,13.6,6.5769987
3886,15,13.7,6.15073
3886,16,13.5,5.788631
3886,17,13.5,5.484149
3886,18,13.8,5.850175
3886,19,14.2,6.1967187
3886,20,14.6,6.3121533
3886,21,14.9,7.3628607
3886,22,16.4,8.035328
3886,23,16.4,9.233695
3886,24,16.7,10.126937
3986,1,-0.2,2.7711103
3986,2,-0.3,2.0943801
3986,3,-1.1,1.7595338
3986,4,-2.1,1.7953098
3986,5,-2.8,1.7832534
3986,6,-3.1,2.0789435
3986,7,-3.1,2.5186186
3986,8,-3.0,3.1837666
3986,9,-2.6,3.7589264
3986,10,-2.0,4.8081865
3986,11,-1.0,5.581068
3986,12,0.4,6.4371824
3986,13,1.8,7.2750816
3986,14,2.5,7.784383
3986,15,2.3,8.164328
3986,16,2.2,8.276357
3986,17,1.8,8.22615
3986,18,0.6,8.166566
3986,19,-0.2,7.532971
3986,20,-1.0,6.647462
3986,21,-1.7,6.1228495
3986,22,-2.1,5.140839
3986,23,-2.6,4.4547076
3986,24,-3.0,3.6614044
4159,1,4.6,12.268312
4159,2,4.3,12.088279
4159,3,3.5,11.884214
4159,4,2.0,11.096218
4159,5,1.8,10.570076
4159,6,1.8,9.505365
4159,7,1.3,8.789489
4159,8,1.2,7.9046297
4159,9,0.7,6.9558363
4159,10,0.0,6.123234
4159,11,-0.5,5.5804687
4159,12,-0.7,5.160572
4159,13,-0.5,4.9082637
4159,14,-0.2,4.753737
4159,15,-0.4,5.1287274
4159,16,-1.5,5.743378
4159,17,-0.5,6.19685
4159,18,0.9,7.166502
4159,19,2.2,8.072254
4159,20,3.5,9.09998
4159,21,4.6,10.00523
4159,22,5.7,10.781238
4159,23,6.7,11.513612
4159,24,7.1,11.839971
4682,1,22.7,14.470004
4682,2,20.7,13.125927
4682,3,19.0,12.947045
4682,4,19.7,12.79893
4682,5,19.6,13.34748
4682,6,19.8,13.882289
4682,7,21.9,15.228514
4682,8,23.5,16.72208
4682,9,25.5,18.016634
4682,10,27.2,20.045486
4682,11,28.8,21.63649
4682,12,29.6,23.054165
4682,13,22.0,24.423435
4682,14,23.2,25.114202
4682,15,25.9,25.830564
4682,16,28.0,25.797934
4682,17,28.4,25.179253
4682,18,26.3,24.647514
4682,19,23.3,23.404026
4682,20,22.4,21.757412
4682,21,22.4,20.371504
4682,22,22.3,18.537544
4682,23,21.9,17.14676
4682,24,21.7,15.586187
4889,1,23.3,20.168953
4889,2,22.6,18.583551
4889,3,22.1,17.801462
4889,4,21.7,16.775877
4889,5,21.6,16.431097
4889,6,21.3,16.251038
4889,7,21.0,16.436407
4889,8,20.5,16.936995
4889,9,20.3,17.570335
4889,10,19.9,19.180744
4889,11,19.9,20.301489
4889,12,20.2,21.50701
4889,13,20.2,23.32053
4889,14,20.3,24.229017
4889,15,20.6,25.643936
4889,16,20.8,26.346087
4889,17,21.0,26.781397
4889,18,21.4,27.00879
4889,19,21.6,26.727835
4889,20,22.2,26.007576
4889,21,21.5,25.417046
4889,22,20.6,24.093216
4889,23,21.0,22.960135
4889,24,21.0,21.49867
5291,1,19.6,12.32461
5291,2,18.9,11.52828
5291,3,18.4,11.327069
5291,4,18.3,11.215534
5291,5,18.1,11.505397
5291,6,17.5,11.960742
5291,7,17.5,12.703859
5291,8,17.4,13.639721
5291,9,18.4,14.420345
5291,10,20.6,15.699067
5291,11,23.0,16.732203
5291,12,25.4,17.559725
5291,13,27.5,18.58413
5291,14,29.2,19.06093
5291,15,29.1,19.504822
5291,16,29.0,19.55777
5291,17,28.0,19.336193
5291,18,27.3,18.8715
5291,19,26.7,18.067066
5291,20,23.7,17.182697
5291,21,24.5,16.326784
5291,22,23.8,15.184489
5291,23,22.9,14.141537
5291,24,22.4,13.164924
5340,1,10.5,8.10543
5340,2,10.1,7.317324
5340,3,9.6,7.478619
5340,4,9.2,7.7790446
5340,5,6.8,8.574328
5340,6,8.5,9.277239
5340,7,12.0,10.915569
5340,8,15.5,12.368914
5340,9,18.5,13.73997
5340,10,20.7,15.324117
5340,11,22.3,16.68997
5340,12,23.1,17.851675
5340,13,23.6,18.62305
5340,14,23.5,18.973799
5340,15,21.7,19.116112
5340,16,19.3,18.77891
5340,17,19.6,17.772692
5340,18,19.2,17.14281
5340,19,18.6,15.735274
5340,20,18.3,14.226543
5340,21,17.8,12.7839575
5340,22,17.4,11.266031
5340,23,17.1,10.121443
5340,24,16.8,8.870045
5829,1,1.5,4.9526763
5829,2,0.7,5.7745833
5829,3,0.8,6.606632
5829,4,2.9,7.68935
5829,5,5.6,8.55499
5829,6,7.9,9.53114
5829,7,9.6,10.993058
5829,8,10.6,11.638375
5829,9,11.1,12.654528
5829,10,11.2,12.451642
5829,11,10.9,12.532208
5829,12,10.1,12.534985
5829,13,7.6,11.816027
5829,14,8.0,11.379098
5829,15,6.6,10.231843
5829,16,5.6,9.325485
5829,17,4.9,8.124188
5829,18,4.1,7.3586884
5829,19,3.7,6.46788
5829,20,3.0,6.1866145
5829,21,2.3,5.1429567
5829,22,1.6,5.2196503
5829,23,1.0,4.718067
5829,24,0.4,4.670785
6008,1,9.6,12.235276
6008,2,10.0,12.059284
6008,3,10.0,11.595569
6008,4,9.8,10.773594
6008,5,8.9,10.221287
6008,6,8.9,9.383219
6008,7,8.8,8.789094
6008,8,8.9,8.155296
6008,9,9.2,7.470829
6008,10,9.4,6.795914
6008,11,9.5,6.5669446
6008,12,9.9,6.4706573
6008,13,10.3,6.481461
6008,14,10.9,6.6289163
6008,15,11.7,7.098361
6008,16,12.2,7.7568855
6008,17,11.4,8.387797
6008,18,12.0,9.1148
6008,19,13.5,9.856371
6008,20,15.3,10.801689
6008,21,16.4,11.468705
6008,22,17.4,11.970724
6008,23,18.1,12.201787
6008,24,20.4,12.330407
6217,1,30.1,22.954151
6217,2,25.6,22.471176
6217,3,22.6,21.482656
6217,4,21.6,19.910053
6217,5,20.1,18.864143
6217,6,19.4,17.055141
6217,7,18.5,16.045689
6217,8,17.5,14.898422
6217,9,16.3,13.428703
6217,10,15.5,12.361179
6217,11,14.9,11.87899
6217,12,15.2,11.66967
6217,13,17.2,11.82606
6217,14,16.0,12.165002
6217,15,17.5,13.15345
6217,16,20.8,14.411178
6217,17,24.3,15.743777
6217,18,27.8,17.089495
6217,19,30.5,18.667473
6217,20,31.8,20.417242
6217,21,32.1,21.43637
6217,22,32.2,22.418694
6217,23,32.0,23.005592
6217,24,31.5,23.106003
6340,1,17.8,14.220562
6340,2,17.8,14.39225
6340,3,17.9,14.822803
6340,4,17.6,15.451183
6340,5,17.5,16.033442
6340,6,17.8,16.891539
6340,7,18.0,17.77234
6340,8,18.4,18.506414
6340,9,19.2,19.22563
6340,10,19.4,19.529198
6340,11,21.0,19.932524
6340,12,21.9,20.07882
6340,13,23.4,20.069067
6340,14,23.9,20.01928
6340,15,23.6,19.473244
6340,16,22.8,18.987309
6340,17,19.9,18.282818
6340,18,19.5,17.532171
6340,19,19.2,16.761808
6340,20,18.5,16.322178
6340,21,18.2,15.559887
6340,22,18.1,15.231445
6340,23,17.7,14.481248
6340,24,17.4,14.223079
6422,1,11.5,14.5444
6422,2,14.0,15.44669
6422,3,15.9,16.549341
6422,4,17.5,17.86844
6422,5,18.3,18.436876
6422,6,19.0,19.25154
6422,7,19.4,19.190601
6422,8,19.6,19.195333
6422,9,19.2,18.681494
6422,10,17.6,18.399387
6422,11,15.5,17.363888
6422,12,13.7,16.184473
6422,13,12.5,15.357141
6422,14,11.6,14.220406
6422,15,11.1,13.049827
6422,16,10.8,11.978585
6422,17,10.4,11.356653
6422,18,9.8,10.721765
6422,19,8.9,10.550024
6422,20,8.1,10.350261
6422,21,7.3,10.67067
6422,22,6.9,11.359646
6422,23,7.4,12.160513
6422,24,10.9,13.050403
6577,1,27.1,22.762877
6577,2,24.7,21.979914
6577,3,24.2,20.60289
6577,4,23.9,19.10026
6577,5,23.1,18.076952
6577,6,22.3,16.96819
6577,7,21.7,16.384844
6577,8,21.3,15.874027
6577,9,21.5,15.435391
6577,10,21.7,15.370652
6577,11,21.9,15.70152
6577,12,21.9,16.35589
6577,13,21.9,17.374876
6577,14,22.5,18.285116
6577,15,23.7,19.629309
6577,16,24.9,20.870855
6577,17,26.6,22.265867
6577,18,27.8,23.08994
6577,19,27.5,24.070206
6577,20,29.0,25.144655
6577,21,28.9,25.28919
6577,22,29.5,25.266739
6577,23,29.2,24.799976
6577,24,29.3,24.054739
6591,1,28.1,25.380829
6591,2,28.7,25.425804
6591,3,28.5,25.916567
6591,4,29.6,25.766092
6591,5,30.6,25.473148
6591,6,30.4,24.805212
6591,7,28.9,23.941309
6591,8,26.5,23.063684
6591,9,25.6,21.741373
6591,10,24.3,20.67707
6591,11,24.0,19.598877
6591,12,23.5,18.545664
6591,13,22.9,17.951178
6591,14,22.4,17.251091
6591,15,22.0,17.023514
6591,16,21.8,17.110292
6591,17,21.5,17.17784
6591,18,21.5,17.955215
6591,19,21.8,18.716782
6591,20,22.6,19.480267
6591,21,23.1,20.828798
6591,22,23.9,22.023499
6591,23,25.0,23.018147
6591,24,27.5,23.868967
6716,1,23.4,17.860455
6716,2,23.2,17.359539
6716,3,22.7,17.638498
6716,4,22.3,18.149855
6716,5,22.6,18.925276
6716,6,24.6,19.855198
6716,7,26.7,21.37724
6716,8,28.9,22.782633
6716,9,31.0,23.978296
6716,10,32.8,25.191837
6716,11,34.6,26.284096
6716,12,36.0,27.073534
6716,13,36.8,27.693666
6716,14,37.3,27.97454
6716,15,37.1,27.817911
6716,16,36.0,27.362572
6716,17,31.5,26.476837
6716,18,29.8,25.543198
6716,19,28.3,24.324768
6716,20,26.9,23.176428
6716,21,25.9,21.749432
6716,22,24.9,20.65884
6716,23,24.2,19.365868
6716,24,23.9,18.366589
7131,1,23.3,21.109121
7131,2,23.2,20.464464
7131,3,23.1,20.363516
7131,4,22.9,20.170877
7131,5,23.0,20.171421
7131,6,23.4,20.51369
7131,7,23.5,21.008205
7131,8,23.9,21.452753
7131,9,24.0,22.08335
7131,10,24.2,22.708231
7131,11,24.1,23.381475
7131,12,24.1,23.788452
7131,13,24.6,24.694448
7131,14,25.1,25.057713
7131,15,24.3,25.32055
7131,16,24.0,25.579618
7131,17,23.9,25.481222
7131,18,24.2,25.235796
7131,19,23.8,24.760353
7131,20,24.4,24.6104
7131,21,24.0,23.960701
7131,22,24.0,23.484657
7131,23,24.0,22.408306
7131,24,24.0,21.598606
7257,1,33.0,28.654152
7257,2,30.4,27.853409
7257,3,29.3,27.028885
7257,4,28.4,25.672777
7257,5,27.9,24.715223
7257,6,27.3,23.60849
7257,7,26.8,23.018293
7257,8,26.3,22.33664
7257,9,25.9,21.757092
7257,10,25.6,21.19259
7257,11,25.4,21.249647
7257,12,25.4,21.469912
7257,13,25.4,22.160387
7257,14,25.8,22.727476
7257,15,27.0,23.695847
7257,16,28.5,24.847687
7257,17,29.9,25.824066
7257,18,31.1,26.834743
7257,19,32.5,27.743065
7257,20,33.5,28.936575
7257,21,34.5,29.457237
7257,22,35.0,29.921394
7257,23,35.2,29.530027
7257,24,34.4,29.103285
7308,1,25.9,22.299948
7308,2,25.6,21.807257
7308,3,25.2,22.037132
7308,4,25.2,22.367975
7308,5,26.0,22.864666
7308,6,26.7,23.626188
7308,7,28.6,24.83328
7308,8,30.2,25.862457
7308,9,31.7,26.874926
7308,10,32.5,27.75173
7308,11,33.2,28.607141
7308,12,34.3,29.171434
7308,13,29.2,29.823004
7308,14,29.1,30.079975
7308,15,30.1,29.971172
7308,16,30.2,29.72803
7308,17,29.9,29.07237
7308,18,28.8,28.362421
7308,19,27.9,27.446636
7308,20,27.1,26.756062
7308,21,26.7,25.563473
7308,22,26.3,24.841183
7308,23,25.9,23.588554
7308,24,25.6,22.678009
8437,1,0.9,5.373053
8437,2,0.5,6.240799
8437,3,0.9,7.0485854
8437,4,2.3,8.192369
8437,5,4.2,8.943968
8437,6,6.2,9.929873
8437,7,7.9,11.003773
8437,8,10.0,11.546424
8437,9,11.2,12.227183
8437,10,12.0,12.028537
8437,11,12.2,11.89875
8437,12,11.6,11.689499
8437,13,10.6,10.986639
8437,14,10.7,10.434164
8437,15,10.3,9.320348
8437,16,9.9,8.390726
8437,17,9.4,7.4205813
8437,18,9.1,6.6321144
8437,19,8.1,5.9034643
8437,20,7.7,5.6363373
8437,21,7.2,4.9002447
8437,22,6.9,5.0630894
8437,23,6.9,4.800939
8437,24,6.7,4.9514637
9197,1,13.9,9.999956
9197,2,13.5,11.383638
9197,3,15.5,12.709978
9197,4,18.2,14.680744
9197,5,21.2,16.198902
9197,6,24.2,17.83112
9197,7,27.5,20.294744
9197,8,29.2,21.557756
9197,9,30.2,23.011292
9197,10,30.6,22.820826
9197,11,30.6,22.904793
9197,12,30.1,22.80115
9197,13,29.5,21.619114
9197,14,26.9,20.916906
9197,15,25.4,18.957926
9197,16,23.5,17.335762
9197,17,21.7,15.467509
9197,18,20.1,13.929303
9197,19,18.8,12.550728
9197,20,18.2,11.993254
9197,21,17.9,10.098814
9197,22,17.7,10.242681
9197,23,17.4,9.503153
9197,24,17.1,9.451967
9542,1,16.6,21.654575
9542,2,18.3,21.801702
9542,3,19.8,22.278997
9542,4,20.9,22.299229
9542,5,21.8,22.13871
9542,6,22.4,21.76843
9542,7,22.5,21.077814
9542,8,22.5,20.39033
9542,9,22.0,19.414324
9542,10,21.9,18.601599
9542,11,19.6,17.711197
9542,12,18.3,16.830164
9542,13,17.3,16.295134
9542,14,16.5,15.671264
9542,15,15.8,15.385751
9542,16,14.1,15.348672
9542,17,12.9,15.299193
9542,18,12.3,15.830765
9542,19,12.2,16.359127
9542,20,11.8,16.904528
9542,21,11.9,17.953434
9542,22,12.4,18.86662
9542,23,14.0,19.682648
9542,24,17.0,20.39988
9928,1,29.7,25.103989
9928,2,30.7,24.534075
9928,3,29.6,23.926334
9928,4,30.4,22.875622
9928,5,29.2,22.08563
9928,6,28.2,21.248363
9928,7,25.5,20.65748
9928,8,23.3,20.046947
9928,9,23.5,19.458267
9928,10,24.0,18.90294
9928,11,24.7,18.835741
9928,12,24.3,18.860136
9928,13,24.0,19.403183
9928,14,23.8,19.778702
9928,15,23.4,20.479122
9928,16,23.3,21.384361
9928,17,23.9,22.225174
9928,18,25.4,23.002678
9928,19,25.4,23.757847
9928,20,24.6,24.810219
9928,21,27.5,25.369158
9928,22,29.0,25.868092
9928,23,30.2,25.569809
9928,24,30.2,25.354383
9977,1,32.0,28.0199
9977,2,31.1,27.111502
9977,3,29.6,25.904987
9977,4,28.3,24.34535
9977,5,27.5,23.303097
9977,6,26.7,22.11633
9977,7,25.8,21.534794
9977,8,25.5,20.92916
9977,9,25.4,20.44458
9977,10,25.2,20.184425
9977,11,24.8,20.477304
9977,12,24.6,20.9857
9977,13,25.4,21.968208
9977,14,25.9,22.81801
9977,15,27.5,24.083834
9977,16,28.9,25.408419
9977,17,30.6,26.65482
9977,18,32.5,27.617746
9977,19,33.3,28.590374
9977,20,34.5,29.788343
9977,21,35.6,30.055124
9977,22,35.1,30.224216
9977,23,34.8,29.707
9977,24,34.5,29.002506
10048,1,11.2,13.476234
10048,2,12.0,13.525118
10048,3,12.4,13.665342
10048,4,11.7,13.311246
10048,5,9.5,13.106081
10048,6,7.8,12.516899
10048,7,6.7,11.809766
10048,8,6.2,11.133193
10048,9,5.7,10.27194
10048,10,5.0,9.533411
10048,11,4.5,8.950991
10048,12,4.0,8.447458
10048,13,3.5,7.9960613
10048,14,2.9,7.689746
10048,15,3.0,7.7017384
10048,16,2.9,7.9005547
10048,17,2.6,7.9900866
10048,18,2.5,8.673786
10048,19,4.0,9.201911
10048,20,5.7,9.733737
10048,21,8.7,10.7834015
10048,22,10.3,11.394488
10048,23,11.3,12.116504
10048,24,12.0,12.72606
10591,1,-10.5,-0.31260216
10591,2,-8.5,0.11903707
10591,3,-7.0,0.21745035
10591,4,-5.9,0.595608
10591,5,-5.5,0.630172
10591,6,-5.3,0.6289289
10591,7,-6.4,0.6583083
10591,8,-6.7,0.94570816
10591,9,-6.9,0.12080389
10591,10,-7.2,-0.22405301
10591,11,-7.1,-0.40607858
10591,12,-7.6,-0.7690852
10591,13,-7.4,-0.8870165
10591,14,-6.4,-1.8006885
10591,15,-4.8,-2.02128
10591,16,-4.1,-2.2331064
10591,17,-3.5,-1.9384899
10591,18,-2.7,-2.0521877
10591,19,-2.2,-2.343614
10591,20,-1.5,-2.2093925
10591,21,-0.9,-1.4569755
10591,22,-0.7,-1.1850603
10591,23,-0.9,-0.8045782
10591,24,-0.9,-0.50070333
10795,1,-2.9,-1.6419961
10795,2,-2.8,-2.613385
10795,3,-2.9,-3.2650456
10795,4,-3.2,-2.5290184
10795,5,-3.0,-3.4887455
10795,6,-2.4,-3.360351
10795,7,-1.9,-3.3830261
10795,8,-1.5,-2.69029
10795,9,-1.5,-2.5674567
10795,10,-1.1,-2.3797739
10795,11,0.6,-1.5611005
10795,12,2.8,-0.55673033
10795,13,4.8,-0.075909525
10795,14,6.0,0.91872233
10795,15,6.7,0.8798059
10795,16,6.0,1.5583056
10795,17,5.2,1.6952637
10795,18,5.1,2.449471
10795,19,4.1,1.9180195
10795,20,3.4,1.1028193
10795,21,3.1,1.1780877
10795,22,3.5,0.64618343
10795,23,3.3,-0.07504942
10795,24,4.3,-0.7613853
11179,1,3.3,3.3501236
11179,2,2.3,3.4497674
11179,3,0.4,3.4664018
11179,4,-0.6,3.4108164
11179,5,-1.1,3.5016115
11179,6,-2.0,3.5929892
11179,7,-3.3,3.6054537
11179,8,-4.7,3.6129112
11179,9,-4.9,3.660464
11179,10,-4.1,3.6414783
11179,11,-1.1,3.758441
11179,12,0.2,3.805778
11179,13,1.6,3.822661
11179,14,3.2,3.7254546
11179,15,4.4,3.7001612
11179,16,4.7,3.7173898
11179,17,4.9,3.633241
11179,18,4.2,3.650754
11179,19,3.5,3.4248278
11179,20,3.1,3.4533505
11179,21,1.7,3.6096704
11179,22,0.1,3.4769392
11179,23,1.0,3.4182246
11179,24,0.1,3.4491088
11297,1,7.3,7.673608
11297,2,6.5,6.836661
11297,3,5.4,6.589207
11297,4,4.5,6.609775
11297,5,4.6,5.2430367
11297,6,3.9,4.2705836
11297,7,3.5,3.8142154
11297,8,3.0,2.171131
11297,9,2.5,2.3451304
11297,10,2.1,1.7792108
11297,11,1.6,0.6738669
11297,12,1.5,0.4977954
11297,13,1.2,0.44826
11297,14,1.0,1.7215195
11297,15,0.9,1.4816388
11297,16,2.3,2.4617183
11297,17,5.0,2.4976487
11297,18,8.0,4.383737
11297,19,10.8,5.86192
11297,20,12.9,6.7722387
11297,21,14.1,6.1110783
11297,22,14.9,7.4392567
11297,23,15.0,7.910572
11297,24,14.6,7.5502872
11657,1,10.8,12.6019
11657,2,10.6,12.359105
11657,3,10.2,11.641758
11657,4,9.9,10.901476
11657,5,9.7,10.387702
11657,6,9.6,9.897874
11657,7,9.5,9.418058
11657,8,9.7,9.116357
11657,9,9.8,8.751157
11657,10,9.9,8.583441
11657,11,10.2,8.729578
11657,12,10.7,8.959293
11657,13,11.5,9.401545
11657,14,12.6,9.819105
11657,15,13.9,10.416553
11657,16,16.1,11.065874
11657,17,14.0,11.836078
11657,18,14.1,12.210516
11657,19,14.7,12.671017
11657,20,15.0,13.322447
11657,21,16.0,13.62434
11657,22,18.2,13.638789
11657,23,20.0,13.43998
11657,24,20.3,13.252176
11906,1,27.2,19.679466
11906,2,26.0,18.41462
11906,3,25.3,16.846594
11906,4,25.0,15.238936
11906,5,24.3,14.208518
11906,6,23.3,13.136277
11906,7,22.8,12.560605
11906,8,22.0,12.362657
11906,9,21.2,12.084283
11906,10,20.5,12.788266
11906,11,20.4,13.510908
11906,12,21.6,14.586073
11906,13,23.0,16.108892
11906,14,23.4,17.184175
11906,15,23.6,18.956284
11906,16,24.0,20.257488
11906,17,24.6,21.700571
11906,18,23.7,22.528858
11906,19,23.2,23.252302
11906,20,23.3,23.694075
11906,21,23.0,23.734007
11906,22,20.3,23.044907
11906,23,18.9,22.486818
11906,24,17.4,21.344707
11909,1,20.5,13.275352
11909,2,20.4,13.4234495
11909,3,21.6,14.252474
11909,4,23.0,15.28453
11909,5,23.4,16.367628
11909,6,23.6,17.549921
11909,7,24.0,19.389833
11909,8,24.6,20.67812
11909,9,23.7,22.011316
11909,10,23.2,22.592407
11909,11,23.3,23.319115
11909,12,23.0,23.731833
11909,13,20.3,23.588247
11909,14,18.9,23.440626
11909,15,17.4,22.549713
11909,16,17.3,21.676294
11909,17,18.8,20.235273
11909,18,18.5,19.205402
11909,19,17.4,17.824665
11909,20,17.1,16.846365
11909,21,17.5,15.418406
11909,22,17.5,14.8160715
11909,23,18.1,13.74686
11909,24,18.6,13.190045
11958,1,22.0,16.863064
11958,2,24.3,17.634996
11958,3,25.7,18.52898
11958,4,26.7,19.695873
11958,5,27.2,20.257639
11958,6,27.6,21.164618
11958,7,27.4,21.270277
11958,8,27.3,21.518494
11958,9,26.6,21.289524
11958,10,25.9,21.049246
11958,11,25.2,20.429638
11958,12,24.0,19.604794
11958,13,22.2,18.936247
11958,14,21.9,18.151001
11958,15,20.9,17.097836
11958,16,19.9,16.179197
11958,17,18.8,15.5729265
11958,18,17.7,14.832765
11958,19,16.9,14.497828
11958,20,15.9,14.258762
11958,21,15.0,14.380663
11958,22,14.6,14.807295
11958,23,14.8,15.0948
11958,24,15.0,15.769381
12015,1,26.1,21.00968
12015,2,28.3,21.188927
12015,3,29.6,21.663256
12015,4,30.9,21.832642
12015,5,31.0,21.774555
12015,6,30.1,21.747952
12015,7,29.0,21.239174
12015,8,28.2,20.843372
12015,9,27.8,20.131157
12015,10,26.5,19.463882
12015,11,26.0,18.817354
12015,12,24.9,18.066622
12015,13,24.3,17.682451
12015,14,24.1,17.177588
12015,15,23.6,16.794048
12015,16,23.2,16.676823
12015,17,22.8,16.584095
12015,18,22.3,16.788193
12015,19,21.8,17.030504
12015,20,21.6,17.411282
12015,21,20.6,18.241297
12015,22,20.6,18.957664
12015,23,22.1,19.351728
12015,24,22.8,19.974049
13995,1,-3.4,0.6451626
13995,2,-4.3,0.007993862
13995,3,-5.9,-0.43120804
13995,4,-5.2,-0.24450877
13995,5,-3.6,-0.6987064
13995,6,-3.3,-0.539459
13995,7,-3.4,-0.5862255
13995,8,-3.7,-0.4163304
13995,9,-4.1,-0.35154548
13995,10,-3.8,0.31893268
13995,11,-2.9,0.58030224
13995,12,-2.0,0.92357194
13995,13,-0.3,1.9091365
13995,14,0.9,2.59339
13995,15,1.1,2.6663465
13995,16,0.8,3.0557206
13995,17,0.8,3.461891
13995,18,0.9,3.6495051
13995,19,0.8,3.3825753
13995,20,0.6,2.994119
13995,21,0.5,2.7392612
13995,22,0.8,2.43652
13995,23,0.8,1.8688391
13995,24,0.7,1.3964825
14030,1,-2.5,-2.8755493
14030,2,-1.4,-2.261057
14030,3,0.2,-2.0492847
14030,4,1.2,-1.8496505
14030,5,1.9,-1.2211031
14030,6,2.5,-1.3439807
14030,7,3.7,-0.54343235
14030,8,3.9,-0.21828878
14030,9,3.7,-0.70993495
14030,10,3.4,-0.67047
14030,11,2.1,-0.79609835
14030,12,0.7,-1.2130618
14030,13,0.1,-1.256227
14030,14,-0.8,-2.2569137
14030,15,-1.9,-2.537448
14030,16,-2.9,-2.9130993
14030,17,-3.7,-2.9270477
14030,18,-4.6,-3.348
14030,19,-4.2,-3.7285197
14030,20,-5.0,-3.4741607
14030,21,-6.1,-3.5409598
14030,22,-6.8,-3.3457572
14030,23,-7.2,-2.8891544
14030,24,-8.9,-2.8373272
14673,1,30.4,19.830019
14673,2,28.9,19.265696
14673,3,27.6,17.96605
14673,4,26.2,16.24617
14673,5,25.1,15.13525
14673,6,24.0,13.30798
14673,7,22.4,12.42407
14673,8,21.0,11.388792
14673,9,20.4,10.23358
14673,10,18.8,9.415672
14673,11,17.3,9.2344885
14673,12,16.6,9.434759
14673,13,16.1,9.751973
14673,14,15.5,10.364906
14673,15,16.1,11.617129
14673,16,17.3,13.001649
14673,17,18.5,14.429619
14673,18,19.7,15.776856
14673,19,20.4,17.338411
14673,20,20.2,19.01579
14673,21,19.7,19.714725
14673,22,19.7,20.348053
14673,23,19.2,20.760576
14673,24,19.9,20.530834
14775,1,8.3,15.606794
14775,2,8.2,16.017889
14775,3,8.5,16.693003
14775,4,8.1,17.198156
14775,5,8.2,17.347904
14775,6,8.9,17.4897
14775,7,9.0,16.996805
14775,8,9.3,16.644648
14775,9,9.6,15.928589
14775,10,9.5,15.42178
14775,11,8.8,14.610643
14775,12,8.1,13.738733
14775,13,7.7,13.102932
14775,14,7.4,12.349779
14775,15,7.4,11.777607
14775,16,5.8,11.352115
14775,17,5.7,11.044377
14775,18,5.4,11.116259
14775,19,5.4,11.268908
14775,20,6.2,11.371494
14775,21,7.9,12.180299
14775,22,10.9,12.811515
14775,23,13.5,13.596027
14775,24,16.1,14.37213
15658,1,5.7,2.2796373
15658,2,5.0,1.9174485
15658,3,3.8,1.7766877
15658,4,3.3,2.1904273
15658,5,3.4,1.3475043
15658,6,3.7,0.8156179
15658,7,3.6,0.5331837
15658,8,3.7,-0.29513085
15658,9,3.6,-0.5377549
15658,10,3.6,-0.8379309
15658,11,3.7,-1.5793804
15658,12,3.7,-1.8431728
15658,13,3.7,-1.9158487
15658,14,3.7,-1.4710412
15658,15,3.8,-1.795839
15658,16,3.9,-1.2943081
15658,17,4.6,-1.1939085
15658,18,4.5,-0.09814142
15658,19,3.5,0.64182013
15658,20,2.5,1.0974119
15658,21,3.2,0.877441
15658,22,3.2,1.7061108
15658,23,2.7,2.3067737
15658,24,2.2,2.152173
15874,1,-1.2,-1.0597473
15874,2,-1.6,-0.7554538
15874,3,-2.7,-1.4482063
15874,4,-3.3,-0.8875085
15874,5,-3.5,-1.6011691
15874,6,-4.2,-2.1162002
15874,7,-4.9,-2.198382
15874,8,-5.6,-2.5631025
15874,9,-6.1,-3.412573
15874,10,-6.5,-4.275862
15874,11,-6.9,-4.705253
15874,12,-7.1,-5.0162673
15874,13,-7.1,-5.189115
15874,14,-7.1,-4.5796065
15874,15,-7.0,-5.2692943
15874,16,-6.8,-4.6325083
15874,17,-7.4,-3.930475
15874,18,-6.6,-3.3923793
15874,19,-5.1,-2.8140132
15874,20,-3.4,-1.805857
15874,21,-1.5,-1.9242325
15874,22,0.4,-0.9233756
15874,23,2.0,-0.67378205
15874,24,3.0,-0.50668895
15956,1,-1.2,-4.6671004
15956,2,-1.2,-4.884019
15956,3,-1.2,-4.67808
15956,4,-1.0,-4.711632
15956,5,-0.9,-4.4775224
15956,6,-0.8,-4.506335
15956,7,-0.8,-4.1623445
15956,8,-0.6,-4.2292843
15956,9,-0.4,-4.1228876
15956,10,-0.4,-3.724636
15956,11,-1.2,-3.7862616
15956,12,-0.8,-3.9607933
15956,13,-0.1,-3.5222013
15956,14,0.3,-3.5262396
15956,15,0.8,-3.6302173
15956,16,1.9,-3.5603054
15956,17,2.2,-3.7558696
15956,18,2.2,-3.6802506
15956,19,2.7,-3.8675618
15956,20,2.6,-3.9806123
15956,21,2.3,-4.212283
15956,22,2.2,-4.1556
15956,23,1.4,-4.220423
15956,24,0.9,-4.3824444
16789,1,10.3,11.807411
16789,2,10.3,11.224935
16789,3,10.1,11.263876
16789,4,10.1,11.23561
16789,5,9.9,11.559136
16789,6,9.9,12.034194
16789,7,10.1,12.643212
16789,8,10.0,13.344921
16789,9,10.1,14.068601
16789,10,10.1,14.940796
16789,11,10.3,15.774367
16789,12,10.4,16.344353
16789,13,11.3,17.03191
16789,14,11.5,17.344366
16789,15,12.1,17.52433
16789,16,11.9,17.535788
16789,17,11.6,17.111345
16789,18,10.9,16.762611
16789,19,10.3,15.971299
16789,20,10.0,15.273747
16789,21,9.7,14.685919
16789,22,9.5,13.826198
16789,23,9.4,12.938197
16789,24,9.3,12.266428
17511,1,22.8,19.090225
17511,2,23.5,19.560385
17511,3,23.8,20.416994
17511,4,24.3,21.368902
17511,5,23.3,21.861752
17511,6,23.1,22.82084
17511,7,23.0,23.12684
17511,8,23.5,23.469633
17511,9,23.1,23.621922
17511,10,22.9,23.451868
17511,11,22.7,23.161268
17511,12,22.6,22.594238
17511,13,22.3,22.230928
17511,14,22.0,21.678484
17511,15,21.8,20.762587
17511,16,21.9,20.042524
17511,17,21.8,19.353558
17511,18,21.6,18.672104
17511,19,21.4,18.138842
17511,20,21.1,17.88249
17511,21,21.0,17.822912
17511,22,21.1,18.10408
17511,23,21.1,17.851322
17511,24,21.1,18.221058
18092,1,7.0,7.1990714
18092,2,6.9,5.7681317
18092,3,6.5,5.012656
18092,4,6.4,4.508905
18092,5,6.0,4.1885014
18092,6,5.8,4.319113
18092,7,5.6,4.391875
18092,8,5.2,5.125494
18092,9,5.2,5.7362566
18092,10,5.5,7.604076
18092,11,5.8,8.728699
18092,12,6.4,9.973059
18092,13,7.3,11.662911
18092,14,8.7,12.474523
18092,15,9.9,13.699017
18092,16,11.1,14.170859
18092,17,11.4,14.564366
18092,18,11.1,14.632988
18092,19,10.6,14.107811
18092,20,10.1,12.9027405
18092,21,9.1,12.380759
18092,22,8.5,10.79694
18092,23,7.7,9.921252
18092,24,7.5,8.586581
18116,1,7.7,8.282166
18116,2,7.5,6.6027374
18116,3,6.8,5.5226707
18116,4,6.6,5.1542892
18116,5,6.3,3.962567
18116,6,6.1,3.8128223
18116,7,5.3,3.295525
18116,8,5.5,3.3082125
18116,9,5.9,3.7146442
18116,10,6.6,5.007401
18116,11,6.8,5.6914907
18116,12,7.3,6.7860246
18116,13,8.5,8.5595045
18116,14,10.4,10.119389
18116,15,11.9,11.074473
18116,16,13.7,12.144736
18116,17,14.6,12.929188
18116,18,14.8,13.777214
18116,19,14.4,13.824824
18116,20,13.4,13.158911
18116,21,11.8,12.755813
18116,22,10.8,11.886121
18116,23,10.3,10.944606
18116,24,9.6,9.706985
18158,1,8.5,5.153587
18158,2,8.2,5.657002
18158,3,8.0,6.4003634
18158,4,7.7,7.239154
18158,5,7.5,8.020092
18158,6,7.6,8.880498
18158,7,7.8,10.159584
18158,8,7.9,10.795942
18158,9,7.6,11.795791
18158,10,7.2,11.777626
18158,11,7.1,12.030965
18158,12,7.0,12.172074
18158,13,7.0,11.667927
18158,14,6.9,11.365126
18158,15,6.6,10.479647
18158,16,6.6,9.755464
18158,17,6.4,8.595165
18158,18,5.8,7.996649
18158,19,5.0,7.076677
18158,20,4.4,6.6408772
18158,21,4.7,5.7720127
18158,22,4.8,5.6311965
18158,23,4.9,5.080974
18158,24,4.9,4.9411354
18376,1,-10.3,1.819244
18376,2,-9.0,2.155896
18376,3,-7.9,2.5846002
18376,4,-5.6,2.642669
18376,5,-4.8,2.9866855
18376,6,-4.4,2.9370444
18376,7,-4.0,3.0478382
18376,8,-4.0,3.019563
18376,9,-4.5,2.5801191
18376,10,-4.0,2.498752
18376,11,-4.4,2.1204753
18376,12,-4.7,1.6377155
18376,13,-4.5,1.4418621
18376,14,-3.9,0.5320208
18376,15,-3.4,0.4235353
18376,16,-2.2,0.05944015
18376,17,-1.9,-0.04945174
18376,18,-1.7,-0.16489594
18376,19,-1.5,-0.26353735
18376,20,-2.1,-0.17085896
18376,21,-2.9,0.2509033
18376,22,-3.5,0.49637073
18376,23,-4.0,1.041298
18376,24,-3.7,1.3366171
18422,1,-4.4,-0.1431287
18422,2,-4.4,0.0043669343
18422,3,-4.7,0.3455495
18422,4,-5.3,0.32826707
18422,5,-5.9,0.8519535
18422,6,-6.0,1.0115548
18422,7,-5.3,1.7235525
18422,8,-4.7,2.0334864
18422,9,-4.2,2.3742626
18422,10,-3.9,2.4690454
18422,11,-3.6,2.7340274
18422,12,-3.5,2.8464425
18422,13,-3.4,2.8171945
18422,14,-3.8,2.4287536
18422,15,-4.0,2.2762768
18422,16,-3.7,2.0258038
18422,17,-4.0,1.5231761
18422,18,-4.3,1.348726
18422,19,-3.8,0.7477627
18422,20,-4.2,0.57063353
18422,21,-4.2,0.42291513
18422,22,-3.5,0.21674882
18422,23,-3.9,0.005975008
18422,24,-3.6,-0.10391605
18442,1,-11.6,1.3453677
18442,2,-12.1,1.0976886
18442,3,-12.5,0.8869989
18442,4,-12.4,1.1516392
18442,5,-13.2,0.5136521
18442,6,-14.3,0.09010583
18442,7,-15.0,-0.10848412
18442,8,-15.5,-0.66107434
18442,9,-15.9,-0.96391857
18442,10,-16.3,-1.1940099
18442,11,-17.0,-1.7494977
18442,12,-17.2,-1.8878127
18442,13,-17.5,-1.8641222
18442,14,-17.7,-1.4661438
18442,15,-18.0,-1.6835958
18442,16,-18.4,-1.3116798
18442,17,-18.7,-1.0776782
18442,18,-18.8,-0.2859059
18442,19,-18.1,0.27263072
18442,20,-17.2,0.5995166
18442,21,-16.2,0.50523734
18442,22,-14.5,1.1255634
18442,23,-13.9,1.4941887
18442,24,-13.4,1.4236004
18546,1,7.6,3.9878364
18546,2,7.2,3.8088622
18546,3,6.8,3.8910568
18546,4,6.1,3.995265
18546,5,5.8,3.543579
18546,6,5.2,3.212169
18546,7,4.6,2.8410568
18546,8,4.0,2.2590804
18546,9,3.5,1.9342597
18546,10,3.4,1.5158937
18546,11,3.5,0.97985816
18546,12,3.4,0.6377485
18546,13,3.3,0.45036954
18546,14,3.2,0.5611621
18546,15,3.1,0.34727398
18546,16,3.3,0.630448
18546,17,3.5,0.65013444
18546,18,3.5,1.322262
18546,19,4.1,1.7848908
18546,20,4.6,2.1616077
18546,21,5.0,2.4192297
18546,22,4.4,3.0456347
18546,23,5.1,3.4409726
18546,24,5.1,3.6277251
18600,1,-8.5,-2.6870873
18600,2,-8.4,-2.0123138
18600,3,-8.0,-2.1597261
18600,4,-6.4,-2.0116293
18600,5,-6.2,-1.650573
18600,6,-5.8,-1.8315369
18600,7,-5.8,-1.3065655
18600,8,-6.3,-1.0402958
18600,9,-7.1,-1.8454229
18600,10,-6.8,-2.1446836
18600,11,-7.5,-2.2485213
18600,12,-7.9,-2.6826146
18600,13,-8.3,-2.616985
18600,14,-8.6,-3.192147
18600,15,-8.6,-3.5818913
18600,16,-7.3,-3.6755824
18600,17,-7.6,-3.2414212
18600,18,-7.4,-3.6452014
18600,19,-7.3,-3.8914328
18600,20,-7.3,-3.3216097
18600,21,-7.3,-3.1911905
18600,22,-7.0,-2.786064
18600,23,-7.1,-2.6168401
18600,24,-7.1,-2.3616405
19137,1,3.5,10.23464
19137,2,3.9,10.510335
19137,3,4.1,11.1348295
19137,4,4.4,11.292695
19137,5,4.2,11.384165
19137,6,4.2,11.086799
19137,7,3.7,10.335864
19137,8,3.9,9.683779
19137,9,3.8,8.700408
19137,10,3.6,8.113958
19137,11,4.0,7.205652
19137,12,4.2,6.2681594
19137,13,5.2,5.5314946
19137,14,5.1,4.7581882
19137,15,4.9,4.390297
19137,16,4.4,4.1648192
19137,17,4.2,3.8942146
19137,18,4.0,4.3518114
19137,19,2.9,4.72149
19137,20,2.6,4.93075
19137,21,2.6,6.072296
19137,22,3.0,6.7545624
19137,23,3.2,7.961838
19137,24,3.9,8.879248
19357,1,0.9,5.3021655
19357,2,0.6,4.4180484
19357,3,0.2,4.360859
19357,4,-0.3,4.316236
19357,5,-0.7,4.699773
19357,6,-1.2,5.133515
19357,7,-0.7,6.003924
19357,8,-0.4,7.0083237
19357,9,0.0,7.9707255
19357,10,0.5,9.402594
19357,11,0.9,10.504324
19357,12,1.2,11.548574
19357,13,1.6,12.435861
19357,14,1.9,12.801117
19357,15,1.9,13.289006
19357,16,1.8,13.209564
19357,17,1.4,12.68496
19357,18,1.0,12.425758
19357,19,1.1,11.424983
19357,20,0.7,10.125283
19357,21,0.7,9.340044
19357,22,1.0,7.9592977
19357,23,1.5,7.1044664
19357,24,2.2,6.075754
20349,1,10.7,11.256901
20349,2,10.1,9.760807
20349,3,9.2,8.553839
20349,4,8.6,7.6278477
20349,5,8.1,6.8567305
20349,6,7.4,6.5709486
20349,7,7.1,6.159108
20349,8,6.8,6.4856405
20349,9,6.7,6.726225
20349,10,6.7,8.394483
20349,11,4.2,9.341834
20349,12,5.4,10.576536
20349,13,7.6,12.46029
20349,14,10.4,13.445747
20349,15,13.1,15.049543
20349,16,15.1,15.9003725
20349,17,16.4,16.910704
20349,18,17.2,17.311432
20349,19,17.6,17.32301
20349,20,17.4,16.630777
20349,21,15.6,16.372217
20349,22,13.8,15.0037365
20349,23,14.8,14.270838
20349,24,13.8,12.910838
20556,1,18.2,10.825199
20556,2,18.3,10.635542
20556,3,17.7,9.943708
20556,4,17.1,9.272582
20556,5,16.0,8.743885
20556,6,15.7,8.319498
20556,7,15.4,7.8720627
20556,8,15.0,7.578349
20556,9,14.3,7.2984037
20556,10,14.0,7.1304646
20556,11,13.8,7.2447524
20556,12,13.7,7.5002704
20556,13,14.1,7.9076395
20556,14,11.8,8.286993
20556,15,11.9,8.866403
20556,16,13.3,9.455874
20556,17,15.6,10.209692
20556,18,17.6,10.564307
20556,19,19.6,11.020655
20556,20,21.9,11.644004
20556,21,23.4,11.898072
20556,22,23.7,11.915753
20556,23,23.5,11.712489
20556,24,22.2,11.504314
20733,1,0.5,7.222723
20733,2,0.2,6.565648
20733,3,0.1,5.791137
20733,4,-0.7,5.306844
20733,5,-0.9,4.809365
20733,6,-1.7,4.7588754
20733,7,-1.6,4.420183
20733,8,-1.7,4.59319
20733,9,-2.0,4.6578383
20733,10,-2.5,5.4760485
20733,11,-2.7,5.990636
20733,12,-2.8,6.6021733
20733,13,-2.4,7.672306
20733,14,-1.7,8.194312
20733,15,-1.2,9.046602
20733,16,0.3,9.560294
20733,17,0.8,10.3139
20733,18,2.2,10.402282
20733,19,2.9,10.431147
20733,20,3.1,10.265735
20733,21,2.7,10.172032
20733,22,1.8,9.473135
20733,23,1.9,8.988429
20733,24,1.1,8.296151
21097,1,0.3,8.777233
21097,2,1.9,9.5432825
21097,3,3.4,10.418733
21097,4,4.7,11.431149
21097,5,5.9,11.977522
21097,6,6.9,12.721609
21097,7,7.7,13.103004
21097,8,7.9,13.187811
21097,9,7.7,13.324829
21097,10,6.4,13.087948
21097,11,6.9,12.528045
21097,12,6.5,11.935919
21097,13,5.7,11.252981
21097,14,5.1,10.484335
21097,15,5.2,9.5131
21097,16,5.5,8.664557
21097,17,5.6,7.8977513
21097,18,5.2,7.443693
21097,19,4.5,7.051172
21097,20,4.5,6.8534575
21097,21,4.3,6.7589574
21097,22,4.4,7.133788
21097,23,4.4,7.442438
21097,24,4.4,7.8981924
21304,1,8.2,6.4060717
21304,2,6.1,7.5098877
21304,3,7.7,8.621982
21304,4,9.6,10.240348
21304,5,11.5,11.485075
21304,6,13.2,12.854937
21304,7,14.7,14.999405
21304,8,15.8,16.071404
21304,9,16.5,17.405699
21304,10,17.1,17.276688
21304,11,17.2,17.42116
21304,12,16.9,17.418295
21304,13,16.2,16.492342
21304,14,15.1,15.8945875
21304,15,14.3,14.290447
21304,16,12.6,12.971146
21304,17,11.4,11.370448
21304,18,10.6,10.143979
21304,19,9.8,8.901265
21304,20,9.4,8.413852
21304,21,9.0,6.7953897
21304,22,8.5,6.8645864
21304,23,8.2,6.1691036
21304,24,8.0,6.032345
21455,1,8.4,8.9731455
21455,2,7.9,7.9690957
21455,3,7.6,8.370538
21455,4,7.4,8.850572
21455,5,8.2,9.995806
21455,6,10.7,10.888345
21455,7,13.5,13.297651
21455,8,16.4,15.221469
21455,9,18.6,17.126715
21455,10,19.8,19.069477
21455,11,20.6,20.807695
21455,12,21.1,22.2752
21455,13,21.3,23.114511
21455,14,21.1,23.489681
21455,15,20.6,23.516275
21455,16,19.2,22.98307
21455,17,17.7,21.435215
21455,18,16.4,20.625973
21455,19,15.5,18.743944
21455,20,14.8,16.77951
21455,21,14.3,14.743137
21455,22,13.9,12.90737
21455,23,13.6,11.408821
21455,24,13.2,9.770489
21541,1,26.3,19.701496
21541,2,25.9,18.254713
21541,3,25.2,17.312473
21541,4,24.7,16.144453
21541,5,24.2,15.574688
21541,6,23.7,15.223517
21541,7,23.2,15.044197
21541,8,21.1,15.244046
21541,9,21.4,15.581576
21541,10,21.0,16.894629
21541,11,19.3,17.8047
21541,12,19.7,18.824461
21541,13,20.6,20.593895
21541,14,22.1,21.496809
21541,15,23.6,22.958542
21541,16,24.9,23.827784
21541,17,25.7,24.591045
21541,18,25.3,24.952654
21541,19,25.6,24.968723
21541,20,24.6,24.64428
21541,21,24.8,24.335974
21541,22,23.6,23.28069
21541,23,21.1,22.309721
21541,24,19.2,21.038195
21838,1,22.5,17.768549
21838,2,22.7,16.457071
21838,3,22.2,16.150509
21838,4,22.6,15.778314
21838,5,21.5,16.043676
21838,6,21.2,16.427881
21838,7,21.3,17.35222
21838,8,19.8,18.451319
21838,9,20.1,19.485525
21838,10,20.4,21.24812
21838,11,20.9,22.59777
21838,12,22.7,23.766584
21838,13,23.6,25.268517
21838,14,25.4,25.979816
21838,15,26.4,26.779236
21838,16,27.1,26.978518
21838,17,27.3,26.720087
21838,18,26.9,26.351225
21838,19,26.3,25.418818
21838,20,21.4,24.2324
21838,21,21.3,23.133059
21838,22,21.3,21.626091
21838,23,21.2,20.27074
21838,24,21.2,18.847473
22150,1,24.5,20.979057
22150,2,24.3,19.927038
22150,3,24.1,19.763771
22150,4,23.7,19.483145
22150,5,23.5,19.647688
22150,6,23.0,20.026571
22150,7,23.2,20.832907
22150,8,23.6,21.658554
22150,9,25.1,22.57968
22150,10,24.8,23.823473
22150,11,26.8,24.895512
22150,12,27.0,25.737576
22150,13,29.1,26.966558
22150,14,30.6,27.520828
22150,15,30.9,28.058249
22150,16,30.4,28.279537
22150,17,29.4,28.009941
22150,18,28.9,27.70948
22150,19,28.1,26.947927
22150,20,25.3,26.213358
22150,21,25.1,25.264055
22150,22,25.0,24.22614
22150,23,25.1,22.941008
22150,24,24.9,21.747374
22553,1,29.9,23.470774
22553,2,32.2,24.442713
22553,3,33.9,25.739597
22553,4,34.9,27.414978
22553,5,36.0,28.29236
22553,6,37.2,29.527786
22553,7,37.0,30.19504
22553,8,36.4,30.751558
22553,9,35.8,30.713696
22553,10,34.7,30.452927
22553,11,33.2,29.708563
22553,12,32.2,28.724586
22553,13,31.5,27.809494
22553,14,30.7,26.77398
22553,15,29.9,25.278522
22553,16,29.8,23.929379
22553,17,29.2,22.916391
22553,18,29.0,21.806496
22553,19,28.1,21.28517
22553,20,27.5,20.89976
22553,21,26.9,20.57799
22553,22,26.4,21.184158
22553,23,25.2,21.365671
22553,24,26.8,22.017965
23096,1,7.4,9.342192
23096,2,7.0,10.136146
23096,3,8.3,10.91119
23096,4,10.2,12.161443
23096,5,12.3,13.0781975
23096,6,14.1,14.241167
23096,7,16.0,15.579326
23096,8,17.0,16.447796
23096,9,17.5,17.304197
23096,10,17.6,17.350443
23096,11,17.5,17.496016
23096,12,16.7,17.459396
23096,13,15.5,16.87092
23096,14,14.8,16.456623
23096,15,14.1,15.310469
23096,16,13.7,14.319052
23096,17,13.2,13.230516
23096,18,12.6,12.193595
23096,19,10.2,11.23887
23096,20,9.5,10.753347
23096,21,8.9,9.719847
23096,22,8.5,9.622195
23096,23,7.4,9.098961
23096,24,6.1,9.0719
23106,1,19.0,19.407396
23106,2,20.7,19.757458
23106,3,21.2,20.482737
23106,4,21.4,20.773317
23106,5,21.1,20.78328
23106,6,19.7,20.428444
23106,7,18.1,19.611774
23106,8,16.8,18.859716
23106,9,15.9,17.591557
23106,10,15.4,16.764929
23106,11,14.7,15.569894
23106,12,13.9,14.370901
23106,13,12.3,13.523764
23106,14,11.9,12.578238
23106,15,11.7,12.074015
23106,16,11.6,11.784115
23106,17,11.4,11.581382
23106,18,11.2,12.070679
23106,19,11.5,12.638032
23106,20,11.5,13.052149
23106,21,11.9,14.305717
23106,22,13.5,15.339961
23106,23,15.0,16.681046
23106,24,15.2,17.712038
23887,1,9.1,3.6485398
23887,2,8.9,2.8376045
23887,3,8.6,3.0840862
23887,4,8.0,3.5123684
23887,5,7.6,4.4602747
23887,6,7.9,5.205061
23887,7,10.2,7.30492
23887,8,13.3,8.971463
23887,9,16.3,10.643544
23887,10,21.4,12.413595
23887,11,23.5,13.91532
23887,12,24.9,15.293998
23887,13,25.5,16.037197
23887,14,26.0,16.322033
23887,15,24.2,16.427265
23887,16,21.5,15.944766
23887,17,20.9,14.69097
23887,18,19.7,14.032896
23887,19,18.2,12.410157
23887,20,16.8,10.6643095
23887,21,15.4,8.875958
23887,22,14.2,7.196398
23887,23,12.9,6.0047956
23887,24,11.9,4.520854
23941,1,18.9,13.367776
23941,2,18.2,11.560363
23941,3,17.6,9.9460125
23941,4,16.5,9.091593
23941,5,16.2,7.3470902
23941,6,15.9,6.507954
23941,7,15.4,5.7058306
23941,8,15.0,5.216958
23941,9,14.7,5.2947893
23941,10,14.4,6.0719705
23941,11,13.8,6.552936
23941,12,14.2,7.795272
23941,13,16.6,9.542761
23941,14,19.1,11.560925
23941,15,20.8,12.806827
23941,16,22.0,14.388608
23941,17,23.9,15.699472
23941,18,24.9,17.193262
23941,19,25.4,17.950352
23941,20,25.2,17.952312
23941,21,25.0,17.676586
23941,22,23.7,17.232418
23941,23,22.9,16.388458
23941,24,22.4,15.095951
24579,1,26.4,26.367048
24579,2,26.0,25.792244
24579,3,25.3,25.056911
24579,4,23.9,23.286804
24579,5,21.6,22.184435
24579,6,20.4,19.86587
24579,7,19.9,18.641785
24579,8,19.2,17.08482
24579,9,18.5,15.105295
24579,10,17.6,13.571467
24579,11,17.2,12.699037
24579,12,17.0,12.060113
24579,13,16.7,11.877983
24579,14,16.4,11.93639
24579,15,16.0,12.860688
24579,16,16.1,14.241407
24579,17,17.1,15.45708
24579,18,18.4,17.26698
24579,19,20.4,19.174404
24579,20,22.5,21.261951
24579,21,24.2,22.763254
24579,22,24.9,24.266129
24579,23,26.7,25.392328
24579,24,27.6,25.81646
24793,1,27.7,22.99203
24793,2,28.8,23.548416
24793,3,30.3,24.510616
24793,4,31.6,25.464981
24793,5,32.4,25.756338
24793,6,32.6,26.32779
24793,7,32.7,26.058283
24793,8,32.4,25.926027
24793,9,32.1,25.275843
24793,10,29.7,24.781898
24793,11,29.6,23.870335
24793,12,28.8,22.704195
24793,13,28.1,22.107918
24793,14,27.6,21.159216
24793,15,27.2,20.20518
24793,16,25.8,19.522562
24793,17,25.3,19.082113
24793,18,25.1,18.715534
24793,19,25.1,18.677092
24793,20,25.0,18.77044
24793,21,24.8,19.326061
24793,22,24.7,20.146755
24793,23,25.9,20.683754
24793,24,27.5,21.477846
24839,1,23.0,19.198532
24839,2,23.1,19.059202
24839,3,22.7,19.5327
24839,4,22.3,20.22091
24839,5,23.2,20.963606
24839,6,23.6,21.974173
24839,7,24.5,23.318539
24839,8,27.4,24.454954
24839,9,28.1,25.492046
24839,10,27.1,26.219091
24839,11,28.8,26.961836
24839,12,29.3,27.358368
24839,13,28.3,27.655611
24839,14,27.8,27.724834
24839,15,27.1,27.237288
24839,16,25.4,26.699108
24839,17,23.6,25.794321
24839,18,23.2,24.844328
24839,19,23.3,23.770346
24839,20,23.5,22.993341
24839,21,23.4,21.775782
24839,22,23.8,21.141296
24839,23,22.8,19.998009
24839,24,22.4,19.345453
25300,1,7.5,5.2846417
25300,2,7.6,4.163025
25300,3,6.5,3.7847538
25300,4,4.3,4.2803946
25300,5,2.6,2.8651295
25300,6,1.8,1.3960466
25300,7,0.3,1.3013616
25300,8,-0.7,-0.43438792
25300,9,-1.3,-0.7037046
25300,10,-2.0,-0.73248214
25300,11,-2.5,-2.1333575
25300,12,-2.8,-2.48731
25300,13,-2.9,-2.3422754
25300,14,-3.1,-0.97995824
25300,15,-3.2,-1.4781955
25300,16,-3.2,-0.40413135
25300,17,-3.6,-0.3943477
25300,18,-3.3,1.8862029
25300,19,-1.9,3.4935145
25300,20,0.9,4.2201304
25300,21,3.8,3.0046935
25300,22,6.4,4.4840617
25300,23,8.8,5.739591
25300,24,10.5,5.085664
25726,1,-3.8,-6.220122
25726,2,-4.3,-8.50604
25726,3,-4.7,-9.318661
25726,4,-4.7,-8.150644
25726,5,-5.0,-10.300309
25726,6,-5.4,-10.113115
25726,7,-5.3,-10.76276
25726,8,-5.7,-10.143653
25726,9,-6.2,-8.816167
25726,10,-6.6,-9.1377945
25726,11,-8.2,-7.7346406
25726,12,-8.5,-5.503123
25726,13,-7.9,-5.717505
25726,14,-7.0,-2.8982844
25726,15,-4.7,-2.8697333
25726,16,-2.6,-1.3282535
25726,17,-0.1,-2.0888524
25726,18,2.3,0.18012746
25726,19,3.0,0.053169224
25726,20,2.3,-1.6180897
25726,21,1.1,-1.5469334
25726,22,-0.9,-2.374024
25726,23,-0.7,-3.7459402
25726,24,-1.1,-4.9191046
26163,1,11.8,9.411849
26163,2,15.1,10.356114
26163,3,17.0,11.5857525
26163,4,17.8,12.413778
26163,5,17.9,13.105526
26163,6,17.4,12.363156
26163,7,15.0,12.502566
26163,8,11.7,12.294802
26163,9,10.0,10.11542
26163,10,8.1,9.616864
26163,11,6.4,8.434853
26163,12,4.1,6.4072413
26163,13,1.5,5.4274864
26163,14,-0.4,2.080728
26163,15,-1.6,1.4565969
26163,16,-2.3,0.7174653
26163,17,-2.7,0.31408334
26163,18,-2.7,0.39911425
26163,19,-2.7,0.16937864
26163,20,-2.5,0.84078515
26163,21,-2.0,2.2463048
26163,22,-0.1,3.3071797
26163,23,3.4,6.1626863
26163,24,6.8,6.91061
26232,1,-1.8,-2.5475013
26232,2,-2.0,-2.03475
26232,3,-1.9,-1.5607148
26232,4,-1.5,-1.4215862
26232,5,-2.0,1.0915554
26232,6,-1.8,1.6180034
26232,7,1.0,4.9960403
26232,8,6.3,7.5058193
26232,9,12.0,8.994819
26232,10,16.1,10.846642
26232,11,18.5,12.835204
26232,12,19.9,14.018533
26232,13,20.6,13.809273
26232,14,20.9,12.433319
26232,15,20.2,12.721299
26232,16,18.2,11.459787
26232,17,15.9,9.759739
26232,18,13.5,7.8407774
26232,19,9.6,5.809864
26232,20,6.4,4.496575
26232,21,4.6,2.2669299
26232,22,3.0,0.07455534
26232,23,1.1,-0.15307376
26232,24,-0.1,-1.6146898
26873,1,9.5,7.521712
26873,2,10.6,8.784913
26873,3,11.3,10.069823
26873,4,12.1,11.820367
26873,5,12.8,13.124118
26873,6,14.5,14.585999
26873,7,15.4,16.641636
26873,8,16.1,17.607452
26873,9,16.9,18.83726
26873,10,17.4,18.599745
26873,11,16.7,18.507702
26873,12,16.7,18.26901
26873,13,16.8,17.223766
26873,14,16.6,16.47293
26873,15,15.4,14.69568
26873,16,14.2,13.230667
26873,17,13.4,11.586635
26873,18,12.0,10.293988
26873,19,10.9,9.098399
26873,20,10.0,8.651219
26873,21,9.1,7.1401396
26873,22,8.3,7.39813
26873,23,7.8,6.8270674
26873,24,7.4,6.893424
27009,1,13.9,12.859176
27009,2,15.5,14.408481
27009,3,18.4,16.223532
27009,4,22.4,18.746979
27009,5,26.3,20.793268
27009,6,29.5,22.78482
27009,7,32.5,26.081951
27009,8,34.5,27.786352
27009,9,35.4,29.644426
27009,10,34.4,29.683084
27009,11,31.8,29.754333
27009,12,32.4,29.693403
27009,13,32.1,28.24484
27009,14,30.6,27.290283
27009,15,29.4,24.883545
27009,16,27.9,22.676846
27009,17,24.7,20.14325
27009,18,22.4,18.247744
27009,19,20.7,16.465372
27009,20,19.3,15.40886
27009,21,17.5,12.911162
27009,22,16.4,12.980719
27009,23,15.4,12.174566
27009,24,14.5,12.00595
27574,1,19.6,18.138432
27574,2,19.3,16.405685
27574,3,19.1,15.0325165
27574,4,18.9,13.590186
27574,5,18.2,12.71806
27574,6,17.2,12.024919
27574,7,16.6,11.616399
27574,8,16.0,11.819144
27574,9,16.0,11.968283
27574,10,16.2,13.487074
27574,11,15.8,14.561818
27574,12,16.6,15.92935
27574,13,17.6,17.917105
27574,14,18.9,18.988436
27574,15,19.9,20.931625
27574,16,20.5,22.065493
27574,17,21.9,23.192806
27574,18,22.2,23.869942
27574,19,20.9,24.068949
27574,20,21.3,23.658556
27574,21,19.8,23.513098
27574,22,18.5,22.183498
27574,23,17.0,21.370716
27574,24,16.9,19.860907
27968,1,8.2,3.6499088
27968,2,7.3,3.4505517
27968,3,6.4,4.2826643
27968,4,5.0,5.3399386
27968,5,4.1,6.7285686
27968,6,5.3,7.8551164
27968,7,8.3,10.591605
27968,8,10.1,12.388557
27968,9,11.1,14.351279
27968,10,8.0,15.631806
27968,11,10.9,16.866217
27968,12,12.8,17.97358
27968,13,14.6,18.016588
27968,14,14.3,17.942862
27968,15,14.8,17.25527
27968,16,10.6,16.225624
27968,17,9.6,14.322577
27968,18,9.1,13.359486
27968,19,8.7,11.477333
27968,20,8.5,9.766996
27968,21,8.2,7.654537
27968,22,8.1,6.3906593
27968,23,7.9,5.190687
27968,24,7.8,3.9978602
28596,1,6.6,4.9489274
28596,2,6.0,6.08638
28596,3,3.3,5.7316475
28596,4,2.2,7.921839
28596,5,2.0,6.004572
28596,6,0.8,6.279751
28596,7,-0.5,4.530884
28596,8,-1.5,4.264391
28596,9,-2.1,2.4382708
28596,10,-2.1,0.35842276
28596,11,-2.2,-0.67395306
28596,12,-2.4,-1.5680624
28596,13,-2.4,-2.9019635
28596,14,-2.4,-4.248541
28596,15,-2.2,-5.1438217
28596,16,-2.5,-4.9338927
28596,17,-2.1,-3.8246748
28596,18,-1.9,-3.0669703
28596,19,-0.9,-2.4557533
28596,20,1.4,-1.4027443
28596,21,4.9,0.6015223
28596,22,10.1,2.0128562
28596,23,12.8,3.4662254
28596,24,14.3,4.1908712
28839,1,-0.4,-4.5986085
28839,2,-0.8,-6.0252585
28839,3,-1.1,-7.5209427
28839,4,-1.2,-5.65109
28839,5,-1.8,-7.140491
28839,6,-2.4,-7.0813603
28839,7,-2.2,-5.830529
28839,8,-2.5,-3.7032
28839,9,-2.9,-3.4099705
28839,10,-2.3,-3.5056477
28839,11,0.9,-1.4008864
28839,12,4.0,1.0729731
28839,13,6.2,1.4509065
28839,14,7.6,3.4099677
28839,15,8.3,2.8433895
28839,16,8.8,3.949951
28839,17,8.8,3.938004
28839,18,8.4,5.1982493
28839,19,6.2,3.6899748
28839,20,4.5,2.1195776
28839,21,2.1,1.6145754
28839,22,1.0,0.55310863
28839,23,-0.4,-1.0733258
28839,24,-1.6,-2.6389132
29202,1,-6.6,1.5197343
29202,2,-4.4,2.7502744
29202,3,-1.3,3.9067323
29202,4,0.9,4.2883916
29202,5,3.8,6.0513535
29202,6,6.4,5.236598
29202,7,8.8,7.307596
29202,8,10.2,8.219508
29202,9,10.4,6.9585433
29202,10,11.0,7.117845
29202,11,9.7,6.7289233
29202,12,10.0,5.8750463
29202,13,8.5,4.8537974
29202,14,7.2,1.2185106
29202,15,6.3,1.0961167
29202,16,6.0,-0.36547756
29202,17,5.6,-1.2193339
29202,18,5.9,-1.7761325
29202,19,5.5,-2.6233203
29202,20,6.0,-2.6226127
29202,21,5.9,-2.3521285
29202,22,5.6,-2.2187417
29202,23,5.4,0.12701602
29202,24,5.8,0.09404509
29392,1,8.7,1.4077817
29392,2,7.4,1.0122606
29392,3,6.4,1.4696124
29392,4,5.8,1.7234405
29392,5,5.4,3.48734
29392,6,6.3,4.2593
29392,7,9.5,7.1401844
29392,8,12.5,9.412715
29392,9,16.6,11.248778
29392,10,20.6,13.310545
29392,11,23.1,15.183449
29392,12,23.9,16.785742
29392,13,24.1,17.25201
29392,14,23.8,16.76293
29392,15,19.4,17.100668
29392,16,17.5,16.083736
29392,17,16.8,14.465844
29392,18,15.4,13.247741
29392,19,14.7,11.185768
29392,20,13.8,9.161213
29392,21,13.0,7.1919055
29392,22,11.5,4.9868445
29392,23,9.9,3.9969144
29392,24,8.9,2.369997
29598,1,12.4,10.549998
29598,2,11.3,8.300428
29598,3,10.4,6.9798903
29598,4,9.8,6.376879
29598,5,9.5,5.343479
29598,6,8.9,5.1892743
29598,7,8.9,5.010388
29598,8,8.7,5.5421343
29598,9,6.2,6.262072
29598,10,5.7,8.516247
29598,11,3.2,9.76266
29598,12,3.2,11.494893
29598,13,3.4,13.858565
29598,14,4.1,15.652438
29598,15,4.3,17.176395
29598,16,3.7,18.237953
29598,17,4.1,18.99931
29598,18,4.4,19.735569
29598,19,4.7,19.48588
29598,20,4.3,18.081055
29598,21,3.8,17.276756
29598,22,1.8,15.561897
29598,23,1.7,14.364977
29598,24,1.5,12.506157
30001,1,16.7,11.828338
30001,2,17.0,13.35925
30001,3,18.9,15.072307
30001,4,21.4,17.442312
30001,5,23.8,19.312208
30001,6,25.8,21.228094
30001,7,26.1,24.239231
30001,8,27.2,25.763695
30001,9,28.5,27.508663
30001,10,28.9,27.40743
30001,11,29.3,27.438688
30001,12,28.2,27.316813
30001,13,27.8,25.93015
30001,14,24.7,25.023846
30001,15,24.8,22.710032
30001,16,23.4,20.672232
30001,17,21.7,18.329405
30001,18,21.7,16.551476
30001,19,18.2,14.887671
30001,20,17.9,14.01944
30001,21,17.4,11.755634
30001,22,16.3,11.910171
30001,23,15.6,11.101851
30001,24,15.5,11.015205
30149,1,32.2,23.927847
30149,2,31.5,23.578571
30149,3,30.1,23.164858
30149,4,28.3,22.014406
30149,5,27.6,21.253485
30149,6,26.8,19.787756
30149,7,26.3,18.812527
30149,8,25.9,17.694265
30149,9,25.5,16.31774
30149,10,25.0,15.191663
30149,11,24.0,14.531505
30149,12,23.4,14.063867
30149,13,22.8,13.903405
30149,14,22.3,13.894781
30149,15,21.7,14.460608
30149,16,21.3,15.342934
30149,17,20.9,16.108036
30149,18,22.5,17.393436
30149,19,24.7,18.63698
30149,20,26.9,20.000858
30149,21,28.8,21.241415
30149,22,30.3,22.27597
30149,23,31.4,23.019802
30149,24,32.3,23.414364
30324,1,18.1,18.89466
30324,2,19.2,19.022486
30324,3,19.7,19.64192
30324,4,19.8,19.487999
30324,5,19.1,19.361202
30324,6,17.3,18.49943
30324,7,15.5,17.490221
30324,8,16.4,16.437597
30324,9,15.6,14.907353
30324,10,15.1,13.934352
30324,11,14.7,12.6463375
30324,12,14.3,11.440462
30324,13,14.0,10.577522
30324,14,13.7,9.68931
30324,15,13.4,9.454899
30324,16,13.1,9.423553
30324,17,13.0,9.334562
30324,18,12.9,10.258399
30324,19,12.7,11.122752
30324,20,11.4,11.739095
30324,21,12.0,13.273826
30324,22,13.7,14.44
30324,23,16.2,16.043634
30324,24,18.7,17.12332
30654,1,13.4,12.350102
30654,2,13.1,12.12908
30654,3,12.4,11.362213
30654,4,12.2,10.523436
30654,5,12.0,9.887826
30654,6,11.4,9.232738
30654,7,10.4,8.694868
30654,8,9.3,8.270933
30654,9,8.7,7.7841854
30654,10,8.4,7.403065
30654,11,8.4,7.4365067
30654,12,8.3,7.615078
30654,13,8.8,7.978045
30654,14,8.9,8.37347
30654,15,9.0,9.011655
30654,16,10.2,9.739621
30654,17,12.5,10.629971
30654,18,15.5,11.130958
30654,19,17.9,11.779297
30654,20,19.1,12.649453
30654,21,19.7,13.03948
30654,22,20.2,13.250963
30654,23,19.9,13.1191845
30654,24,17.6,12.977008
30723,1,13.9,9.186091
30723,2,14.9,10.049939
30723,3,14.6,10.985205
30723,4,15.7,12.127122
30723,5,16.9,12.660124
30723,6,17.6,13.446306
30723,7,18.6,13.618031
30723,8,18.3,13.642849
30723,9,18.8,13.542575
30723,10,18.7,13.294719
30723,11,18.1,12.535196
30723,12,17.9,11.729293
30723,13,17.9,10.98561
30723,14,18.1,10.068897
30723,15,18.2,9.03002
30723,16,18.5,8.090509
30723,17,19.0,7.4124756
30723,18,19.1,6.8950405
30723,19,18.4,6.595457
30723,20,17.9,6.398463
30723,21,17.9,6.47726
30723,22,18.2,6.956757
30723,23,17.0,7.488074
30723,24,6.7,8.120386
31077,1,11.7,17.186716
31077,2,12.1,16.87792
31077,3,11.9,16.479208
31077,4,10.8,15.182998
31077,5,10.7,14.333794
31077,6,10.3,12.566226
31077,7,9.9,11.646834
31077,8,9.4,10.173929
31077,9,9.7,9.019315
31077,10,9.4,7.8794746
31077,11,9.0,6.94036
31077,12,9.7,6.4514484
31077,13,10.3,6.0017543
31077,14,10.4,5.926419
31077,15,10.5,6.676776
31077,16,10.2,7.584748
31077,17,9.3,8.265854
31077,18,9.3,9.796758
31077,19,9.6,11.538562
31077,20,10.6,13.172215
31077,21,11.0,14.048703
31077,22,11.8,15.2601
31077,23,12.2,16.470877
31077,24,9.2,16.709532
31303,1,23.6,16.141485
31303,2,23.1,15.116102
31303,3,22.2,13.838197
31303,4,20.9,12.683219
31303,5,19.8,11.902509
31303,6,18.9,11.300485
31303,7,18.1,10.847127
31303,8,17.5,10.87747
31303,9,17.1,10.733564
31303,10,16.7,11.573184
31303,11,15.5,12.249444
31303,12,16.6,13.161967
31303,13,18.4,14.595525
31303,14,20.5,15.466656
31303,15,22.5,16.892004
31303,16,24.3,17.841824
31303,17,25.5,19.059958
31303,18,26.6,19.486643
31303,19,27.6,19.892252
31303,20,28.2,20.038618
31303,21,28.1,19.985113
31303,22,27.1,19.23211
31303,23,25.5,18.619307
31303,24,24.3,17.631264
31480,1,14.5,12.936913
31480,2,14.2,11.175312
31480,3,13.9,10.528377
31480,4,13.5,9.951247
31480,5,13.2,10.1535
31480,6,12.9,10.4102335
31480,7,12.6,11.31119
31480,8,13.6,12.698089
31480,9,15.8,13.799471
31480,10,18.2,16.302546
31480,11,20.9,17.997633
31480,12,23.1,19.71565
31480,13,25.0,21.642729
31480,14,26.6,22.572193
31480,15,27.8,23.934307
31480,16,28.5,24.1951
31480,17,28.6,24.118685
31480,18,27.9,23.853735
31480,19,26.5,22.832073
31480,20,25.8,21.018848
31480,21,24.5,19.853016
31480,22,23.6,17.660812
31480,23,22.7,16.346815
31480,24,21.9,14.532228
32045,1,35.5,30.4041
32045,2,35.9,29.819227
32045,3,35.5,29.24918
32045,4,34.9,27.870592
32045,5,32.5,26.848625
32045,6,31.4,25.239243
32045,7,30.6,24.248962
32045,8,29.7,23.076796
32045,9,28.0,21.684303
32045,10,24.3,20.443914
32045,11,25.4,19.845083
32045,12,26.7,19.442642
32045,13,26.4,19.544508
32045,14,25.9,19.673592
32045,15,25.7,20.424725
32045,16,25.6,21.55674
32045,17,26.9,22.554667
32045,18,28.5,23.974142
32045,19,30.1,25.359158
32045,20,31.8,26.986725
32045,21,33.4,28.208763
32045,22,34.7,29.385708
32045,23,36.1,29.826645
32045,24,35.3,30.016535
32212,1,31.0,28.72318
32212,2,31.9,28.740961
32212,3,32.8,29.18043
32212,4,33.2,28.986244
32212,5,33.3,28.602274
32212,6,30.7,27.821848
32212,7,27.9,26.930267
32212,8,26.1,25.993479
32212,9,26.2,24.542763
32212,10,26.3,23.369131
32212,11,26.2,22.239445
32212,12,26.0,21.099016
32212,13,25.6,20.519169
32212,14,25.0,19.808056
32212,15,24.4,19.595358
32212,16,23.9,19.778044
32212,17,23.6,19.94829
32212,18,23.4,20.771166
32212,19,23.5,21.65918
32212,20,24.8,22.625074
32212,21,26.7,23.975218
32212,22,28.7,25.319103
32212,23,30.6,26.337067
32212,24,32.7,27.166374
32350,1,30.5,28.209505
32350,2,31.3,27.133297
32350,3,31.8,25.94244
32350,4,31.0,24.370623
32350,5,30.0,23.355257
32350,6,29.2,22.249014
32350,7,28.5,21.774908
32350,8,27.9,21.286465
32350,9,27.4,20.994165
32350,10,27.1,20.952995
32350,11,26.9,21.40538
32350,12,26.5,22.07072
32350,13,26.3,23.219818
32350,14,26.2,24.129976
32350,15,28.1,25.478199
32350,16,29.8,26.80214
32350,17,31.1,27.955542
32350,18,33.0,28.909967
32350,19,34.9,29.724262
32350,20,35.7,30.71005
32350,21,35.8,30.86778
32350,22,35.3,30.83691
32350,23,35.4,30.160273
32350,24,35.3,29.283081
32575,1,30.9,27.06584
32575,2,30.4,24.940296
32575,3,29.6,23.440964
32575,4,28.8,21.62866
32575,5,28.5,20.664303
32575,6,28.0,19.75565
32575,7,27.4,19.411186
32575,8,26.8,19.555775
32575,9,26.3,19.78645
32575,10,25.8,21.43551
32575,11,24.6,22.692009
32575,12,26.1,24.1941
32575,13,28.3,26.529057
32575,14,30.6,27.844454
32575,15,32.9,30.05022
32575,16,34.5,31.462612
32575,17,35.1,32.63672
32575,18,35.6,33.48666
32575,19,36.0,33.751
32575,20,36.2,33.44794
32575,21,35.7,33.16705
32575,22,34.4,31.779179
32575,23,33.9,30.698868
32575,24,33.1,28.898485
32602,1,22.3,21.43081
32602,2,22.5,21.96165
32602,3,23.8,22.843828
32602,4,25.8,24.24136
32602,5,28.4,25.324945
32602,6,30.7,26.77791
32602,7,32.1,28.462353
32602,8,33.8,29.792734
32602,9,34.8,30.846104
32602,10,35.1,31.18756
32602,11,33.9,31.600082
32602,12,31.8,31.67278
32602,13,31.7,31.33234
32602,14,31.5,31.051067
32602,15,31.0,29.86449
32602,16,30.4,28.756207
32602,17,29.6,27.507101
32602,18,29.1,26.098639
32602,19,28.6,24.912088
32602,20,28.2,24.143198
32602,21,27.8,22.737503
32602,22,27.2,22.456753
32602,23,26.8,21.423685
32602,24,26.5,21.1414
32781,1,35.2,30.513315
32781,2,34.7,30.166388
32781,3,33.4,30.03132
32781,4,32.3,29.095325
32781,5,30.1,28.316889
32781,6,30.2,26.948563
32781,7,30.0,25.944513
32781,8,29.3,24.790697
32781,9,28.9,23.276266
32781,10,28.2,21.980227
32781,11,27.5,21.097946
32781,12,26.7,20.337402
32781,13,26.1,20.09747
32781,14,25.5,19.846828
32781,15,25.1,20.204308
32781,16,24.7,20.972876
32781,17,24.5,21.625511
32781,18,25.3,22.895782
32781,19,27.1,24.143219
32781,20,26.5,25.55439
32781,21,29.8,26.927952
32781,22,33.0,28.250637
32781,23,34.4,29.032236
32781,24,35.2,29.542759
33079,1,17.3,15.580105
33079,2,16.9,14.3396635
33079,3,16.5,13.653381
33079,4,15.9,12.783127
33079,5,15.5,12.3879385
33079,6,15.6,12.279701
33079,7,15.5,12.167656
33079,8,15.4,12.443271
33079,9,15.2,12.821499
33079,10,16.0,14.06734
33079,11,15.9,14.912954
33079,12,16.2,15.735068
33079,13,17.2,17.311249
33079,14,18.8,18.013222
33079,15,20.9,19.167194
33079,16,21.8,19.840616
33079,17,22.9,20.380028
33079,18,23.4,20.552122
33079,19,23.7,20.362183
33079,20,23.6,19.947292
33079,21,23.0,19.661541
33079,22,21.5,18.667175
33079,23,20.6,17.756681
33079,24,20.0,16.675589
33178,1,18.6,10.773556
33178,2,18.4,12.054228
33178,3,19.5,13.284982
33178,4,21.4,15.088021
33178,5,22.0,16.322998
33178,6,22.1,17.79346
33178,7,24.1,19.52396
33178,8,25.8,20.473288
33178,9,25.9,21.40867
33178,10,26.3,21.177317
33178,11,26.2,20.980028
33178,12,25.4,20.629948
33178,13,23.4,19.555077
33178,14,22.8,18.772322
33178,15,21.6,17.03632
33178,16,20.2,15.552668
33178,17,19.2,14.070393
33178,18,18.4,12.745804
33178,19,16.9,11.6775255
33178,20,15.8,11.187318
33178,21,14.9,9.93988
33178,22,14.3,10.198373
33178,23,13.8,9.806092
33178,24,13.6,10.033733
33289,1,16.7,7.7185774
33289,2,16.8,7.801625
33289,3,16.6,8.273531
33289,4,16.3,8.844463
33289,5,16.0,9.479425
33289,6,16.3,10.238702
33289,7,17.0,11.256887
33289,8,18.6,12.005807
33289,9,20.7,12.861419
33289,10,22.9,13.223428
33289,11,24.0,13.758005
33289,12,24.0,14.045935
33289,13,24.0,13.996929
33289,14,23.4,13.92189
33289,15,21.4,13.414274
33289,16,19.5,12.966974
33289,17,18.3,12.079592
33289,18,17.3,11.500786
33289,19,16.8,10.571771
33289,20,16.0,9.991422
33289,21,15.3,9.231694
33289,22,14.2,8.764821
33289,23,13.3,8.084036
33289,24,12.7,7.750924
33623,1,18.0,9.526695
33623,2,17.4,8.703307
33623,3,16.9,7.6509166
33623,4,16.3,7.0554748
33623,5,16.3,6.212029
33623,6,16.2,5.852585
33623,7,16.3,5.394189
33623,8,16.5,5.332241
33623,9,16.4,5.233589
33623,10,15.6,5.8341746
33623,11,14.8,6.2466393
33623,12,15.0,6.9382305
33623,13,16.7,8.085632
33623,14,18.9,8.987572
33623,15,20.7,9.866246
33623,16,22.9,10.682016
33623,17,24.0,11.686924
33623,18,24.5,12.155466
33623,19,24.5,12.4794035
33623,20,24.0,12.565057
33623,21,22.0,12.472122
33623,22,20.1,12.018412
33623,23,18.5,11.496901
33623,24,17.3,10.754594
33765,1,10.9,14.093948
33765,2,10.0,13.948744
33765,3,8.7,13.91955
33765,4,6.9,13.179978
33765,5,5.8,12.723201
33765,6,5.0,11.5387945
33765,7,4.3,10.75615
33765,8,3.5,9.7206
33765,9,3.1,8.618678
33765,10,1.6,7.748414
33765,11,0.8,6.9530563
33765,12,0.2,6.385978
33765,13,-0.2,5.9270487
33765,14,-0.6,5.593234
33765,15,-1.1,5.9190326
33765,16,-1.3,6.400112
33765,17,-1.4,6.7095795
33765,18,-1.4,7.8279595
33765,19,-0.3,8.862656
33765,20,1.6,9.821128
33765,21,3.6,10.865717
33765,22,5.6,11.761681
33765,23,8.3,12.861788
33765,24,10.0,13.329934
33801,1,-0.6,1.892492
33801,2,-1.4,2.3648226
33801,3,-1.9,2.8743117
33801,4,-3.6,3.1488187
33801,5,-4.1,3.8199563
33801,6,-4.6,4.261331
33801,7,-4.5,5.2312613
33801,8,-4.3,5.6338053
33801,9,-4.3,6.2215943
33801,10,-5.4,6.1106167
33801,11,-5.1,6.3136106
33801,12,-4.8,6.3677917
33801,13,-4.6,6.044557
33801,14,-4.2,5.596405
33801,15,-4.3,5.1189485
33801,16,-7.0,4.6330986
33801,17,-7.0,3.9173212
33801,18,-7.3,3.4792705
33801,19,-7.6,2.8056433
33801,20,-7.7,2.7168005
33801,21,-7.4,2.2814586
33801,22,-8.6,2.209887
33801,23,-8.7,1.8605126
33801,24,-8.8,1.8193058
34016,1,11.6,9.804589
34016,2,10.3,8.354824
34016,3,9.3,7.6591663
34016,4,8.3,7.1411457
34016,5,7.4,7.1901894
34016,6,6.8,7.37966
34016,7,6.1,7.980806
34016,8,5.2,9.122373
34016,9,5.2,9.941823
34016,10,6.0,12.070116
34016,11,7.4,13.461537
34016,12,9.0,14.957458
34016,13,10.5,16.634142
34016,14,12.0,17.42798
34016,15,13.2,18.688818
34016,16,13.9,18.94133
34016,17,14.3,19.091717
34016,18,14.1,18.893215
34016,19,14.3,18.128202
34016,20,13.3,16.62839
34016,21,12.2,15.752699
34016,22,11.8,13.873982
34016,23,11.2,12.827291
34016,24,10.6,11.307394
34137,1,19.9,12.296959
34137,2,19.2,12.719587
34137,3,18.7,13.431382
34137,4,18.5,14.265628
34137,5,18.6,14.996349
34137,6,12.5,15.975176
34137,7,10.2,16.987928
34137,8,11.5,17.694283
34137,9,13.4,18.468018
34137,10,11.6,18.455812
34137,11,10.6,18.716665
34137,12,10.6,18.693031
34137,13,11.4,18.336412
34137,14,11.6,18.107878
34137,15,11.7,17.23065
34137,16,9.3,16.561161
34137,17,9.4,15.584038
34137,18,9.3,14.789577
34137,19,9.4,13.923154
34137,20,9.5,13.533572
34137,21,9.7,12.829709
34137,22,9.0,12.725456
34137,23,8.7,12.0187
34137,24,8.5,11.993669
34461,1,28.0,23.046999
34461,2,27.3,22.617352
34461,3,27.2,21.965414
34461,4,27.0,20.606571
34461,5,25.3,19.708393
34461,6,24.5,18.137884
34461,7,24.0,17.179737
34461,8,23.8,16.071154
34461,9,23.4,14.718355
34461,10,23.4,13.591191
34461,11,22.7,13.044627
34461,12,22.0,12.705894
34461,13,21.4,12.734412
34461,14,20.9,12.907158
34461,15,20.5,13.65152
34461,16,20.2,14.714129
34461,17,20.6,15.733415
34461,18,21.8,17.016201
34461,19,23.2,18.366497
34461,20,24.3,19.916838
34461,21,25.0,21.044882
34461,22,24.6,22.071793
34461,23,25.5,22.609612
34461,24,26.5,22.859774
35225,1,22.1,15.879108
35225,2,21.4,15.464902
35225,3,21.1,15.359021
35225,4,21.0,15.2376375
35225,5,21.1,15.317361
35225,6,21.7,15.681627
35225,7,22.0,16.061161
35225,8,21.7,16.465488
35225,9,23.2,16.970753
35225,10,23.5,17.512697
35225,11,24.5,18.089314
35225,12,25.2,18.410835
35225,13,27.0,19.121706
35225,14,25.7,19.431187
35225,15,24.4,19.595858
35225,16,24.6,19.763939
35225,17,24.6,19.695812
35225,18,24.3,19.379423
35225,19,23.1,18.935812
35225,20,23.2,18.793001
35225,21,23.3,18.26797
35225,22,23.2,17.810848
35225,23,23.5,16.937704
35225,24,23.5,16.355104
35445,1,13.2,13.274755
35445,2,14.2,13.366239
35445,3,14.8,13.790791
35445,4,15.0,13.643175
35445,5,14.5,13.57063
35445,6,13.6,13.095688
35445,7,12.3,12.380816
35445,8,11.8,11.6912155
35445,9,11.1,10.78247
35445,10,10.4,10.118227
35445,11,9.7,9.336351
35445,12,9.1,8.638625
35445,13,8.5,8.074471
35445,14,7.9,7.5310645
35445,15,7.4,7.390806
35445,16,6.9,7.3635454
35445,17,6.4,7.251366
35445,18,6.1,7.8910136
35445,19,5.9,8.358514
35445,20,5.3,8.687867
35445,21,6.2,9.818268
35445,22,8.0,10.49085
35445,23,9.2,11.424963
35445,24,11.3,12.172002
36008,1,20.9,17.475977
36008,2,20.9,16.895517
36008,3,20.6,16.414783
36008,4,20.4,15.8554325
36008,5,20.4,15.500668
36008,6,20.7,15.509065
36008,7,21.2,15.402701
36008,8,21.3,15.443615
36008,9,20.7,15.643045
36008,10,20.1,16.105034
36008,11,20.4,16.511309
36008,12,20.9,16.858038
36008,13,22.5,17.854158
36008,14,24.1,18.316069
36008,15,25.2,18.911026
36008,16,26.5,19.40481
36008,17,27.4,19.9204
36008,18,28.0,19.929094
36008,19,28.1,19.950432
36008,20,27.6,20.1472
36008,21,26.4,19.92868
36008,22,24.6,19.616673
36008,23,23.9,18.82437
36008,24,22.9,18.205105
36247,1,13.4,14.002006
36247,2,12.3,13.543846
36247,3,12.0,12.318365
36247,4,11.5,11.008199
36247,5,11.0,10.10049
36247,6,10.3,9.049658
36247,7,9.9,8.484855
36247,8,9.5,7.932128
36247,9,9.0,7.493122
36247,10,8.7,7.1659174
36247,11,8.4,7.3765416
36247,12,8.0,7.909273
36247,13,7.8,8.507534
36247,14,6.5,9.240679
36247,15,8.5,10.338932
36247,16,11.4,11.430632
36247,17,14.6,12.653544
36247,18,17.0,13.445279
36247,19,18.5,14.393835
36247,20,19.5,15.513598
36247,21,20.1,15.751822
36247,22,20.5,15.85045
36247,23,20.5,15.627177
36247,24,20.0,15.145141
36423,1,25.8,20.07237
36423,2,24.7,19.371078
36423,3,23.6,17.973803
36423,4,22.6,16.53027
36423,5,21.9,15.538568
36423,6,21.1,14.460604
36423,7,20.9,13.864583
36423,8,20.5,13.385702
36423,9,19.9,12.919092
36423,10,19.5,12.889658
36423,11,19.1,13.19942
36423,12,18.7,13.856389
36423,13,18.9,14.827783
36423,14,20.6,15.712496
36423,15,21.5,17.038767
36423,16,22.9,18.220444
36423,17,24.9,19.642809
36423,18,26.1,20.408895
36423,19,25.9,21.38691
36423,20,26.4,22.412642
36423,21,26.7,22.55666
36423,22,27.3,22.4967
36423,23,27.5,22.107279
36423,24,26.6,21.407549
36805,1,33.5,27.673864
36805,2,33.9,27.54324
36805,3,33.0,27.842798
36805,4,32.3,27.398125
36805,5,31.6,26.910746
36805,6,30.8,25.983944
36805,7,29.4,25.057627
36805,8,28.1,24.052858
36805,9,27.5,22.673935
36805,10,26.7,21.519287
36805,11,26.4,20.487394
36805,12,26.5,19.533516
36805,13,26.7,19.076735
36805,14,26.4,18.519085
36805,15,26.1,18.513987
36805,16,26.0,18.8456
36805,17,25.7,19.1038
36805,18,25.3,20.101631
36805,19,25.4,21.04383
36805,20,26.4,22.028038
36805,21,27.9,23.414236
36805,22,29.4,24.675
36805,23,30.4,25.591496
36805,24,31.3,26.31304
36826,1,24.5,17.682192
36826,2,24.0,17.682344
36826,3,23.1,18.19506
36826,4,22.3,18.982658
36826,5,22.0,19.757261
36826,6,22.7,20.798992
36826,7,24.9,22.115019
36826,8,27.1,23.226921
36826,9,28.4,24.213371
36826,10,29.1,24.847343
36826,11,29.7,25.522068
36826,12,29.8,25.842749
36826,13,29.7,25.999502
36826,14,29.7,25.995815
36826,15,28.8,25.403156
36826,16,27.3,24.80684
36826,17,26.0,23.871805
36826,18,25.3,22.89482
36826,19,25.1,21.823275
36826,20,24.9,21.07996
36826,21,24.5,19.910788
36826,22,24.2,19.334198
36826,23,23.9,18.302254
36826,24,23.5,17.757069
37932,1,26.5,21.11137
37932,2,28.3,22.010084
37932,3,30.0,23.23789
37932,4,30.2,24.704264
37932,5,31.8,25.382158
37932,6,32.3,26.328995
37932,7,29.6,26.49615
37932,8,29.3,26.691753
37932,9,29.3,26.272234
37932,10,28.4,25.930014
37932,11,27.8,24.964645
37932,12,27.1,23.788855
37932,13,26.3,22.881008
37932,14,25.8,21.749615
37932,15,25.4,20.427593
37932,16,25.5,19.256792
37932,17,24.7,18.454935
37932,18,24.3,17.672577
37932,19,24.0,17.400984
37932,20,23.7,17.15468
37932,21,23.4,17.31253
37932,22,23.1,18.037075
37932,23,23.4,18.64135
37932,24,24.8,19.488401
38421,1,15.7,17.73585
38421,2,17.1,17.799715
38421,3,17.8,18.236979
38421,4,18.0,18.09401
38421,5,18.1,17.926893
38421,6,17.7,17.4066
38421,7,16.2,16.650808
38421,8,15.1,15.908901
38421,9,15.0,14.882471
38421,10,14.9,14.084486
38421,11,14.9,13.222594
38421,12,15.0,12.401251
38421,13,16.2,11.859038
38421,14,16.3,11.271229
38421,15,15.9,11.101852
38421,16,14.9,11.134415
38421,17,14.4,11.098571
38421,18,15.6,11.763736
38421,19,15.4,12.324388
38421,20,15.6,12.830032
38421,21,16.2,14.001437
38421,22,17.6,14.857112
38421,23,19.1,15.764677
38421,24,19.8,16.51594
38428,1,17.6,14.991371
38428,2,19.1,15.470673
38428,3,19.8,16.132507
38428,4,21.2,16.809132
38428,5,21.8,17.016743
38428,6,22.9,17.503292
38428,7,22.8,17.156715
38428,8,21.9,17.021145
38428,9,18.0,16.595226
38428,10,15.7,16.248339
38428,11,13.0,15.612557
38428,12,12.6,14.8595
38428,13,12.3,14.373361
38428,14,11.8,13.707788
38428,15,11.2,13.054282
38428,16,11.6,12.537449
38428,17,11.3,12.210111
38428,18,10.1,11.989783
38428,19,9.3,11.914424
38428,20,8.6,11.883898
38428,21,7.9,12.446209
38428,22,7.8,12.903194
38428,23,7.2,13.334619
38428,24,7.4,13.987448
38826,1,-3.3,2.6044958
38826,2,-3.1,2.7497158
38826,3,-2.8,3.166584
38826,4,-3.1,3.3883579
38826,5,-3.0,4.015049
38826,6,-3.0,4.443318
38826,7,-2.6,5.4258375
38826,8,-2.2,5.9434376
38826,9,-1.3,6.686502
38826,10,-0.8,6.8698335
38826,11,1.1,7.320914
38826,12,2.6,7.6210847
38826,13,3.5,7.490441
38826,14,3.8,7.2924156
38826,15,3.3,6.9649186
38826,16,2.2,6.6064973
38826,17,1.1,5.8041005
38826,18,0.4,5.4745836
38826,19,-0.1,4.6859446
38826,20,-0.7,4.314934
38826,21,-1.3,3.7734146
38826,22,-2.4,3.401492
38826,23,-3.0,2.9318144
38826,24,-3.3,2.674331
39403,1,15.3,12.169133
39403,2,16.2,13.068639
39403,3,18.8,14.126787
39403,4,21.3,15.641542
39403,5,23.4,16.890694
39403,6,24.6,18.282616
39403,7,25.3,20.306486
39403,8,25.8,21.47458
39403,9,25.2,22.76552
39403,10,25.3,22.776266
39403,11,25.4,23.07666
39403,12,24.4,23.13268
39403,13,23.4,22.356548
39403,14,22.0,21.909336
39403,15,21.4,20.423485
39403,16,20.9,19.189837
39403,17,20.6,17.607092
39403,18,20.2,16.338621
39403,19,19.5,15.063201
39403,20,19.0,14.45674
39403,21,18.8,12.905356
39403,22,18.6,12.811345
39403,23,18.5,11.977826
39403,24,18.4,11.80125
39629,1,26.7,23.980543
39629,2,28.9,23.919743
39629,3,29.5,24.205666
39629,4,29.8,23.943014
39629,5,29.1,23.604933
39629,6,29.3,23.092445
39629,7,27.9,22.38771
39629,8,26.8,21.676853
39629,9,26.0,20.73642
39629,10,25.6,19.879095
39629,11,21.7,19.129599
39629,12,21.5,18.412058
39629,13,20.8,18.108635
39629,14,20.5,17.689304
39629,15,20.2,17.619352
39629,16,19.9,17.813017
39629,17,19.6,17.95722
39629,18,18.9,18.613361
39629,19,18.5,19.215923
39629,20,18.2,19.908
39629,21,17.7,20.959192
39629,22,18.3,21.869873
39629,23,19.4,22.403065
39629,24,20.3,22.95816
39797,1,21.8,23.961838
39797,2,21.0,23.67052
39797,3,21.0,23.51576
39797,4,21.6,22.88197
39797,5,22.0,22.35361
39797,6,22.0,21.764746
39797,7,22.6,21.192944
39797,8,22.3,20.567272
39797,9,21.6,19.95978
39797,10,21.3,19.290901
39797,11,21.0,18.952887
39797,12,20.9,18.673857
39797,13,20.7,18.804348
39797,14,20.8,18.828253
39797,15,20.7,19.122316
39797,16,20.7,19.65418
39797,17,20.7,20.081015
39797,18,20.6,20.74789
39797,19,19.7,21.354929
39797,20,21.0,22.194149
39797,21,22.7,22.889284
39797,22,24.9,23.525764
39797,23,26.3,23.542213
39797,24,27.2,23.655617
39988,1,27.5,23.75299
39988,2,27.3,23.862303
39988,3,26.6,24.287329
39988,4,29.0,24.493767
39988,5,29.6,24.394825
39988,6,25.9,24.527052
39988,7,25.4,24.182789
39988,8,25.6,23.905098
39988,9,25.7,23.426287
39988,10,24.0,22.892021
39988,11,24.5,22.372269
39988,12,24.6,21.71821
39988,13,24.7,21.556791
39988,14,24.4,21.14305
39988,15,24.2,20.786083
39988,16,24.7,20.691801
39988,17,25.5,20.638193
39988,18,24.7,20.695198
39988,19,24.5,20.856476
39988,20,23.5,21.251495
39988,21,23.3,21.794722
39988,22,24.0,22.448437
39988,23,24.3,22.523283
39988,24,24.4,22.912544
40167,1,28.7,25.157995
40167,2,29.1,25.139004
40167,3,29.1,25.47879
40167,4,28.8,25.003517
40167,5,27.1,24.62448
40167,6,25.2,23.513552
40167,7,25.4,22.493494
40167,8,22.9,21.340195
40167,9,22.0,19.78469
40167,10,21.9,18.572374
40167,11,22.7,17.410475
40167,12,22.1,16.366602
40167,13,21.7,15.657743
40167,14,21.2,15.016964
40167,15,20.8,14.976006
40167,16,20.3,15.266436
40167,17,17.6,15.423696
40167,18,17.2,16.559782
40167,19,17.2,17.599413
40167,20,18.8,18.578289
40167,21,21.1,20.112211
40167,22,23.1,21.39582
40167,23,24.8,22.721392
40167,24,26.2,23.628914
40218,1,13.2,9.406963
40218,2,13.4,7.792534
40218,3,12.9,6.838869
40218,4,12.2,6.177031
40218,5,11.7,5.9692945
40218,6,11.4,5.990179
40218,7,11.0,6.2982903
40218,8,9.8,7.346834
40218,9,7.7,7.975175
40218,10,8.2,10.232148
40218,11,10.6,11.651216
40218,12,12.4,13.224048
40218,13,14.0,15.124542
40218,14,15.8,15.968414
40218,15,17.5,17.507217
40218,16,19.0,17.96465
40218,17,20.4,18.427315
40218,18,21.6,18.410383
40218,19,21.5,17.780407
40218,20,18.6,16.313482
40218,21,16.9,15.618497
40218,22,14.9,13.639611
40218,23,13.2,12.719803
40218,24,12.6,11.090897
40318,1,15.7,11.122185
40318,2,17.0,12.041962
40318,3,18.0,13.355501
40318,4,18.7,14.528942
40318,5,19.0,15.127917
40318,6,18.7,15.4642
40318,7,17.7,15.480535
40318,8,15.4,15.067499
40318,9,14.1,14.416987
40318,10,12.8,13.9099655
40318,11,11.5,12.516892
40318,12,10.3,11.18063
40318,13,9.2,10.013432
40318,14,8.2,8.600122
40318,15,7.5,7.4138265
40318,16,6.7,6.3308887
40318,17,6.0,5.459259
40318,18,5.5,5.3452234
40318,19,5.3,5.4083796
40318,20,4.2,5.358693
40318,21,4.0,5.8174973
40318,22,4.9,6.8131595
40318,23,8.2,8.228866
40318,24,11.8,9.219535
40797,1,-1.1,4.9207573
40797,2,1.7,6.2471423
40797,3,5.9,7.7170043
40797,4,11.5,9.438658
40797,5,14.1,10.800015
40797,6,15.2,11.933105
40797,7,15.7,14.094691
40797,8,15.5,14.83219
40797,9,15.0,15.92642
40797,10,14.2,15.597264
40797,11,12.7,15.195035
40797,12,11.2,14.80535
40797,13,10.4,13.466243
40797,14,8.9,12.357997
40797,15,8.0,10.60267
40797,16,7.2,9.028135
40797,17,6.4,7.2179174
40797,18,5.7,6.2070684
40797,19,4.8,5.2262163
40797,20,3.6,4.861724
40797,21,3.8,3.390286
40797,22,3.9,3.863953
40797,23,4.3,3.8617501
40797,24,4.2,3.965163
40812,1,3.6,2.489235
40812,2,3.7,3.1066372
40812,3,3.5,4.142683
40812,4,3.1,5.244868
40812,5,4.4,6.69159
40812,6,6.9,7.7708116
40812,7,8.6,10.305903
40812,8,9.8,11.650873
40812,9,10.8,13.327088
40812,10,11.4,13.714131
40812,11,11.7,14.3781185
40812,12,11.7,14.960375
40812,13,11.1,14.297211
40812,14,9.0,13.740536
40812,15,8.1,12.7051935
40812,16,6.9,11.473037
40812,17,4.9,9.635262
40812,18,3.8,8.619922
40812,19,3.2,7.110085
40812,20,2.8,6.149009
40812,21,2.3,4.4054728
40812,22,1.7,3.8414137
40812,23,1.1,3.045794
40812,24,1.5,2.445314
41059,1,5.7,6.1082883
41059,2,5.5,5.5562716
41059,3,5.2,5.8683267
41059,4,5.4,6.3266497
41059,5,5.4,7.266139
41059,6,4.8,8.010217
41059,7,4.2,9.919432
41059,8,4.1,11.372915
41059,9,4.2,12.899409
41059,10,5.0,14.285823
41059,11,5.3,15.576272
41059,12,6.2,16.739258
41059,13,7.1,17.20587
41059,14,8.0,17.456636
41059,15,9.1,17.37045
41059,16,9.2,16.86749
41059,17,8.6,15.61541
41059,18,8.1,14.981495
41059,19,8.1,13.513687
41059,20,8.0,12.036285
41059,21,8.5,10.450307
41059,22,10.1,9.04829
41059,23,10.0,7.9626584
41059,24,9.0,6.773247
41369,1,23.3,20.73576
41369,2,21.5,19.312658
41369,3,19.9,17.462458
41369,4,18.2,15.786231
41369,5,17.0,14.615097
41369,6,16.2,13.510365
41369,7,15.6,12.815735
41369,8,14.6,12.737557
41369,9,13.2,12.371557
41369,10,12.4,13.364926
41369,11,12.4,14.225686
41369,12,12.0,15.502477
41369,13,14.5,17.314472
41369,14,18.7,18.523293
41369,15,22.4,20.55641
41369,16,24.9,21.95061
41369,17,26.8,23.680548
41369,18,28.2,24.495989
41369,19,29.2,25.245506
41369,20,29.8,25.546839
41369,21,30.0,25.5811
41369,22,29.7,24.643425
41369,23,28.9,24.042048
41369,24,26.8,22.716179
41983,1,40.5,34.40607
41983,2,40.7,34.638836
41983,3,40.8,35.150517
41983,4,40.8,34.986916
41983,5,40.3,34.563374
41983,6,39.3,33.498287
41983,7,36.3,32.60152
41983,8,34.5,31.362694
41983,9,33.3,29.479145
41983,10,32.8,27.915382
41983,11,30.5,26.369131
41983,12,29.5,24.870113
41983,13,27.2,24.113676
41983,14,25.9,23.166346
41983,15,25.1,22.739727
41983,16,24.4,22.903307
41983,17,26.0,23.17528
41983,18,28.3,24.190382
41983,19,31.2,25.319813
41983,20,34.3,26.69128
41983,21,36.6,28.21399
41983,22,38.4,30.076385
41983,23,39.7,31.431719
41983,24,40.7,32.482143
41992,1,41.2,33.340664
41992,2,41.0,32.53366
41992,3,40.3,31.278065
41992,4,37.9,29.514563
41992,5,35.8,28.285538
41992,6,34.2,26.45042
41992,7,32.7,25.55359
41992,8,30.8,24.494678
41992,9,29.0,23.138655
41992,10,27.6,22.258554
41992,11,27.0,22.089317
41992,12,26.9,22.06377
41992,13,26.0,22.769087
41992,14,26.7,23.377295
41992,15,28.6,24.557962
41992,16,31.8,26.128828
41992,17,34.5,27.670938
41992,18,36.6,29.028725
41992,19,38.4,30.503128
41992,20,40.2,32.394035
41992,21,41.6,33.174606
41992,22,42.3,34.034016
41992,23,42.8,34.129032
41992,24,43.4,33.811745
42350,1,34.1,31.393557
42350,2,35.8,32.38009
42350,3,37.0,33.526093
42350,4,37.6,34.58464
42350,5,38.0,35.20117
42350,6,38.0,35.49797
42350,7,37.8,36.338825
42350,8,37.1,36.24464
42350,9,36.2,35.72373
42350,10,33.9,34.58083
42350,11,31.4,33.448833
42350,12,30.4,32.469337
42350,13,28.9,31.443779
42350,14,27.8,30.409468
42350,15,26.2,28.938848
42350,16,24.7,27.915922
42350,17,23.8,27.108023
42350,18,22.7,26.951792
42350,19,21.6,26.79058
42350,20,22.0,27.118826
42350,21,23.4,27.267725
42350,22,25.7,28.621593
42350,23,28.6,28.953363
42350,24,31.5,29.740881
42466,1,34.6,27.76112
42466,2,32.5,26.31104
42466,3,31.0,25.399406
42466,4,29.8,24.55721
42466,5,28.7,24.350155
42466,6,27.7,24.18588
42466,7,26.9,25.205774
42466,8,26.9,26.087734
42466,9,28.2,26.898798
42466,10,30.7,28.375711
42466,11,33.8,29.749687
42466,12,36.8,31.222776
42466,13,40.0,33.116035
42466,14,42.0,34.130463
42466,15,42.4,35.278954
42466,16,42.8,35.920845
42466,17,42.7,36.2994
42466,18,42.3,36.36443
42466,19,41.7,35.784855
42466,20,41.2,35.19231
42466,21,40.2,34.035915
42466,22,38.5,32.784393
42466,23,37.4,31.157965
42466,24,35.5,29.372932
43144,1,27.1,25.13661
43144,2,24.6,24.613888
43144,3,23.2,23.409498
43144,4,21.5,21.835178
43144,5,20.0,20.737707
43144,6,18.7,19.027761
43144,7,17.3,18.036499
43144,8,16.2,17.015863
43144,9,15.4,15.632295
43144,10,13.8,14.764456
43144,11,13.2,14.475821
43144,12,13.1,14.438143
43144,13,13.5,14.839364
43144,14,12.8,15.345168
43144,15,12.3,16.430004
43144,16,13.6,17.761555
43144,17,17.1,19.251236
43144,18,20.6,20.47974
43144,19,22.8,21.969608
43144,20,25.1,23.672363
43144,21,26.5,24.536818
43144,22,27.4,25.309582
43144,23,27.9,25.688904
43144,24,27.8,25.605913
43251,1,17.5,11.870134
43251,2,17.5,11.519543
43251,3,16.7,11.60119
43251,4,16.7,11.950343
43251,5,16.9,12.562345
43251,6,16.5,13.272291
43251,7,17.0,14.375051
43251,8,17.6,15.477913
43251,9,18.3,16.424034
43251,10,19.6,17.473032
43251,11,20.0,18.415787
43251,12,22.3,19.198595
43251,13,23.3,19.675957
43251,14,23.8,19.96368
43251,15,23.2,19.940514
43251,16,23.1,19.60086
43251,17,21.8,18.945913
43251,18,21.4,18.277016
43251,19,21.1,17.282759
43251,20,20.0,16.269236
43251,21,19.3,15.23281
43251,22,19.1,14.167221
43251,23,18.9,13.244854
43251,24,18.4,12.461949
43414,1,10.8,11.430294
43414,2,12.5,12.388385
43414,3,13.3,13.862425
43414,4,13.9,15.082585
43414,5,14.0,15.750749
43414,6,13.9,15.994202
43414,7,12.7,15.97532
43414,8,11.4,15.43591
43414,9,10.3,14.634594
43414,10,9.4,14.090178
43414,11,8.0,12.486587
43414,12,7.1,10.946303
43414,13,6.1,9.644252
43414,14,5.1,8.055727
43414,15,4.4,6.788154
43414,16,3.8,5.6213446
43414,17,3.3,4.651355
43414,18,3.0,4.6069946
43414,19,3.0,4.7593126
43414,20,2.4,4.7274804
43414,21,2.1,5.26868
43414,22,1.9,6.4149027
43414,23,4.4,8.118818
43414,24,7.5,9.237121
44273,1,30.5,20.127985
44273,2,29.0,19.230076
44273,3,26.9,17.595863
44273,4,24.8,16.118193
44273,5,23.9,15.044313
44273,6,22.9,13.97186
44273,7,22.9,13.294367
44273,8,22.7,13.014321
44273,9,21.9,12.471222
44273,10,20.9,12.777228
44273,11,19.6,13.30229
44273,12,19.0,14.163183
44273,13,20.7,15.430505
44273,14,23.7,16.436771
44273,15,27.3,17.989271
44273,16,29.7,19.255943
44273,17,31.7,20.889462
44273,18,33.2,21.607103
44273,19,34.3,22.499353
44273,20,34.7,23.296965
44273,21,34.7,23.449135
44273,22,34.2,23.074936
44273,23,33.3,22.617302
44273,24,30.4,21.741304
44278,1,29.7,19.367542
44278,2,31.7,20.222391
44278,3,33.2,21.499765
44278,4,34.3,22.715626
44278,5,34.7,23.24697
44278,6,34.7,23.643627
44278,7,34.2,23.37276
44278,8,33.3,23.027634
44278,9,30.4,22.089485
44278,10,28.7,21.551008
44278,11,27.3,20.133274
44278,12,26.0,18.66287
44278,13,25.0,17.530136
44278,14,23.2,16.149242
44278,15,21.5,14.977754
44278,16,20.3,13.922315
44278,17,19.5,13.200958
44278,18,18.5,12.973925
44278,19,18.0,13.132325
44278,20,16.9,13.086734
44278,21,16.4,13.76981
44278,22,18.6,14.796208
44278,23,22.2,16.193356
44278,24,26.0,17.311516
44387,1,14.0,12.915261
44387,2,13.4,11.520387
44387,3,12.8,11.290483
44387,4,12.0,11.298404
44387,5,11.4,12.026025
44387,6,11.4,12.655078
44387,7,14.4,14.40054
44387,8,18.7,16.270668
44387,9,22.1,17.77619
44387,10,24.9,20.137499
44387,11,26.8,21.97366
44387,12,28.3,23.714352
44387,13,29.3,25.1164
44387,14,29.9,25.864576
44387,15,29.8,26.608864
44387,16,29.0,26.411224
44387,17,28.8,25.643787
44387,18,26.1,24.96175
44387,19,24.6,23.486221
44387,20,23.5,21.4518
44387,21,22.0,19.723202
44387,22,20.3,17.545433
44387,23,19.5,16.06796
44387,24,18.3,14.265947
44716,1,23.7,16.075993
44716,2,22.5,16.602856
44716,3,23.9,17.739174
44716,4,26.3,19.540977
44716,5,28.5,21.191053
44716,6,30.5,22.92654
44716,7,31.5,25.785023
44716,8,32.4,27.778893
44716,9,33.6,29.607258
44716,10,34.3,30.457737
44716,11,34.4,31.32227
44716,12,34.5,31.916082
44716,13,33.6,31.47842
44716,14,32.4,31.170595
44716,15,31.2,29.739704
44716,16,29.6,28.201883
44716,17,29.7,26.205038
44716,18,29.0,24.515337
44716,19,27.9,22.654322
44716,20,26.5,21.18884
44716,21,25.0,18.864687
44716,22,23.3,18.072529
44716,23,23.5,16.77056
44716,24,23.6,16.000647
44900,1,23.7,17.810734
44900,2,23.7,18.224014
44900,3,25.7,19.232622
44900,4,28.1,20.93589
44900,5,30.5,22.473476
44900,6,32.0,24.168781
44900,7,33.1,26.817013
44900,8,34.7,28.806166
44900,9,35.8,30.49247
44900,10,36.4,31.425482
44900,11,36.6,32.308
44900,12,36.4,32.91471
44900,13,36.0,32.624577
44900,14,35.2,32.3901
44900,15,34.1,31.115278
44900,16,32.9,29.668354
44900,17,32.2,27.870249
44900,18,31.6,26.188698
44900,19,30.8,24.419636
44900,20,29.2,22.946156
44900,21,27.8,20.750042
44900,22,26.8,19.900517
44900,23,25.9,18.588198
44900,24,25.1,17.811598
45030,1,30.4,25.696745
45030,2,32.0,26.812153
45030,3,33.4,28.224762
45030,4,34.8,29.914392
45030,5,35.4,30.81997
45030,6,35.3,31.78901
45030,7,36.7,32.477932
45030,8,36.5,32.803284
45030,9,35.5,32.475952
45030,10,34.5,31.931852
45030,11,33.6,30.880264
45030,12,32.8,29.687208
45030,13,33.3,28.517132
45030,14,32.4,27.275023
45030,15,31.4,25.632263
45030,16,30.4,24.224436
45030,17,29.3,23.150696
45030,18,28.4,22.280548
45030,19,27.5,21.917402
45030,20,27.5,21.713623
45030,21,29.7,21.570274
45030,22,31.9,22.501457
45030,23,33.7,23.057247
45030,24,35.7,23.901665
45587,1,11.5,10.706634
45587,2,10.8,9.655267
45587,3,10.0,9.074034
45587,4,8.8,8.586689
45587,5,7.9,8.541675
45587,6,7.2,8.706443
45587,7,6.5,9.043318
45587,8,6.4,9.796816
45587,9,6.2,10.375478
45587,10,7.1,11.856118
45587,11,9.0,12.869243
45587,12,11.4,13.901746
45587,13,13.4,15.24983
45587,14,15.0,15.897218
45587,15,16.3,16.847662
45587,16,17.6,17.142078
45587,17,18.5,17.396765
45587,18,18.8,17.21503
45587,19,17.4,16.716602
45587,20,14.9,15.832076
45587,21,13.7,15.218381
45587,22,12.8,13.925833
45587,23,12.1,13.003561
45587,24,10.9,11.897329
45680,1,17.4,16.190437
45680,2,18.3,15.947738
45680,3,18.1,15.8446
45680,4,17.2,14.883302
45680,5,15.1,14.25455
45680,6,14.5,12.717579
45680,7,13.8,11.820006
45680,8,13.0,10.569984
45680,9,12.2,9.181019
45680,10,11.5,8.112345
45680,11,11.7,7.1283402
45680,12,11.1,6.4000826
45680,13,10.5,5.920792
45680,14,10.4,5.542858
45680,15,9.9,6.000754
45680,16,9.5,6.658792
45680,17,9.6,7.1703234
45680,18,9.8,8.497118
45680,19,9.4,9.880592
45680,20,10.4,11.189008
45680,21,12.6,12.334556
45680,22,13.3,13.531718
45680,23,13.9,14.826191
45680,24,14.8,15.315863
45866,1,11.9,12.26784
45866,2,11.4,10.616186
45866,3,10.7,9.134125
45866,4,10.0,8.387544
45866,5,9.5,6.89411
45866,6,9.0,6.310819
45866,7,8.4,5.585628
45866,8,8.2,5.3406715
45866,9,7.9,5.441682
45866,10,7.8,6.3989005
45866,11,7.0,6.9948134
45866,12,7.2,8.164117
45866,13,7.2,9.934126
45866,14,7.8,11.670579
45866,15,9.3,12.885802
45866,16,11.2,14.255823
45866,17,13.6,15.4941
45866,18,15.3,16.620758
45866,19,16.5,17.11416
45866,20,16.7,16.950623
45866,21,16.4,16.70035
45866,22,15.4,16.056753
45866,23,13.1,15.191676
45866,24,11.8,13.946523
46260,1,7.0,6.697901
46260,2,6.7,5.975359
46260,3,6.8,6.2934384
46260,4,7.5,6.7922873
46260,5,6.4,7.812793
46260,6,6.1,8.634737
46260,7,7.6,10.837807
46260,8,11.6,12.532001
46260,9,15.2,14.258561
46260,10,18.0,15.914545
46260,11,20.0,17.401562
46260,12,21.5,18.70834
46260,13,22.2,19.357847
46260,14,22.6,19.659939
46260,15,21.8,19.623962
46260,16,19.7,19.097244
46260,17,18.2,17.75694
46260,18,15.2,16.988617
46260,19,13.8,15.362423
46260,20,13.3,13.714302
46260,21,12.4,11.809545
46260,22,11.6,10.232008
46260,23,11.0,8.943115
46260,24,10.8,7.4965315
46410,1,14.5,15.244548
46410,2,14.2,14.027671
46410,3,14.5,12.531497
46410,4,14.6,11.194715
46410,5,14.4,10.246886
46410,6,14.1,9.451012
46410,7,13.4,8.882356
46410,8,12.9,8.87346
46410,9,12.6,8.707425
46410,10,12.4,9.72096
46410,11,12.3,10.469871
46410,12,12.5,11.6004925
46410,13,13.5,13.170825
46410,14,15.2,14.14081
46410,15,17.2,15.878125
46410,16,19.1,16.96453
46410,17,21.0,18.346426
46410,18,22.8,18.97863
46410,19,21.4,19.51604
46410,20,20.0,19.588783
46410,21,20.4,19.566126
46410,22,20.4,18.637363
46410,23,18.6,18.129026
46410,24,16.7,16.957497
46951,1,23.7,20.915907
46951,2,23.0,21.319666
46951,3,22.6,22.184734
46951,4,21.3,22.608055
46951,5,20.3,22.61979
46951,6,21.0,22.255783
46951,7,21.1,21.383574
46951,8,19.0,20.567991
46951,9,18.8,19.13472
46951,10,17.3,18.250614
46951,11,16.9,16.84011
46951,12,16.2,15.432719
46951,13,15.8,14.485103
46951,14,15.3,13.346179
46951,15,15.1,12.74593
46951,16,15.1,12.353928
46951,17,15.1,12.1306925
46951,18,15.0,12.621928
46951,19,14.9,13.278376
46951,20,15.3,13.7197895
46951,21,15.9,15.055333
46951,22,16.4,16.267002
46951,23,17.1,17.816742
46951,24,18.0,18.954165
47502,1,19.5,19.466017
47502,2,22.0,20.876823
47502,3,24.9,22.610928
47502,4,27.9,24.800129
47502,5,30.7,26.070513
47502,6,32.8,27.470505
47502,7,33.2,28.572636
47502,8,32.7,29.158566
47502,9,32.0,29.208855
47502,10,30.6,28.921997
47502,11,28.0,27.82493
47502,12,25.6,26.581472
47502,13,23.8,25.183714
47502,14,22.7,23.717192
47502,15,22.2,21.738407
47502,16,21.9,19.877552
47502,17,21.3,18.401468
47502,18,20.6,17.113913
47502,19,20.0,16.482141
47502,20,19.6,15.94256
47502,21,19.0,15.329582
47502,22,18.5,16.132881
47502,23,17.7,16.757082
47502,24,17.6,17.587425
47551,1,25.4,23.937849
47551,2,28.1,24.631794
47551,3,29.7,25.864346
47551,4,29.7,26.826918
47551,5,29.0,27.01578
47551,6,28.0,26.927
47551,7,26.9,26.061779
47551,8,26.1,25.303844
47551,9,24.1,23.638502
47551,10,22.2,22.717001
47551,11,21.1,20.939665
47551,12,20.2,19.064194
47551,13,19.6,17.867447
47551,14,19.4,16.305113
47551,15,19.2,15.284863
47551,16,18.9,14.519021
47551,17,18.7,14.135128
47551,18,18.2,14.33231
47551,19,17.6,14.952008
47551,20,17.9,15.324299
47551,21,18.0,16.679646
47551,22,19.6,18.158783
47551,23,21.9,20.02876
47551,24,24.5,21.4333
47589,1,22.1,17.890385
47589,2,21.3,18.72015
47589,3,21.6,19.811049
47589,4,23.4,21.615276
47589,5,26.0,23.050707
47589,6,29.4,24.745312
47589,7,32.8,27.007248
47589,8,35.8,28.633278
47589,9,38.1,30.01419
47589,10,38.8,30.419235
47589,11,37.6,30.882072
47589,12,34.7,31.08016
47589,13,32.6,30.421724
47589,14,30.4,30.008003
47589,15,28.6,28.486464
47589,16,27.1,26.997538
47589,17,26.1,25.33414
47589,18,25.5,23.681398
47589,19,25.3,22.207567
47589,20,24.9,21.168009
47589,21,24.3,19.325533
47589,22,23.5,18.9399
47589,23,22.8,17.919678
47589,24,22.3,17.588135
48301,1,8.3,8.576462
48301,2,7.7,9.375908
48301,3,7.7,10.211239
48301,4,8.3,11.433007
48301,5,10.4,12.368701
48301,6,12.5,13.504019
48301,7,14.1,14.980627
48301,8,15.4,15.815339
48301,9,16.2,16.829922
48301,10,16.4,16.767977
48301,11,16.3,16.952997
48301,12,15.7,16.970142
48301,13,14.9,16.29645
48301,14,13.6,15.888981
48301,15,12.9,14.699873
48301,16,12.5,13.729666
48301,17,12.0,12.497469
48301,18,11.3,11.545336
48301,19,10.2,10.549556
48301,20,9.8,10.118568
48301,21,9.6,9.008634
48301,22,9.8,8.950505
48301,23,9.9,8.365911
48301,24,9.7,8.290425
48444,1,12.7,7.2766995
48444,2,12.4,6.593754
48444,3,12.1,6.9465575
48444,4,10.4,7.523177
48444,5,9.0,8.575478
48444,6,9.0,9.452568
48444,7,9.8,11.679731
48444,8,12.0,13.419066
48444,9,14.6,15.13994
48444,10,16.9,16.794392
48444,11,19.2,18.26793
48444,12,21.1,19.561502
48444,13,22.3,20.174706
48444,14,22.7,20.446356
48444,15,22.2,20.356604
48444,16,19.8,19.76994
48444,17,16.9,18.399256
48444,18,15.7,17.582981
48444,19,15.2,15.924042
48444,20,15.1,14.230342
48444,21,14.4,12.32213
48444,22,13.9,10.74429
48444,23,13.4,9.457917
48444,24,13.6,8.036277
49165,1,13.4,9.415069
49165,2,13.1,10.805738
49165,3,12.5,12.2410755
49165,4,14.0,14.381736
49165,5,18.2,16.101257
49165,6,20.1,17.80735
49165,7,22.0,20.685404
49165,8,23.1,22.17137
49165,9,24.2,23.851713
49165,10,24.9,23.850159
49165,11,25.2,24.018417
49165,12,25.2,24.084833
49165,13,25.0,22.832016
49165,14,23.8,22.080502
49165,15,21.0,20.041765
49165,16,19.7,18.214891
49165,17,17.9,16.084211
49165,18,17.3,14.465818
49165,19,16.0,12.908082
49165,20,15.9,12.076837
49165,21,15.7,9.863139
49165,22,16.1,9.856337
49165,23,16.3,9.102389
49165,24,15.0,8.888392
49190,1,13.9,9.259587
49190,2,14.6,10.421472
49190,3,16.4,11.665396
49190,4,17.2,13.283018
49190,5,18.8,14.3636875
49190,6,20.1,15.529282
49190,7,21.9,16.90183
49190,8,21.9,17.521797
49190,9,20.4,18.170351
49190,10,19.6,17.908384
49190,11,18.2,17.455063
49190,12,16.6,16.959003
49190,13,15.8,15.84323
49190,14,15.0,14.925929
49190,15,14.4,13.37612
49190,16,14.0,11.989175
49190,17,13.7,10.604272
49190,18,13.2,9.631729
49190,19,12.7,8.834909
49190,20,12.3,8.401475
49190,21,11.9,7.513214
49190,22,11.7,7.8924413
49190,23,11.1,7.947723
49190,24,11.2,8.294799
49615,1,20.0,17.726074
49615,2,22.6,18.37256
49615,3,24.1,19.401283
49615,4,25.1,20.231934
49615,5,25.0,20.445864
49615,6,24.1,20.481678
49615,7,22.6,19.72992
49615,8,21.2,19.110193
49615,9,19.4,17.83646
49615,10,17.5,17.169039
49615,11,16.6,15.717207
49615,12,15.9,14.238422
49615,13,16.0,13.226495
49615,14,15.4,11.939251
49615,15,15.0,11.098866
49615,16,14.9,10.387626
49615,17,14.7,10.018128
49615,18,14.9,10.1471405
49615,19,14.9,10.586377
49615,20,14.8,10.759322
49615,21,15.0,11.895425
49615,22,15.8,12.980408
49615,23,16.7,14.548461
49615,24,17.1,15.7378235
49817,1,18.3,19.236141
49817,2,17.6,18.5461
49817,3,16.8,17.004665
49817,4,15.9,15.431659
49817,5,15.5,14.31263
49817,6,15.0,12.930968
49817,7,14.6,12.1617985
49817,8,14.4,11.549892
49817,9,14.0,10.767304
49817,10,13.6,10.52545
49817,11,13.3,10.768166
49817,12,13.0,11.364442
49817,13,12.2,12.197196
49817,14,12.5,13.060962
49817,15,14.0,14.466335
49817,16,15.7,15.8098955
49817,17,17.0,17.393085
49817,18,17.9,18.3672
49817,19,18.8,19.553806
49817,20,19.6,20.8033
49817,21,20.0,21.172022
49817,22,20.8,21.245071
49817,23,21.5,21.127516
49817,24,20.6,20.530062
49835,1,16.6,13.718479
49835,2,16.2,12.134534
49835,3,15.8,11.644232
49835,4,15.5,11.231413
49835,5,15.1,11.594663
49835,6,14.6,11.946379
49835,7,14.2,13.087945
49835,8,14.1,14.558709
49835,9,15.3,15.7546625
49835,10,17.0,18.075823
49835,11,18.9,19.754652
49835,12,21.1,21.407513
49835,13,22.7,23.092047
49835,14,25.7,23.958017
49835,15,26.9,25.07261
49835,16,26.5,25.200722
49835,17,25.8,24.906458
49835,18,25.5,24.520082
49835,19,25.0,23.416052
49835,20,23.7,21.65475
49835,21,22.2,20.34591
49835,22,20.7,18.272385
49835,23,19.6,16.911453
49835,24,18.8,15.174664
50024,1,27.2,26.324919
50024,2,27.2,26.084278
50024,3,26.9,26.238207
50024,4,26.4,25.316782
50024,5,24.8,24.669147
50024,6,22.9,22.964266
50024,7,20.9,21.67943
50024,8,19.7,20.199465
50024,9,18.9,18.164421
50024,10,18.5,16.704561
50024,11,18.0,15.352158
50024,12,17.5,14.146941
50024,13,17.0,13.473986
50024,14,16.7,12.838269
50024,15,16.4,13.083369
50024,16,16.7,13.716992
50024,17,16.7,14.2153225
50024,18,17.3,15.744935
50024,19,18.2,17.252522
50024,20,19.7,18.678217
50024,21,21.5,20.504221
50024,22,22.9,22.119617
50024,23,24.8,23.740688
50024,24,26.4,24.702877
50195,1,24.7,21.085161
50195,2,24.8,20.427715
50195,3,24.9,20.02973
50195,4,24.9,19.601496
50195,5,25.1,19.368162
50195,6,25.1,19.482046
50195,7,24.7,19.699118
50195,8,24.3,19.950788
50195,9,23.5,20.378897
50195,10,24.0,20.96449
50195,11,25.6,21.5454
50195,12,26.4,22.010586
50195,13,27.4,23.01669
50195,14,27.9,23.495653
50195,15,28.1,24.015142
50195,16,27.9,24.445423
50195,17,27.1,24.725504
50195,18,26.3,24.64133
50195,19,25.7,24.475887
50195,20,25.3,24.531685
50195,21,25.0,24.018127
50195,22,24.9,23.584934
50195,23,25.0,22.631336
50195,24,25.2,21.810425
50319,1,27.7,21.079454
50319,2,28.1,21.311031
50319,3,28.1,21.776016
50319,4,28.2,22.189215
50319,5,28.3,22.182188
50319,6,27.3,22.57731
50319,7,26.9,22.33582
50319,8,26.2,22.214424
50319,9,25.4,21.936062
50319,10,25.3,21.533564
50319,11,25.1,21.087387
50319,12,25.4,20.51504
50319,13,25.3,20.345484
50319,14,25.3,19.921463
50319,15,25.3,19.466047
50319,16,25.1,19.216148
50319,17,24.8,19.078426
50319,18,24.1,18.935648
50319,19,23.1,18.920551
50319,20,23.2,19.126936
50319,21,23.0,19.52329
50319,22,23.0,20.022724
50319,23,25.4,19.991909
50319,24,26.8,20.349144
50493,1,14.8,15.644177
50493,2,14.2,15.924411
50493,3,13.9,16.229097
50493,4,13.6,16.805563
50493,5,14.5,17.236444
50493,6,16.1,18.023956
50493,7,18.3,18.633411
50493,8,20.4,19.148935
50493,9,22.1,19.705566
50493,10,23.2,19.878473
50493,11,23.7,20.149914
50493,12,23.5,20.19492
50493,13,22.8,20.185871
50493,14,21.7,20.140377
50493,15,20.6,19.624693
50493,16,19.5,19.239279
50493,17,18.9,18.737495
50493,18,17.7,18.081177
50493,19,17.0,17.481764
50493,20,16.6,17.263857
50493,21,16.4,16.666794
50493,22,16.0,16.454346
50493,23,15.7,15.836635
50493,24,15.3,15.668213
50858,1,20.6,19.11582
50858,2,20.3,18.639837
50858,3,20.3,18.087984
50858,4,20.2,17.42815
50858,5,19.5,16.915411
50858,6,19.4,16.699413
50858,7,19.5,16.443356
50858,8,19.6,16.259914
50858,9,19.7,16.265562
50858,10,19.7,16.364365
50858,11,20.0,16.600147
50858,12,20.4,16.8801
50858,13,20.8,17.673853
50858,14,20.4,18.107988
50858,15,21.0,18.709557
50858,16,21.2,19.302382
50858,17,21.6,19.933039
50858,18,21.1,20.17581
50858,19,21.6,20.44441
50858,20,22.1,20.937706
50858,21,21.8,20.929157
50858,22,21.6,20.875298
50858,23,21.4,20.251009
50858,24,21.2,19.757471
50910,1,15.7,17.620079
50910,2,15.1,17.894047
50910,3,15.7,18.44532
50910,4,16.6,18.992949
50910,5,18.3,19.218811
50910,6,19.7,19.865067
50910,7,20.2,19.936037
50910,8,20.2,20.043339
50910,9,19.0,20.154604
50910,10,18.0,19.98465
50910,11,17.3,19.764029
50910,12,16.4,19.378172
50910,13,15.5,19.214424
50910,14,12.0,18.861353
50910,15,11.5,18.308537
50910,16,11.4,17.911623
50910,17,11.3,17.50034
50910,18,11.2,17.146528
50910,19,11.1,16.830856
50910,20,11.0,16.761635
50910,21,10.7,16.832542
50910,22,10.6,17.054142
50910,23,10.5,16.819511
50910,24,10.5,17.047558
51031,1,25.5,18.42973
51031,2,26.3,18.902342
51031,3,26.8,19.592707
51031,4,26.8,20.297182
51031,5,26.5,20.48517
51031,6,26.1,20.94938
51031,7,25.6,20.631115
51031,8,24.8,20.47023
51031,9,24.0,20.010517
51031,10,23.7,19.617655
51031,11,23.6,18.92835
51031,12,23.4,18.11012
51031,13,23.2,17.615477
51031,14,23.0,16.91516
51031,15,22.8,16.22942
51031,16,22.6,15.716862
51031,17,22.4,15.382698
51031,18,22.1,15.170911
51031,19,22.0,15.146902
51031,20,22.0,15.19726
51031,21,21.8,15.718426
51031,22,21.7,16.269186
51031,23,22.8,16.712225
51031,24,24.4,17.341125
51705,1,27.6,23.718126
51705,2,26.9,23.164614
51705,3,25.9,22.510414
51705,4,25.1,21.586163
51705,5,24.8,20.824532
51705,6,24.6,20.199804
51705,7,24.5,19.725994
51705,8,24.4,19.261082
51705,9,24.5,18.906532
51705,10,24.4,18.604408
51705,11,24.2,18.647121
51705,12,23.8,18.80706
51705,13,23.1,19.49812
51705,14,22.8,19.918774
51705,15,22.9,20.640333
51705,16,23.8,21.463137
51705,17,25.5,22.306164
51705,18,25.5,22.906395
51705,19,26.2,23.534143
51705,20,26.8,24.42394
51705,21,27.2,24.73134
51705,22,27.4,25.032093
51705,23,27.7,24.58375
51705,24,27.6,24.193691
51859,1,26.6,21.416813
51859,2,26.7,20.723944
51859,3,26.5,20.399633
51859,4,26.3,20.046925
51859,5,25.9,19.903976
51859,6,25.6,20.094152
51859,7,25.3,20.466093
51859,8,25.1,20.839308
51859,9,25.0,21.383572
51859,10,26.2,22.05608
51859,11,28.4,22.71542
51859,12,30.4,23.243393
51859,13,32.2,24.2455
51859,14,33.3,24.716438
51859,15,33.0,25.192236
51859,16,32.3,25.550665
51859,17,31.6,25.69148
51859,18,30.0,25.549458
51859,19,29.2,25.260433
51859,20,29.6,25.175335
51859,21,28.2,24.55151
51859,22,27.8,24.032467
51859,23,26.1,23.009596
51859,24,26.0,22.123945
51974,1,27.4,21.644146
51974,2,27.6,21.658136
51974,3,28.2,21.950644
51974,4,29.0,22.24063
51974,5,28.9,22.296509
51974,6,28.9,22.798306
51974,7,29.0,23.065002
51974,8,28.7,23.232563
51974,9,28.7,23.515926
51974,10,28.8,23.445108
51974,11,28.5,23.460562
51974,12,28.0,23.304441
51974,13,27.5,23.478376
51974,14,27.1,23.370205
51974,15,27.1,23.068121
51974,16,27.0,22.938374
51974,17,26.8,22.715847
51974,18,26.7,22.411648
51974,19,26.6,22.163826
51974,20,26.4,22.294247
51974,21,26.6,22.038956
51974,22,26.8,22.205753
51974,23,26.8,21.613419
51974,24,26.9,21.447716
52068,1,28.5,21.670229
52068,2,28.2,20.935135
52068,3,27.8,20.753698
52068,4,27.5,20.6267
52068,5,27.4,20.749949
52068,6,27.3,21.144726
52068,7,28.3,21.923544
52068,8,29.2,22.652782
52068,9,29.8,23.454615
52068,10,30.2,24.39312
52068,11,30.7,25.268278
52068,12,31.0,25.950335
52068,13,31.2,26.931812
52068,14,31.3,27.392721
52068,15,31.1,27.745123
52068,16,30.6,27.903027
52068,17,30.2,27.72438
52068,18,29.7,27.358587
52068,19,29.2,26.758986
52068,20,29.0,26.313358
52068,21,28.8,25.3577
52068,22,28.7,24.585648
52068,23,27.6,23.424334
52068,24,26.9,22.382559
52604,1,25.4,21.774055
52604,2,25.3,21.356293
52604,3,25.3,21.318657
52604,4,25.0,21.358282
52604,5,24.8,21.475979
52604,6,24.9,21.944689
52604,7,25.5,22.620134
52604,8,29.4,23.186188
52604,9,30.3,23.847675
52604,10,31.4,24.399607
52604,11,31.5,25.000036
52604,12,29.5,25.38285
52604,13,29.6,26.083544
52604,14,30.5,26.372885
52604,15,30.2,26.449516
52604,16,30.4,26.509363
52604,17,25.8,26.332308
52604,18,25.6,25.908096
52604,19,25.8,25.42132
52604,20,25.4,25.254292
52604,21,25.3,24.441666
52604,22,25.3,24.028625
52604,23,25.4,22.983698
52604,24,25.4,22.229387
53477,1,21.9,17.1744
53477,2,21.8,17.379147
53477,3,21.2,17.810043
53477,4,21.6,18.323124
53477,5,22.4,18.666683
53477,6,23.7,19.384811
53477,7,24.8,19.822601
53477,8,25.6,20.174099
53477,9,25.8,20.604696
53477,10,26.1,20.64047
53477,11,25.8,20.743937
53477,12,25.8,20.630745
53477,13,25.6,20.608044
53477,14,24.9,20.46039
53477,15,23.8,19.950085
53477,16,23.5,19.590944
53477,17,22.9,19.093605
53477,18,22.3,18.58359
53477,19,21.1,18.08032
53477,20,19.9,17.929712
53477,21,18.8,17.575127
53477,22,17.4,17.547836
53477,23,16.6,17.001741
53477,24,15.7,16.94829
53576,1,25.3,19.645863
53576,2,25.1,19.707243
53576,3,25.5,19.927164
53576,4,25.2,19.740112
53576,5,24.3,19.474304
53576,6,23.9,19.047827
53576,7,24.3,18.364481
53576,8,24.3,17.717695
53576,9,24.2,16.885633
53576,10,24.2,16.14452
53576,11,24.0,15.462467
53576,12,23.8,14.868591
53576,13,24.0,14.496667
53576,14,23.9,14.114445
53576,15,23.6,14.045015
53576,16,23.5,14.160143
53576,17,23.4,14.274516
53576,18,23.4,14.855661
53576,19,24.0,15.392975
53576,20,24.5,15.948947
53576,21,25.3,16.918377
53576,22,24.8,17.644783
53576,23,24.6,18.244244
53576,24,24.3,18.793905
53580,1,24.0,16.912508
53580,2,23.9,16.581524
53580,3,23.6,16.442673
53580,4,23.5,16.381975
53580,5,23.4,16.449366
53580,6,23.4,16.841843
53580,7,24.0,17.21245
53580,8,24.5,17.613543
53580,9,25.3,18.11418
53580,10,24.8,18.629543
53580,11,24.6,19.17238
53580,12,24.3,19.512064
53580,13,25.4,20.172705
53580,14,24.7,20.479126
53580,15,25.1,20.619184
53580,16,24.8,20.747524
53580,17,23.6,20.704182
53580,18,23.3,20.372227
53580,19,23.4,19.958004
53580,20,23.1,19.82522
53580,21,22.5,19.283615
53580,22,22.6,18.831825
53580,23,22.4,17.990728
53580,24,21.9,17.416155
53669,1,12.9,13.07624
53669,2,12.4,12.641398
53669,3,12.1,12.639937
53669,4,12.1,12.852413
53669,5,12.9,13.330843
53669,6,16.4,13.950043
53669,7,20.3,14.889755
53669,8,22.0,15.862029
53669,9,23.0,16.733461
53669,10,24.0,17.740137
53669,11,24.3,18.677143
53669,12,24.2,19.394665
53669,13,23.7,19.988935
53669,14,22.7,20.32039
53669,15,21.6,20.39153
53669,16,20.6,20.221954
53669,17,19.7,19.704155
53669,18,18.9,19.119232
53669,19,18.3,18.226158
53669,20,17.9,17.39277
53669,21,17.7,16.434437
53669,22,17.7,15.435654
53669,23,17.6,14.499804
53669,24,17.6,13.69299
53743,1,22.1,17.110575
53743,2,22.6,17.35566
53743,3,23.3,17.835966
53743,4,23.2,18.254307
53743,5,22.9,18.336256
53743,6,23.0,18.798058
53743,7,22.5,18.573565
53743,8,22.1,18.485405
53743,9,21.6,18.35277
53743,10,21.1,18.089304
53743,11,21.2,17.721127
53743,12,21.5,17.264032
53743,13,21.6,17.070612
53743,14,21.5,16.681639
53743,15,21.0,16.252243
53743,16,20.8,15.943147
53743,17,20.9,15.694621
53743,18,20.2,15.542351
53743,19,20.1,15.4233885
53743,20,20.0,15.438659
53743,21,20.5,15.8072605
53743,22,20.7,16.116377
53743,23,20.9,16.11435
53743,24,21.6,16.463385
53768,1,21.9,19.476652
53768,2,20.3,19.492073
53768,3,19.2,19.673777
53768,4,17.8,19.541134
53768,5,16.7,19.279467
53768,6,15.3,19.07279
53768,7,14.2,18.52134
53768,8,13.8,18.048632
53768,9,13.3,17.476269
53768,10,12.3,16.88284
53768,11,10.8,16.388857
53768,12,9.9,15.947221
53768,13,8.8,15.7588
53768,14,8.2,15.48709
53768,15,7.8,15.430744
53768,16,7.5,15.534393
53768,17,7.2,15.647092
53768,18,6.9,16.05619
53768,19,6.1,16.4212
53768,20,6.6,16.871273
53768,21,8.8,17.6379
53768,22,11.7,18.204002
53768,23,13.9,18.465776
53768,24,15.8,18.847948
54776,1,30.5,25.228075
54776,2,29.4,25.007772
54776,3,29.2,24.861595
54776,4,28.9,24.361
54776,5,28.5,23.804539
54776,6,27.9,23.291239
54776,7,27.9,22.729382
54776,8,27.6,22.141296
54776,9,27.6,21.504326
54776,10,27.6,20.827124
54776,11,27.5,20.423704
54776,12,27.3,20.093271
54776,13,27.2,20.207684
54776,14,27.1,20.164991
54776,15,26.9,20.402878
54776,16,26.8,20.869957
54776,17,26.7,21.34314
54776,18,26.8,21.929634
54776,19,27.9,22.561249
54776,20,28.5,23.420856
54776,21,29.0,24.068388
54776,22,28.9,24.761368
54776,23,29.4,24.793604
54776,24,29.7,24.900469
55011,1,26.4,22.366182
55011,2,26.6,21.630625
55011,3,26.3,21.305252
55011,4,26.3,20.895658
55011,5,25.8,20.70656
55011,6,26.1,20.84126
55011,7,26.6,21.182188
55011,8,26.4,21.493053
55011,9,26.6,22.035067
55011,10,28.8,22.664934
55011,11,29.7,23.308441
55011,12,30.8,23.83119
55011,13,31.8,24.838898
55011,14,32.2,25.315737
55011,15,32.0,25.825644
55011,16,30.1,26.234255
55011,17,31.1,26.377638
55011,18,30.8,26.313606
55011,19,30.3,26.069273
55011,20,30.8,26.03804
55011,21,30.7,25.444841
55011,22,25.5,24.965134
55011,23,25.5,23.948637
55011,24,25.8,23.046446
55404,1,11.7,4.256477
55404,2,11.4,2.9096985
55404,3,10.7,2.1156735
55404,4,9.7,2.4501789
55404,5,8.7,1.5259929
55404,6,9.4,1.7312719
55404,7,9.2,1.5687087
55404,8,8.5,1.8040235
55404,9,7.9,2.158814
55404,10,7.3,3.3278496
55404,11,10.4,3.8861113
55404,12,11.7,4.6555295
55404,13,12.9,6.186904
55404,14,14.4,7.690112
55404,15,15.5,7.8825517
55404,16,15.9,8.672811
55404,17,15.9,9.165488
55404,18,15.2,9.670974
55404,19,13.9,9.375221
55404,20,12.9,8.60803
55404,21,12.2,7.942915
55404,22,12.2,7.321412
55404,23,12.4,6.358436
55404,24,12.5,5.3907957
56254,1,11.8,4.1308436
56254,2,10.6,4.4018455
56254,3,8.9,4.9904265
56254,4,7.7,5.5947113
56254,5,11.1,6.2731085
56254,6,11.2,6.9680066
56254,7,11.6,8.116672
56254,8,11.9,8.716941
56254,9,12.1,9.691717
56254,10,12.0,9.825344
56254,11,12.2,10.211199
56254,12,12.2,10.501159
56254,13,11.6,10.172212
56254,14,9.6,9.996506
56254,15,6.6,9.370105
56254,16,4.2,8.825896
56254,17,4.0,7.7682977
56254,18,2.9,7.336849
56254,19,2.4,6.4570656
56254,20,1.3,5.959868
56254,21,0.7,5.1797724
56254,22,0.5,4.8666205
56254,23,0.7,4.327953
56254,24,0.8,4.0717077
56399,1,4.8,2.9031425
56399,2,4.9,3.7647846
56399,3,6.5,4.633779
56399,4,7.4,5.469044
56399,5,8.8,6.2430263
56399,6,10.4,6.914808
56399,7,10.5,7.895885
56399,8,10.2,8.235979
56399,9,10.2,8.631996
56399,10,10.3,8.417642
56399,11,10.6,8.086583
56399,12,10.1,7.7111936
56399,13,9.2,7.0529366
56399,14,7.7,6.12718
56399,15,7.4,5.2507725
56399,16,6.8,4.3173695
56399,17,6.8,3.4835837
56399,18,7.0,2.8607004
56399,19,6.9,2.2811143
56399,20,6.6,2.1536136
56399,21,6.2,1.7240841
56399,22,6.0,2.0116596
56399,23,5.7,2.0979302
56399,24,4.9,2.32146
56904,1,19.4,19.857344
56904,2,20.5,20.402723
56904,3,21.4,21.337168
56904,4,21.8,22.045738
56904,5,22.3,22.258373
56904,6,22.0,22.319475
56904,7,21.6,21.686771
56904,8,21.4,21.188036
56904,9,20.8,20.033682
56904,10,19.2,19.344599
56904,11,17.2,18.121347
56904,12,16.7,16.782652
56904,13,16.1,15.90975
56904,14,15.1,14.814743
56904,15,14.1,14.0102005
56904,16,13.6,13.421402
56904,17,13.1,13.073056
56904,18,12.6,13.145007
56904,19,11.9,13.474793
56904,20,11.9,13.693717
56904,21,13.4,14.73524
56904,22,15.6,15.744533
56904,23,18.4,16.966494
56904,24,20.8,18.049538
56908,1,16.1,15.854382
56908,2,15.1,13.840986
56908,3,14.1,12.900838
56908,4,13.6,11.839735
56908,5,13.1,11.586557
56908,6,12.6,11.485122
56908,7,11.9,11.814828
56908,8,11.9,12.738586
56908,9,13.4,13.575464
56908,10,15.6,15.983323
56908,11,18.4,17.517807
56908,12,20.8,19.206814
56908,13,22.8,21.449898
56908,14,24.0,22.515457
56908,15,25.0,24.306469
56908,16,25.6,24.96049
56908,17,24.8,25.370354
56908,18,23.0,25.53184
56908,19,22.0,24.9316
56908,20,21.3,23.46521
56908,21,20.3,22.697725
56908,22,19.6,20.65741
56908,23,20.0,19.423525
56908,24,19.1,17.576324
57090,1,23.6,21.447203
57090,2,23.4,20.82887
57090,3,23.1,19.961697
57090,4,22.9,18.864452
57090,5,22.6,18.103395
57090,6,22.1,17.37967
57090,7,22.0,16.92831
57090,8,22.3,16.511486
57090,9,22.3,16.192396
57090,10,22.2,16.03734
57090,11,22.1,16.246962
57090,12,22.1,16.57953
57090,13,22.1,17.389631
57090,14,22.2,17.992174
57090,15,23.2,18.882256
57090,16,24.4,19.820782
57090,17,26.5,20.782516
57090,18,28.3,21.372932
57090,19,29.7,22.022362
57090,20,30.9,22.910938
57090,21,31.4,23.104744
57090,22,30.5,23.222908
57090,23,30.7,22.725409
57090,24,31.1,22.2234
57447,1,18.0,20.804756
57447,2,19.7,21.187544
57447,3,21.5,21.906647
57447,4,23.0,22.66206
57447,5,24.2,22.97592
57447,6,25.1,23.726816
57447,7,25.7,23.830023
57447,8,25.5,23.9974
57447,9,25.4,23.96763
57447,10,25.2,23.689535
57447,11,25.0,23.345522
57447,12,23.7,22.73312
57447,13,21.7,22.448126
57447,14,20.8,21.94225
57447,15,20.3,21.16952
57447,16,19.3,20.644365
57447,17,19.0,20.158375
57447,18,18.7,19.656725
57447,19,18.2,19.311918
57447,20,17.9,19.273714
57447,21,17.4,19.376476
57447,22,17.0,19.768425
57447,23,16.5,19.583887
57447,24,17.5,19.957842
57509,1,20.2,17.172962
57509,2,19.8,16.193747
57509,3,19.4,16.305124
57509,4,18.8,16.654993
57509,5,18.4,17.412794
57509,6,19.4,18.299616
57509,7,21.4,19.930092
57509,8,23.4,21.603176
57509,9,26.8,22.989624
57509,10,29.4,24.795805
57509,11,31.1,26.278841
57509,12,32.5,27.472586
57509,13,33.3,28.521606
57509,14,33.2,28.988708
57509,15,32.4,29.21417
57509,16,31.4,28.876097
57509,17,30.1,27.983168
57509,18,28.8,27.117111
57509,19,27.4,25.68702
57509,20,26.6,24.07179
57509,21,26.2,22.488314
57509,22,25.5,20.86398
57509,23,24.7,19.413137
57509,24,23.9,18.000294
57587,1,20.6,21.969688
57587,2,20.3,20.687643
57587,3,20.0,19.555828
57587,4,19.8,18.217922
57587,5,19.7,17.427908
57587,6,19.1,16.734083
57587,7,18.7,16.384172
57587,8,18.6,16.312193
57587,9,18.6,16.338787
57587,10,18.8,17.130583
57587,11,18.8,17.868889
57587,12,19.2,18.77837
57587,13,19.7,20.302502
57587,14,19.7,21.223387
57587,15,20.4,22.690641
57587,16,22.4,23.771261
57587,17,22.7,24.777636
57587,18,22.3,25.38756
57587,19,22.4,25.765093
57587,20,22.3,25.97819
57587,21,22.3,25.875166
57587,22,21.8,25.19403
57587,23,21.0,24.404972
57587,24,20.5,23.282473
57655,1,17.8,17.228748
57655,2,19.1,18.220163
57655,3,21.6,19.328442
57655,4,23.8,20.929958
57655,5,25.5,21.825214
57655,6,26.5,23.175335
57655,7,27.1,23.951675
57655,8,26.9,24.656982
57655,9,26.4,24.908432
57655,10,26.4,24.751852
57655,11,25.9,24.327372
57655,12,25.1,23.646696
57655,13,24.3,22.838758
57655,14,22.9,22.028778
57655,15,22.0,20.60934
57655,16,21.2,19.343315
57655,17,20.8,18.353237
57655,18,20.4,17.156698
57655,19,20.1,16.433702
57655,20,19.7,15.961627
57655,21,19.1,15.487983
57655,22,18.7,15.803307
57655,23,18.2,15.696089
57655,24,18.0,16.212679
58257,1,3.6,7.3729897
58257,2,3.2,7.442371
58257,3,4.2,7.5467134
58257,4,4.4,7.299574
58257,5,3.9,7.147542
58257,6,3.5,6.6838384
58257,7,3.6,6.225169
58257,8,3.9,5.6960106
58257,9,3.7,5.0808372
58257,10,3.4,4.5729866
58257,11,2.9,4.1005077
58257,12,2.5,3.7138283
58257,13,2.6,3.3797572
58257,14,2.5,3.089118
58257,15,2.6,3.0971
58257,16,2.5,3.237136
58257,17,2.6,3.3097742
58257,18,2.5,3.835456
58257,19,2.2,4.2356954
58257,20,3.4,4.670694
58257,21,4.2,5.3755794
58257,22,5.2,5.84686
58257,23,6.3,6.4625397
58257,24,7.4,6.877103
58280,1,7.6,6.5288787
58280,2,9.1,6.8596506
58280,3,9.5,7.3988705
58280,4,9.6,7.7506323
58280,5,10.1,7.91654
58280,6,9.7,8.101455
58280,7,9.3,7.802291
58280,8,7.9,7.518979
58280,9,7.6,7.235703
58280,10,7.0,6.9619617
58280,11,6.9,6.4355655
58280,12,6.6,5.914395
58280,13,6.2,5.4455905
58280,14,5.6,4.882198
58280,15,4.4,4.4832277
58280,16,4.5,4.1387687
58280,17,4.2,3.7793217
58280,18,3.8,3.8740826
58280,19,3.4,3.852428
58280,20,2.8,3.8153589
58280,21,1.8,4.3596306
58280,22,1.3,4.6717453
58280,23,2.5,5.2310605
58280,24,3.7,5.749177
58338,1,10.6,9.514897
58338,2,10.0,9.453709
58338,3,9.4,9.049862
58338,4,8.8,8.495188
58338,5,8.6,8.106732
58338,6,8.4,7.6998625
58338,7,7.9,7.2467256
58338,8,7.1,6.872717
58338,9,7.1,6.561051
58338,10,7.8,6.120765
58338,11,7.9,6.122709
58338,12,7.8,6.2115116
58338,13,7.6,6.262693
58338,14,7.4,6.4710345
58338,15,7.5,6.8039784
58338,16,7.2,7.2792163
58338,17,7.5,7.7116566
58338,18,8.0,8.156542
58338,19,8.5,8.527039
58338,20,9.1,9.122479
58338,21,9.4,9.598441
58338,22,10.1,9.763568
58338,23,11.0,9.734426
58338,24,11.0,9.79076
58607,1,1.0,1.5934559
58607,2,1.3,2.1025221
58607,3,2.8,2.3954837
58607,4,3.4,2.4310596
58607,5,4.9,2.9772136
58607,6,5.2,3.2019343
58607,7,7.4,3.744355
58607,8,8.0,4.014497
58607,9,8.4,4.1645055
58607,10,6.0,4.094128
58607,11,3.9,4.2064037
58607,12,1.9,4.178384
58607,13,2.0,3.9532585
58607,14,0.6,3.3238077
58607,15,-0.5,3.160779
58607,16,-1.6,2.768759
58607,17,-2.7,2.4496305
58607,18,-3.2,2.0845985
58607,19,-2.8,1.6168565
58607,20,-3.4,1.6403178
58607,21,-4.0,1.6419723
58607,22,-4.5,1.5170423
58607,23,-5.1,1.5078675
58607,24,-5.5,1.5807331
58770,1,8.4,1.1564876
58770,2,6.9,0.92116237
58770,3,5.9,0.53413254
58770,4,6.2,0.7450148
58770,5,6.9,0.16323866
58770,6,7.5,-0.15361592
58770,7,6.8,-0.33725306
58770,8,6.6,-0.62358177
58770,9,6.3,-1.0650257
58770,10,6.6,-1.2089182
58770,11,6.4,-1.5122665
58770,12,6.0,-1.5630431
58770,13,4.8,-1.2861795
58770,14,4.4,-0.8171299
58770,15,4.7,-1.0000601
58770,16,4.6,-0.58829725
58770,17,5.1,-0.124455124
58770,18,4.2,0.4214874
58770,19,3.5,0.73843366
58770,20,3.2,1.0032954
58770,21,2.9,1.0178707
58770,22,2.6,1.4561765
58770,23,2.3,1.52729
58770,24,1.5,1.4778764
59956,1,28.6,18.016655
59956,2,28.3,16.349276
59956,3,27.8,15.554605
59956,4,26.6,14.545923
59956,5,26.0,14.238692
59956,6,25.0,14.105397
59956,7,24.4,14.288568
59956,8,24.2,14.892648
59956,9,24.9,15.541352
59956,10,26.4,17.335241
59956,11,26.8,18.548569
59956,12,27.8,19.823399
59956,13,29.3,21.733105
59956,14,31.9,22.652353
59956,15,33.7,24.122473
59956,16,33.4,24.804651
59956,17,33.7,25.2311
59956,18,30.6,25.417068
59956,19,30.8,25.026772
59956,20,26.9,24.117943
59956,21,26.8,23.537537
59956,22,28.5,22.047226
59956,23,27.5,20.905897
59956,24,26.8,19.404816
60622,1,12.8,12.692531
60622,2,11.6,10.39331
60622,3,10.6,8.873364
60622,4,9.4,8.04764
60622,5,8.2,7.054787
60622,6,7.9,6.776006
60622,7,7.5,6.659397
60622,8,4.7,7.3438797
60622,9,4.0,7.951475
60622,10,4.7,10.395755
60622,11,7.2,11.783384
60622,12,10.3,13.696711
60622,13,13.8,16.247501
60622,14,16.4,17.996458
60622,15,18.1,19.811802
60622,16,19.0,20.876175
60622,17,19.8,21.854313
60622,18,19.4,22.517878
60622,19,17.2,22.27066
60622,20,15.7,20.812386
60622,21,14.8,20.02779
60622,22,14.4,18.103462
60622,23,13.8,16.886585
60622,24,13.1,14.8890085
60643,1,25.9,21.934622
60643,2,26.6,21.956985
60643,3,26.0,22.602995
60643,4,22.5,22.077332
60643,5,21.9,21.704315
60643,6,21.4,19.977932
60643,7,20.7,18.640999
60643,8,19.8,16.961912
60643,9,19.2,14.671302
60643,10,18.7,13.2965145
60643,11,18.2,11.344908
60643,12,17.8,9.685719
60643,13,16.8,8.517589
60643,14,15.5,7.310368
60643,15,14.4,7.2851076
60643,16,13.5,7.438948
60643,17,11.0,7.5790668
60643,18,10.4,9.142163
60643,19,10.8,10.805725
60643,20,13.4,11.977314
60643,21,16.2,13.924793
60643,22,19.3,15.761448
60643,23,22.2,18.286278
60643,24,24.2,19.596863
60692,1,21.0,20.09034
60692,2,19.5,19.515192
60692,3,19.0,18.775223
60692,4,18.0,17.277088
60692,5,17.1,16.029266
60692,6,15.9,13.890273
60692,7,14.8,12.828067
60692,8,14.7,11.071077
60692,9,14.5,9.833377
60692,10,14.6,8.598206
60692,11,13.2,7.544097
60692,12,12.2,7.246379
60692,13,11.6,6.9305663
60692,14,12.2,7.326565
60692,15,11.2,8.250184
60692,16,10.7,9.4809265
60692,17,12.2,10.440178
60692,18,14.2,12.433632
60692,19,15.9,14.584121
60692,20,17.3,16.408796
60692,21,18.3,17.20189
60692,22,18.9,18.585606
60692,23,19.3,19.786043
60692,24,19.1,19.86755
60801,1,6.3,9.559957
60801,2,8.9,11.083087
60801,3,12.2,12.765741
60801,4,15.6,14.836293
60801,5,18.2,16.43333
60801,6,20.0,17.794573
60801,7,20.3,20.18041
60801,8,20.4,21.042017
60801,9,19.3,22.204473
60801,10,17.8,21.864138
60801,11,17.4,21.358927
60801,12,15.9,20.869045
60801,13,16.2,19.318985
60801,14,15.9,18.17244
60801,15,15.9,16.067755
60801,16,14.7,14.214651
60801,17,14.5,12.130969
60801,18,14.4,10.91372
60801,19,14.2,9.811301
60801,20,13.3,9.292697
60801,21,12.2,7.6214094
60801,22,11.8,8.155403
60801,23,13.4,8.160128
60801,24,13.1,8.3747015
60990,1,9.6,10.151219
60990,2,8.8,7.534417
60990,3,7.9,6.102961
60990,4,7.0,5.68243
60990,5,6.5,4.2946105
60990,6,5.8,4.2077675
60990,7,5.2,3.912076
60990,8,4.9,4.3412523
60990,9,4.5,5.2185245
60990,10,4.9,7.657789
60990,11,6.7,8.843732
60990,12,9.2,10.7610235
60990,13,12.1,13.439893
60990,14,14.5,15.704214
60990,15,16.1,17.180204
60990,16,17.4,18.392347
60990,17,18.2,19.223427
60990,18,18.4,20.266165
60990,19,18.0,20.046244
60990,20,15.8,18.374353
60990,21,14.8,17.441296
60990,22,14.1,15.732211
60990,23,13.5,14.300482
60990,24,12.5,12.266451
61044,1,25.0,22.02671
61044,2,22.2,21.332918
61044,3,21.0,20.28767
61044,4,20.2,18.529667
61044,5,18.5,17.191086
61044,6,17.6,14.850255
61044,7,16.7,13.739922
61044,8,15.9,12.06797
61044,9,15.0,10.630312
61044,10,14.4,9.432114
61044,11,13.6,8.577751
61044,12,12.6,8.43631
61044,13,11.3,8.337038
61044,14,10.6,8.870867
61044,15,9.8,10.030187
61044,16,10.4,11.4672
61044,17,12.2,12.722906
61044,18,15.2,14.752332
61044,19,18.3,16.92877
61044,20,20.8,18.851763
61044,21,22.4,19.740774
61044,22,23.2,21.002934
61044,23,23.8,22.096687
61044,24,24.3,22.08233
61094,1,11.0,13.578834
61094,2,10.5,12.009314
61094,3,10.6,10.907096
61094,4,10.0,9.939467
61094,5,9.1,9.492678
61094,6,8.6,9.300565
61094,7,8.3,9.342603
61094,8,8.3,10.035876
61094,9,8.0,10.537324
61094,10,8.3,12.472613
61094,11,10.5,13.66125
61094,12,13.7,15.170033
61094,13,16.5,17.070797
61094,14,18.2,18.034004
61094,15,19.5,19.717892
61094,16,20.0,20.340092
61094,17,20.0,21.092258
61094,18,19.8,21.28246
61094,19,19.3,21.052773
61094,20,16.6,20.00019
61094,21,15.5,19.47286
61094,22,15.2,17.798187
61094,23,14.7,16.856817
61094,24,14.2,15.317671
61109,1,17.9,16.008644
61109,2,17.1,15.035874
61109,3,16.0,13.440736
61109,4,15.1,12.104123
61109,5,13.9,10.880958
61109,6,13.0,9.777979
61109,7,12.2,9.068717
61109,8,11.7,8.660252
61109,9,11.1,8.24871
61109,10,10.0,8.544463
61109,11,9.5,8.941745
61109,12,9.1,9.892664
61109,13,9.3,11.047768
61109,14,11.6,12.145753
61109,15,13.6,13.6524
61109,16,15.5,14.911952
61109,17,17.1,16.434635
61109,18,18.6,17.413988
61109,19,19.8,18.391588
61109,20,20.6,19.053677
61109,21,20.7,19.162659
61109,22,20.4,18.83406
61109,23,19.5,18.50865
61109,24,18.0,17.593983
61216,1,13.3,9.144229
61216,2,13.1,9.590008
61216,3,11.6,10.665329
61216,4,13.1,12.283286
61216,5,15.9,13.914097
61216,6,19.2,15.430496
61216,7,22.3,18.44008
61216,8,24.0,20.338795
61216,9,25.1,22.309986
61216,10,25.8,23.1931
61216,11,26.2,24.13562
61216,12,26.2,24.906694
61216,13,25.5,24.483145
61216,14,24.2,24.199665
61216,15,22.1,22.896265
61216,16,21.4,21.462955
61216,17,19.8,19.401726
61216,18,19.7,17.96338
61216,19,19.1,16.075455
61216,20,17.6,14.612249
61216,21,16.3,12.221806
61216,22,15.3,11.356036
61216,23,14.4,10.133758
61216,24,14.0,9.226433
61332,1,10.6,16.845558
61332,2,10.9,16.224255
61332,3,10.8,14.9777975
61332,4,10.4,13.529245
61332,5,9.8,12.317455
61332,6,8.9,10.729576
61332,7,8.4,9.94513
61332,8,7.7,8.905351
61332,9,7.4,8.135838
61332,10,7.0,7.445538
61332,11,6.8,7.228061
61332,12,6.9,7.597252
61332,13,6.6,7.9511867
61332,14,7.5,8.792964
61332,15,6.6,9.903228
61332,16,8.6,11.206618
61332,17,10.4,12.481519
61332,18,12.0,13.887289
61332,19,13.5,15.38167
61332,20,14.6,16.811806
61332,21,16.0,17.224213
61332,22,16.9,17.808754
61332,23,17.3,18.038353
61332,24,17.5,17.67202
62357,1,33.0,31.368567
62357,2,32.3,29.999304
62357,3,31.8,28.39913
62357,4,31.4,26.840826
62357,5,31.0,25.799139
62357,6,30.6,24.815226
62357,7,30.3,24.81817
62357,8,29.2,24.795961
62357,9,28.7,24.627075
62357,10,28.8,25.26886
62357,11,30.1,26.18942
62357,12,31.0,27.293732
62357,13,32.0,29.356981
62357,14,33.4,30.50391
62357,15,35.2,32.03747
62357,16,36.2,33.455647
62357,17,37.6,34.96498
62357,18,38.5,35.70478
62357,19,39.4,36.022636
62357,20,40.3,36.685482
62357,21,39.6,36.398045
62357,22,39.3,35.90021
62357,23,37.9,34.61889
62357,24,34.6,33.14943
62872,1,25.8,19.019224
62872,2,25.8,18.994041
62872,3,26.0,19.642334
62872,4,27.5,20.904758
62872,5,30.0,22.075228
62872,6,32.5,23.516201
62872,7,34.5,25.545042
62872,8,36.1,27.386572
62872,9,37.2,28.76254
62872,10,37.9,29.901646
62872,11,38.2,30.923588
62872,12,38.1,31.592506
62872,13,37.6,31.738377
62872,14,36.6,31.729988
62872,15,35.6,30.974537
62872,16,34.8,29.959686
62872,17,33.8,28.637144
62872,18,33.2,27.180634
62872,19,32.7,25.644058
62872,20,32.0,24.231276
62872,21,31.3,22.43611
62872,22,29.8,21.39862
62872,23,28.5,20.101757
62872,24,27.9,19.241245
62925,1,29.4,25.350725
62925,2,28.4,23.201012
62925,3,27.5,21.31662
62925,4,26.6,19.325392
62925,5,26.0,18.114603
62925,6,25.1,16.94721
62925,7,24.2,16.366756
62925,8,23.6,16.43582
62925,9,22.7,16.426765
62925,10,22.0,18.099438
62925,11,21.3,19.355894
62925,12,21.4,21.026888
62925,13,23.0,23.440634
62925,14,25.7,24.872362
62925,15,28.5,27.375328
62925,16,30.9,28.960878
62925,17,32.8,30.539557
62925,18,34.1,31.559126
62925,19,34.5,32.086575
62925,20,34.5,31.89423
62925,21,34.3,31.74034
62925,22,34.7,30.278965
62925,23,33.8,29.382332
62925,24,32.8,27.513342
63294,1,21.3,18.948477
63294,2,19.5,17.00507
63294,3,18.2,15.793687
63294,4,17.4,14.62885
63294,5,17.2,14.225055
63294,6,16.3,13.9367
63294,7,15.9,14.210938
63294,8,15.0,15.104676
63294,9,14.2,15.761031
63294,10,15.5,18.010614
63294,11,17.9,19.522793
63294,12,20.7,21.3051
63294,13,23.3,23.508995
63294,14,25.3,24.691545
63294,15,27.1,26.595207
63294,16,26.5,27.356318
63294,17,22.9,28.042559
63294,18,23.1,28.269855
63294,19,22.9,27.90756
63294,20,22.6,26.668217
63294,21,22.9,25.906502
63294,22,20.4,23.94933
63294,23,20.1,22.747448
63294,24,19.6,20.873783
63299,1,26.5,24.990707
63299,2,22.9,25.136475
63299,3,23.1,25.926395
63299,4,22.9,25.75583
63299,5,22.6,25.540455
63299,6,22.9,24.318281
63299,7,20.4,23.080538
63299,8,20.1,21.714113
63299,9,19.6,19.618006
63299,10,20.3,18.306995
63299,11,20.4,16.548468
63299,12,20.0,14.905123
63299,13,19.6,13.790371
63299,14,18.7,12.594778
63299,15,17.5,12.279164
63299,16,17.1,12.24545
63299,17,17.3,12.212919
63299,18,16.8,13.411217
63299,19,17.1,14.648838
63299,20,17.9,15.552911
63299,21,19.1,17.45979
63299,22,20.3,19.127075
63299,23,21.4,21.260378
63299,24,21.8,22.623466
63674,1,15.9,11.514002
63674,2,17.2,12.081794
63674,3,17.6,12.949477
63674,4,17.5,13.738213
63674,5,18.7,14.070076
63674,6,18.8,14.505025
63674,7,17.9,14.151009
63674,8,16.7,13.877999
63674,9,16.2,13.401037
63674,10,15.8,13.15649
63674,11,15.7,12.249841
63674,12,15.1,11.373058
63674,13,14.8,10.7011175
63674,14,14.5,9.799699
63674,15,14.5,9.089405
63674,16,13.4,8.35359
63674,17,13.3,7.8490744
63674,18,12.9,7.7276783
63674,19,13.8,7.7163577
63674,20,13.1,7.5063076
63674,21,12.3,8.119708
63674,22,12.3,8.616726
63674,23,13.6,9.47791
63674,24,15.2,10.247382
64190,1,15.8,16.363117
64190,2,14.4,14.591779
64190,3,14.2,13.372161
64190,4,13.6,12.270032
64190,5,12.5,11.801783
64190,6,11.4,11.517152
64190,7,11.5,11.651042
64190,8,11.0,12.434564
64190,9,11.9,12.998933
64190,10,13.9,15.09648
64190,11,16.2,16.454721
64190,12,18.8,18.1474
64190,13,21.0,20.209078
64190,14,22.8,21.311003
64190,15,24.2,23.163511
64190,16,25.3,23.884447
64190,17,25.5,24.656858
64190,18,25.6,24.902266
64190,19,25.1,24.654434
64190,20,24.0,23.522522
64190,21,22.4,22.880371
64190,22,21.5,21.046116
64190,23,20.3,19.992281
64190,24,19.4,18.255651
64242,1,26.9,21.809286
64242,2,29.6,23.028408
64242,3,31.3,24.731089
64242,4,32.4,26.269804
64242,5,33.0,27.071135
64242,6,33.0,27.25112
64242,7,32.2,27.094776
64242,8,31.2,26.487984
64242,9,28.7,25.13743
64242,10,27.5,24.317236
64242,11,26.3,22.288181
64242,12,25.1,20.281466
64242,13,24.9,18.544641
64242,14,23.7,16.644575
64242,15,22.6,15.053138
64242,16,21.3,13.643249
64242,17,19.7,12.59507
64242,18,18.6,12.4739065
64242,19,17.3,12.862845
64242,20,16.3,12.947763
64242,21,15.6,13.714274
64242,22,17.0,15.243029
64242,23,19.6,17.463873
64242,24,22.8,18.969666
64317,1,32.8,22.381775
64317,2,31.6,21.035238
64317,3,30.2,19.145308
64317,4,29.1,17.404383
64317,5,27.6,16.189096
64317,6,26.2,14.976374
64317,7,25.1,14.254692
64317,8,24.3,14.079508
64317,9,22.9,13.616006
64317,10,22.3,14.386528
64317,11,21.1,15.188627
64317,12,20.6,16.393034
64317,13,22.4,18.103392
64317,14,25.1,19.329792
64317,15,28.1,21.320833
64317,16,30.7,22.789206
64317,17,33.5,24.575373
64317,18,35.1,25.446278
64317,19,35.9,26.31394
64317,20,36.4,26.84774
64317,21,36.3,26.927143
64317,22,35.9,26.158222
64317,23,35.0,25.578632
64317,24,32.9,24.325764
64865,1,24.1,21.586704
64865,2,26.1,23.107145
64865,3,27.9,24.820189
64865,4,28.8,27.086803
64865,5,30.3,28.674654
64865,6,31.3,30.346766
64865,7,32.2,32.338383
64865,8,32.7,33.378452
64865,9,32.8,34.114704
64865,10,32.4,33.84768
64865,11,31.9,33.214794
64865,12,31.0,32.485424
64865,13,29.9,31.127913
64865,14,29.2,29.978893
64865,15,28.5,27.786404
64865,16,27.4,25.774498
64865,17,26.6,23.959028
64865,18,25.8,22.393185
64865,19,25.2,21.285992
64865,20,24.7,20.583357
64865,21,24.1,19.274073
64865,22,22.6,19.836918
64865,23,22.4,19.679169
64865,24,24.0,20.171532
64942,1,31.3,26.618706
64942,2,30.3,24.646456
64942,3,29.6,23.4386
64942,4,28.4,22.158026
64942,5,27.4,21.793457
64942,6,26.3,21.354584
64942,7,25.4,21.987013
64942,8,25.4,22.855572
64942,9,27.0,23.612497
64942,10,29.1,25.6126
64942,11,31.3,27.220966
64942,12,33.2,28.998474
64942,13,34.2,31.200771
64942,14,36.1,32.482502
64942,15,37.4,34.263885
64942,16,38.5,35.173473
64942,17,39.1,35.740677
64942,18,39.1,36.034256
64942,19,38.6,35.65505
64942,20,37.9,34.758434
64942,21,36.9,33.731533
64942,22,35.5,31.98964
64942,23,34.4,30.535038
64942,24,33.5,28.515331
65158,1,9.3,7.210256
65158,2,10.3,7.1858006
65158,3,10.0,7.4448366
65158,4,9.1,7.274526
65158,5,8.8,6.9864173
65158,6,8.0,6.4427104
65158,7,7.4,5.8922596
65158,8,7.0,5.0881834
65158,9,6.9,4.547255
65158,10,6.8,3.9567792
65158,11,7.0,3.2142534
65158,12,6.5,2.6727033
65158,13,4.8,2.2008677
65158,14,3.6,1.9310057
65158,15,1.9,1.8649043
65158,16,0.5,2.0345228
65158,17,-0.8,1.9684718
65158,18,-2.5,2.7249093
65158,19,-3.6,3.3763807
65158,20,-4.6,3.8994756
65158,21,-4.3,4.515431
65158,22,-2.3,5.2364774
65158,23,0.3,6.0528493
65158,24,1.1,6.47291
65195,1,4.7,3.15318
65195,2,4.7,3.6181316
65195,3,3.6,4.1477723
65195,4,2.3,4.5714984
65195,5,1.2,5.0112224
65195,6,0.6,5.4320664
65195,7,0.8,5.9498262
65195,8,-0.1,6.097206
65195,9,0.6,6.462112
65195,10,1.1,6.2858653
65195,11,2.0,6.1530094
65195,12,2.6,6.068927
65195,13,3.2,5.61763
65195,14,3.5,5.168512
65195,15,2.2,4.6782637
65195,16,0.5,4.1621165
65195,17,-0.2,3.5459378
65195,18,-0.2,3.3294082
65195,19,-0.7,2.932826
65195,20,-0.4,2.7766144
65195,21,-0.7,2.6356366
65195,22,-1.4,2.7092211
65195,23,-2.4,2.6975124
65195,24,-4.0,2.8472996
65546,1,-12.9,-9.127527
65546,2,-14.0,-8.672143
65546,3,-14.9,-8.164253
65546,4,-16.2,-8.508812
65546,5,-17.7,-7.2159963
65546,6,-18.5,-7.41396
65546,7,-20.0,-6.2979293
65546,8,-20.6,-6.4320183
65546,9,-20.7,-6.44274
65546,10,-17.3,-5.237258
65546,11,-13.1,-5.7356973
65546,12,-11.9,-6.4809856
65546,13,-11.7,-5.8129945
65546,14,-10.8,-6.8158245
65546,15,-11.0,-6.7497134
65546,16,-12.0,-7.323138
65546,17,-12.8,-7.5460653
65546,18,-13.7,-8.241607
65546,19,-14.5,-8.337028
65546,20,-16.2,-8.249665
65546,21,-17.3,-9.171522
65546,22,-18.1,-9.12804
65546,23,-17.4,-8.419631
65546,24,-18.0,-8.682228
65641,1,-19.6,-11.699968
65641,2,-19.3,-13.146817
65641,3,-19.6,-12.298923
65641,4,-19.8,-13.403223
65641,5,-20.0,-13.468685
65641,6,-20.1,-13.733269
65641,7,-20.3,-14.284229
65641,8,-20.4,-15.487805
65641,9,-20.5,-13.814063
65641,10,-20.5,-13.265528
65641,11,-20.4,-13.607362
65641,12,-20.3,-13.261259
65641,13,-18.3,-13.220113
65641,14,-14.8,-12.128763
65641,15,-12.6,-11.296705
65641,16,-11.2,-10.827123
65641,17,-10.5,-12.175912
65641,18,-10.8,-10.787092
65641,19,-11.5,-9.818947
65641,20,-12.7,-10.567567
65641,21,-15.8,-10.72469
65641,22,-17.5,-10.828032
65641,23,-18.2,-10.964869
65641,24,-18.5,-11.336136
65826,1,-22.9,-19.908995
65826,2,-23.0,-19.272074
65826,3,-22.9,-18.268057
65826,4,-22.8,-19.595186
65826,5,-22.9,-18.585941
65826,6,-23.1,-17.588133
65826,7,-23.2,-18.277203
65826,8,-23.1,-18.96536
65826,9,-22.9,-17.856258
65826,10,-20.9,-17.31433
65826,11,-16.2,-17.893723
65826,12,-13.1,-18.437063
65826,13,-11.1,-17.784431
65826,14,-9.9,-18.641043
65826,15,-9.8,-17.683115
65826,16,-10.9,-18.35053
65826,17,-12.5,-18.472815
65826,18,-15.7,-19.36203
65826,19,-17.9,-19.044773
65826,20,-19.0,-19.201149
65826,21,-19.7,-18.392887
65826,22,-20.1,-18.549145
65826,23,-20.0,-19.17644
65826,24,-20.3,-18.735523
65931,1,-17.3,-13.580545
65931,2,-17.3,-13.5154505
65931,3,-17.2,-12.354077
65931,4,-17.2,-13.141716
65931,5,-17.3,-11.23805
65931,6,-17.5,-11.356613
65931,7,-14.4,-10.111121
65931,8,-9.3,-10.746825
65931,9,-7.2,-9.836128
65931,10,-5.9,-7.2405186
65931,11,-5.3,-8.114136
65931,12,-5.2,-9.057509
65931,13,-5.5,-7.9865804
65931,14,-6.3,-9.310731
65931,15,-9.0,-8.643494
65931,16,-12.0,-9.5949
65931,17,-13.2,-10.525944
65931,18,-14.3,-11.3049345
65931,19,-15.1,-11.085944
65931,20,-15.7,-11.571437
65931,21,-16.3,-13.3068905
65931,22,-16.2,-13.717438
65931,23,-15.8,-12.41715
65931,24,-15.7,-13.185082
66137,1,-16.3,-12.819757
66137,2,-15.9,-13.22965
66137,3,-16.5,-12.814927
66137,4,-17.0,-13.5907345
66137,5,-18.2,-13.730512
66137,6,-20.5,-13.637264
66137,7,-22.1,-14.3185215
66137,8,-23.1,-15.131481
66137,9,-23.9,-14.204423
66137,10,-24.6,-14.622349
66137,11,-25.3,-14.853765
66137,12,-25.4,-14.775495
66137,13,-20.4,-14.869961
66137,14,-16.5,-14.083166
66137,15,-15.4,-13.731078
66137,16,-14.5,-13.293246
66137,17,-14.0,-13.785598
66137,18,-13.8,-13.100783
66137,19,-14.0,-12.413941
66137,20,-14.3,-12.400126
66137,21,-14.9,-11.921051
66137,22,-16.4,-11.620625
66137,23,-20.1,-12.233054
66137,24,-22.1,-12.028421
66218,1,-9.1,-9.045999
66218,2,-9.5,-9.651016
66218,3,-9.9,-9.047375
66218,4,-10.5,-9.018843
66218,5,-11.1,-7.909351
66218,6,-11.6,-7.8691406
66218,7,-11.5,-6.671313
66218,8,-11.1,-6.448557
66218,9,-9.2,-5.7328057
66218,10,-4.9,-3.2476096
66218,11,-3.3,-3.4180458
66218,12,-2.9,-3.4484518
66218,13,-3.0,-2.3470833
66218,14,-2.3,-2.885516
66218,15,-1.4,-2.4304378
66218,16,-0.8,-3.090239
66218,17,-0.9,-3.8555906
66218,18,-1.1,-4.198939
66218,19,-2.0,-4.5349145
66218,20,-2.9,-5.8582344
66218,21,-3.6,-7.347596
66218,22,-4.1,-8.224549
66218,23,-4.1,-7.500225
66218,24,-5.3,-8.536892
66503,1,5.7,3.8148396
66503,2,5.2,3.0013473
66503,3,4.1,2.4286618
66503,4,2.2,3.4682882
66503,5,-1.2,1.7884257
66503,6,-2.2,0.38080257
66503,7,-2.9,0.12300211
66503,8,-2.1,-1.4404631
66503,9,-1.4,-2.2324011
66503,10,-1.0,-2.421778
66503,11,-1.1,-4.0030527
66503,12,-1.7,-4.452777
66503,13,-1.9,-4.4026933
66503,14,-1.9,-3.3827696
66503,15,-2.6,-4.035435
66503,16,-2.4,-3.0698178
66503,17,-1.9,-2.666845
66503,18,-1.4,-0.40913522
66503,19,-0.9,1.208745
66503,20,-1.0,1.9376451
66503,21,-1.0,1.0379236
66503,22,-0.6,2.6609693
66503,23,0.1,4.2524824
66503,24,1.0,3.6798987
66564,1,2.3,-0.1967718
66564,2,3.6,1.1256478
66564,3,6.4,2.0077908
66564,4,8.1,2.0373895
66564,5,10.0,3.958786
66564,6,11.1,3.647963
66564,7,11.3,5.8167367
66564,8,10.6,6.8526363
66564,9,8.8,6.575316
66564,10,7.2,6.717288
66564,11,5.1,6.679503
66564,12,1.9,6.455342
66564,13,1.7,5.38215
66564,14,1.4,2.9989233
66564,15,1.3,2.901237
66564,16,1.2,1.4190627
66564,17,-0.6,0.51053464
66564,18,-3.0,-0.5255538
66564,19,-3.6,-1.2049763
66564,20,-3.8,-1.2986319
66564,21,-3.9,-1.7427678
66564,22,-4.8,-1.9285264
66564,23,-5.7,-0.73688227
66564,24,-6.3,-0.72905165
66800,1,9.2,7.266787
66800,2,7.2,5.8669724
66800,3,4.5,4.889032
66800,4,4.1,5.0571904
66800,5,4.9,3.2759204
66800,6,4.3,2.7128613
66800,7,3.2,2.019225
66800,8,2.3,1.0913966
66800,9,1.1,1.2186449
66800,10,0.0,1.2360016
66800,11,-0.9,0.9966252
66800,12,-1.2,1.500814
66800,13,-0.5,2.4644346
66800,14,3.4,4.5582747
66800,15,8.1,4.5254183
66800,16,10.4,5.9222746
66800,17,12.1,6.588965
66800,18,13.1,8.271353
66800,19,13.9,9.094676
66800,20,14.4,9.364064
66800,21,14.8,8.841926
66800,22,14.8,9.38491
66800,23,14.3,8.830403
66800,24,13.2,8.109822
67145,1,15.2,11.767059
67145,2,14.4,10.511008
67145,3,13.3,9.78034
67145,4,12.6,9.184823
67145,5,11.5,9.076664
67145,6,10.5,9.153827
67145,7,10.0,9.519568
67145,8,10.3,10.357722
67145,9,10.5,10.987876
67145,10,11.7,12.696434
67145,11,14.4,13.864102
67145,12,17.7,15.10919
67145,13,19.7,16.63312
67145,14,20.7,17.3925
67145,15,21.8,18.562231
67145,16,22.6,18.943972
67145,17,23.3,19.261457
67145,18,23.7,19.158388
67145,19,23.4,18.65599
67145,20,21.8,17.63241
67145,21,21.6,16.935959
67145,22,20.7,15.430063
67145,23,18.6,14.471733
67145,24,16.6,13.150814
67374,1,18.8,16.395767
67374,2,19.0,16.016315
67374,3,19.1,15.623314
67374,4,19.6,15.006768
67374,5,19.7,14.6019125
67374,6,17.9,14.321699
67374,7,16.7,13.976978
67374,8,16.5,13.727276
67374,9,16.5,13.594038
67374,10,16.6,13.484199
67374,11,16.2,13.658857
67374,12,16.2,13.800717
67374,13,16.0,14.290544
67374,14,15.8,14.608802
67374,15,15.6,15.058489
67374,16,15.6,15.613746
67374,17,15.5,16.048162
67374,18,15.6,16.382137
67374,19,15.7,16.613323
67374,20,16.2,17.09589
67374,21,17.4,17.343628
67374,22,18.1,17.367191
67374,23,19.5,16.980095
67374,24,20.4,16.745275
67564,1,12.4,13.572691
67564,2,13.3,14.330139
67564,3,16.5,15.129783
67564,4,19.1,16.272469
67564,5,20.7,16.953796
67564,6,22.0,18.004091
67564,7,22.8,18.507807
67564,8,23.0,19.025196
67564,9,22.8,19.254301
67564,10,22.3,19.143986
67564,11,21.8,18.875992
67564,12,21.0,18.437801
67564,13,19.8,17.822788
67564,14,18.1,17.270552
67564,15,16.3,16.24786
67564,16,15.8,15.310829
67564,17,15.1,14.558465
67564,18,14.6,13.679783
67564,19,13.9,13.108629
67564,20,13.8,12.713264
67564,21,13.8,12.44042
67564,22,15.0,12.581436
67564,23,15.1,12.466989
67564,24,15.4,12.886975
67620,1,16.8,13.45873
67620,2,17.0,14.069429
67620,3,17.5,14.765937
67620,4,18.2,15.704774
67620,5,19.9,16.226963
67620,6,20.8,17.146658
67620,7,20.9,17.382175
67620,8,20.3,17.741653
67620,9,20.6,17.86037
67620,10,20.3,17.757143
67620,11,19.8,17.486874
67620,12,19.2,17.046099
67620,13,18.7,16.574091
67620,14,18.4,16.082825
67620,15,18.3,15.24187
67620,16,18.4,14.482782
67620,17,18.6,13.887474
67620,18,18.6,13.184293
67620,19,18.4,12.711895
67620,20,18.4,12.382259
67620,21,18.5,12.331511
67620,22,18.3,12.459106
67620,23,18.1,12.381639
67620,24,18.1,12.807597
67918,1,13.3,10.7883625
67918,2,12.4,10.800068
67918,3,12.0,10.973951
67918,4,10.8,10.654301
67918,5,10.8,10.481261
67918,6,10.9,9.949738
67918,7,9.7,9.298872
67918,8,7.9,8.669257
67918,9,7.1,7.9310803
67918,10,6.8,7.2863064
67918,11,6.5,6.7930984
67918,12,5.7,6.316157
67918,13,5.1,5.890386
67918,14,4.9,5.5734997
67918,15,4.7,5.5821743
67918,16,4.4,5.7917705
67918,17,4.4,5.7939515
67918,18,4.3,6.44561
67918,19,4.1,6.8767176
67918,20,4.4,7.347384
67918,21,6.5,8.310106
67918,22,9.3,8.83021
67918,23,12.1,9.529958
67918,24,14.4,10.07009
67973,1,13.5,8.993953
67973,2,15.6,9.462569
67973,3,17.6,10.029165
67973,4,18.0,10.571193
67973,5,18.2,10.808952
67973,6,17.9,11.204409
67973,7,18.2,10.862266
67973,8,17.3,10.684256
67973,9,16.0,10.371209
67973,10,13.7,10.134165
67973,11,12.9,9.585756
67973,12,12.4,9.007797
67973,13,11.4,8.509204
67973,14,11.1,7.930558
67973,15,10.9,7.4058757
67973,16,10.8,6.926488
67973,17,10.9,6.5752482
67973,18,10.4,6.4587197
67973,19,10.9,6.3713794
67973,20,10.3,6.2458754
67973,21,9.3,6.7849007
67973,22,8.6,7.05968
67973,23,8.2,7.5777383
67973,24,8.2,8.186358
68480,1,-5.6,-3.457611
68480,2,-6.9,-2.552449
68480,3,-7.6,-3.3326554
68480,4,-6.7,-2.93212
68480,5,-7.8,-3.3115423
68480,6,-8.5,-3.5798526
68480,7,-9.2,-3.6442308
68480,8,-10.0,-3.5859692
68480,9,-10.6,-4.7818575
68480,10,-10.5,-6.105013
68480,11,-11.0,-6.2149725
68480,12,-11.7,-6.641684
68480,13,-12.2,-6.8916383
68480,14,-12.8,-6.659614
68480,15,-14.8,-7.417059
68480,16,-14.2,-6.893587
68480,17,-11.5,-5.870745
68480,18,-10.6,-5.9802237
68480,19,-10.0,-5.7723784
68480,20,-9.6,-4.46083
68480,21,-9.3,-4.023451
68480,22,-9.4,-3.055726
68480,23,-10.0,-3.209493
68480,24,-13.2,-2.63656
68764,1,-28.1,-16.250116
68764,2,-27.6,-15.041472
68764,3,-25.2,-14.473693
68764,4,-21.7,-15.257538
68764,5,-17.2,-13.962911
68764,6,-15.3,-13.397097
68764,7,-14.4,-13.170262
68764,8,-13.8,-13.372974
68764,9,-13.4,-13.185664
68764,10,-13.5,-12.672622
68764,11,-13.4,-13.177914
68764,12,-13.7,-14.003792
68764,13,-14.0,-13.405872
68764,14,-14.2,-14.702524
68764,15,-14.3,-14.3069935
68764,16,-14.3,-15.051083
68764,17,-14.0,-14.782967
68764,18,-13.7,-16.081722
68764,19,-13.6,-16.079037
68764,20,-14.0,-15.69495
68764,21,-15.3,-15.485148
68764,22,-16.0,-15.409117
68764,23,-17.3,-15.476769
68764,24,-18.6,-15.128633
68766,1,-14.4,-15.014396
68766,2,-13.8,-12.132025
68766,3,-13.4,-12.9572735
68766,4,-13.5,-13.260633
68766,5,-13.4,-12.667443
68766,6,-13.7,-12.201974
68766,7,-14.0,-12.197484
68766,8,-14.2,-11.332874
68766,9,-14.3,-13.135999
68766,10,-14.3,-15.593157
68766,11,-14.0,-15.377766
68766,12,-13.7,-16.031534
68766,13,-13.6,-16.40272
68766,14,-14.0,-17.724957
68766,15,-15.3,-18.219412
68766,16,-16.0,-18.443762
68766,17,-17.3,-16.41481
68766,18,-18.6,-18.20454
68766,19,-19.3,-18.627298
68766,20,-20.9,-16.577866
68766,21,-22.4,-14.506422
68766,22,-21.3,-13.514968
68766,23,-21.5,-14.605961
68766,24,-21.4,-13.049939
68916,1,-26.3,-12.6162615
68916,2,-26.3,-10.489143
68916,3,-26.2,-10.421298
68916,4,-22.0,-10.599059
68916,5,-15.5,-8.157515
68916,6,-13.6,-8.750372
68916,7,-12.8,-6.267531
68916,8,-12.4,-5.6956253
68916,9,-12.4,-6.906248
68916,10,-12.7,-5.5669894
68916,11,-13.5,-6.097318
68916,12,-14.8,-7.4722033
68916,13,-18.2,-6.8422847
68916,14,-20.1,-9.428798
68916,15,-21.0,-9.606247
68916,16,-21.7,-10.797517
68916,17,-22.0,-10.24479
68916,18,-22.4,-12.311208
68916,19,-22.6,-12.719934
68916,20,-23.4,-11.628869
68916,21,-24.5,-13.14298
68916,22,-26.7,-12.944535
68916,23,-27.1,-11.290237
68916,24,-28.0,-11.548822
68949,1,-11.0,-7.537383
68949,2,-7.5,-5.6551986
68949,3,-5.5,-6.1704817
68949,4,-5.4,-5.9593663
68949,5,-5.4,-4.918991
68949,6,-5.6,-5.3287125
68949,7,-5.7,-3.9096787
68949,8,-6.0,-2.949767
68949,9,-6.7,-4.811697
68949,10,-7.3,-5.7357116
68949,11,-7.6,-5.643414
68949,12,-7.6,-6.390584
68949,13,-7.5,-6.4323297
68949,14,-7.1,-7.861711
68949,15,-6.7,-8.65058
68949,16,-6.3,-8.998786
68949,17,-5.9,-7.898039
68949,18,-5.7,-9.152101
68949,19,-5.8,-9.86584
68949,20,-5.8,-8.527485
68949,21,-6.0,-8.160618
68949,22,-6.1,-7.4203367
68949,23,-6.1,-7.2349386
68949,24,-6.2,-6.621608
69118,1,2.3,-5.2828884
69118,2,3.8,-3.0665402
69118,3,4.1,-4.0645247
69118,4,3.0,-3.2436144
69118,5,2.6,-3.060626
69118,6,1.2,-3.422925
69118,7,-2.0,-2.9556904
69118,8,-3.3,-1.587308
69118,9,-4.8,-4.6233096
69118,10,-4.9,-7.020288
69118,11,-6.0,-6.6780033
69118,12,-6.4,-7.4569106
69118,13,-6.7,-8.169527
69118,14,-7.0,-9.691067
69118,15,-6.8,-10.833898
69118,16,-7.8,-10.764604
69118,17,-8.1,-8.964961
69118,18,-8.9,-9.984547
69118,19,-10.5,-10.779787
69118,20,-12.3,-9.038906
69118,21,-11.0,-7.077264
69118,22,-4.9,-5.9448423
69118,23,0.8,-5.8488016
69118,24,2.5,-4.546054
69726,1,17.6,10.77159
69726,2,18.1,10.669144
69726,3,17.7,10.897773
69726,4,16.9,10.541981
69726,5,16.7,9.875453
69726,6,15.9,8.923398
69726,7,14.4,8.077877
69726,8,12.0,6.610298
69726,9,9.3,6.130523
69726,10,10.0,5.2284045
69726,11,9.4,4.032963
69726,12,8.5,3.3438625
69726,13,8.0,2.5699852
69726,14,7.4,2.4327364
69726,15,7.0,2.5037675
69726,16,6.7,2.9159257
69726,17,6.1,2.8503902
69726,18,5.5,4.1524663
69726,19,5.2,5.5571966
69726,20,8.3,6.59426
69726,21,12.2,7.070819
69726,22,15.6,8.247618
69726,23,16.7,9.510937
69726,24,17.8,9.862105
69932,1,7.2,6.917402
69932,2,7.4,7.8531322
69932,3,7.8,8.747932
69932,4,8.0,9.987689
69932,5,8.5,10.887237
69932,6,8.9,11.98162
69932,7,9.2,13.205555
69932,8,9.3,13.838617
69932,9,10.6,14.632124
69932,10,10.3,14.4625225
69932,11,9.4,14.373758
69932,12,9.9,14.184022
69932,13,9.5,13.403183
69932,14,8.7,12.860714
69932,15,7.8,11.630747
69932,16,7.7,10.591596
69932,17,7.6,9.456844
69932,18,7.5,8.558793
69932,19,7.2,7.7255125
69932,20,7.0,7.366075
69932,21,7.0,6.503048
69932,22,6.3,6.6152225
69932,23,6.5,6.2954597
69932,24,6.2,6.454071
69941,1,7.5,9.2083025
69941,2,8.1,9.707857
69941,3,9.9,10.315543
69941,4,11.3,10.901797
69941,5,11.4,11.165394
69941,6,11.4,11.575299
69941,7,12.5,11.272834
69941,8,11.5,11.088404
69941,9,11.2,10.781567
69941,10,10.3,10.537998
69941,11,9.0,9.955509
69941,12,6.8,9.334988
69941,13,7.0,8.811522
69941,14,6.4,8.19203
69941,15,6.4,7.6198525
69941,16,5.4,7.1092286
69941,17,5.4,6.7229266
69941,18,5.8,6.5874624
69941,19,5.2,6.494529
69941,20,4.6,6.383363
69941,21,4.3,6.884261
69941,22,4.6,7.195406
69941,23,7.1,7.740402
69941,24,8.7,8.354017
70074,1,11.5,11.0919285
70074,2,10.6,10.0519
70074,3,10.9,9.730681
70074,4,11.0,9.545862
70074,5,11.1,9.901526
70074,6,11.1,10.316172
70074,7,11.2,11.220606
70074,8,12.4,12.39791
70074,9,14.9,13.337248
70074,10,16.9,15.022887
70074,11,17.6,16.302614
70074,12,18.4,17.503386
70074,13,18.6,18.674185
70074,14,18.6,19.29082
70074,15,17.8,19.989456
70074,16,18.9,20.009346
70074,17,17.9,19.726011
70074,18,16.1,19.291845
70074,19,15.4,18.375105
70074,20,14.0,17.072104
70074,21,13.0,16.05481
70074,22,11.8,14.497087
70074,23,11.4,13.421925
70074,24,10.8,12.188026
71087,1,14.6,16.697008
71087,2,14.1,15.648974
71087,3,13.7,14.399065
71087,4,13.8,13.16446
71087,5,13.7,12.385161
71087,6,13.4,11.72616
71087,7,13.2,11.289376
71087,8,13.1,11.236447
71087,9,12.9,11.142067
71087,10,12.8,11.956893
71087,11,11.5,12.587938
71087,12,11.5,13.497846
71087,13,12.1,14.915206
71087,14,12.6,15.800944
71087,15,12.9,17.256346
71087,16,14.5,18.218811
71087,17,15.6,19.400341
71087,18,16.6,19.891266
71087,19,16.9,20.363327
71087,20,16.4,20.556927
71087,21,16.2,20.472317
71087,22,16.3,19.765392
71087,23,12.2,19.164616
71087,24,12.8,18.162561
71136,1,13.2,6.983944
71136,2,11.5,5.9138775
71136,3,10.0,5.252738
71136,4,8.7,4.799706
71136,5,7.9,4.6510935
71136,6,6.5,4.8117733
71136,7,5.3,4.9506125
71136,8,4.4,5.6820745
71136,9,4.0,6.1399913
71136,10,4.6,7.7359204
71136,11,6.0,8.715322
71136,12,7.9,9.753885
71136,13,9.8,11.18048
71136,14,11.4,11.765588
71136,15,12.6,12.812829
71136,16,13.5,13.119886
71136,17,13.9,13.52243
71136,18,13.6,13.388247
71136,19,12.4,12.901795
71136,20,10.8,11.919049
71136,21,9.6,11.469032
71136,22,8.5,10.089491
71136,23,7.5,9.320493
71136,24,6.5,8.231807
71164,1,2.0,10.447253
71164,2,3.6,10.577984
71164,3,4.9,11.172477
71164,4,5.3,11.140083
71164,5,5.2,11.122993
71164,6,4.7,10.59523
71164,7,3.7,9.857667
71164,8,0.5,9.083112
71164,9,-0.9,8.05706
71164,10,-2.0,7.4069824
71164,11,-2.6,6.4429793
71164,12,-2.9,5.52895
71164,13,-3.0,4.83269
71164,14,-3.0,4.060552
71164,15,-3.3,3.8333328
71164,16,-3.7,3.7218251
71164,17,-3.8,3.5048718
71164,18,-3.8,4.17652
71164,19,-3.8,4.6942534
71164,20,-4.8,5.0213523
71164,21,-5.1,6.191473
71164,22,-4.0,6.982569
71164,23,-2.1,8.238766
71164,24,-0.5,9.077351
71211,1,12.0,12.829908
71211,2,14.5,14.078585
71211,3,16.9,15.425944
71211,4,19.1,17.193146
71211,5,20.8,18.122002
71211,6,22.2,19.263151
71211,7,23.1,19.970295
71211,8,23.4,20.286524
71211,9,23.0,20.285833
71211,10,21.3,19.991323
71211,11,20.3,19.040956
71211,12,19.2,17.973406
71211,13,17.8,16.852814
71211,14,16.4,15.6069
71211,15,15.4,14.005491
71211,16,14.8,12.565843
71211,17,14.2,11.4730625
71211,18,13.5,10.508505
71211,19,12.8,10.011623
71211,20,11.7,9.695353
71211,21,11.5,9.344911
71211,22,11.6,10.024694
71211,23,14.3,10.633195
71211,24,14.8,11.368795
71232,1,13.5,10.633407
71232,2,13.1,8.987663
71232,3,12.4,8.19936
71232,4,12.1,7.532459
71232,5,11.7,7.483769
71232,6,11.2,7.609961
71232,7,10.8,8.1031885
71232,8,9.4,9.203574
71232,9,11.0,10.031745
71232,10,14.0,12.329398
71232,11,16.9,13.789271
71232,12,19.6,15.3635435
71232,13,21.2,17.265247
71232,14,22.3,18.138123
71232,15,23.2,19.589813
71232,16,23.8,19.962145
71232,17,23.9,20.211555
71232,18,23.6,20.106928
71232,19,22.5,19.36
71232,20,21.4,17.807083
71232,21,20.7,16.96755
71232,22,19.1,14.974059
71232,23,18.7,13.882555
71232,24,17.9,12.239093
71458,1,17.2,14.425011
71458,2,17.9,14.984196
71458,3,17.9,15.737725
71458,4,18.4,16.680061
71458,5,18.7,17.238699
71458,6,20.4,18.21236
71458,7,21.3,18.691135
71458,8,22.5,19.118183
71458,9,22.6,19.469322
71458,10,23.0,19.339275
71458,11,23.8,19.201403
71458,12,23.4,18.842304
71458,13,23.0,18.414885
71458,14,20.8,17.96628
71458,15,20.3,17.064772
71458,16,20.0,16.33648
71458,17,19.7,15.593709
71458,18,19.2,14.882251
71458,19,18.5,14.268168
71458,20,17.8,13.965958
71458,21,17.9,13.721699
71458,22,17.8,13.844339
71458,23,17.9,13.534039
71458,24,18.1,13.814841
71562,1,15.6,11.819941
71562,2,15.2,12.847081
71562,3,17.4,14.09948
71562,4,20.0,15.96182
71562,5,22.6,17.522572
71562,6,25.2,19.16933
71562,7,27.5,21.793049
71562,8,29.5,23.310787
71562,9,30.9,24.95594
71562,10,31.8,25.138147
71562,11,32.0,25.570833
71562,12,31.7,25.763811
71562,13,30.9,24.867462
71562,14,29.6,24.340376
71562,15,28.0,22.592564
71562,16,25.2,21.054083
71562,17,23.5,19.094812
71562,18,22.2,17.5556
71562,19,21.2,15.958887
71562,20,20.4,15.071928
71562,21,19.5,13.023717
71562,22,19.2,12.791413
71562,23,19.0,11.81025
71562,24,18.6,11.462894
71891,1,27.3,23.848986
71891,2,29.6,25.062777
71891,3,31.2,26.549763
71891,4,33.1,28.435024
71891,5,33.6,29.413776
71891,6,34.2,30.559462
71891,7,35.3,31.184372
71891,8,35.6,31.591635
71891,9,35.6,31.249168
71891,10,34.6,30.870144
71891,11,33.3,29.715103
71891,12,31.1,28.455439
71891,13,30.2,27.234549
71891,14,29.3,25.891104
71891,15,28.4,24.203907
71891,16,27.4,22.600096
71891,17,26.5,21.52166
71891,18,26.1,20.465645
71891,19,26.0,20.107822
71891,20,25.8,19.717224
71891,21,25.4,19.54455
71891,22,25.2,20.4063
71891,23,25.9,21.092094
71891,24,27.2,22.007357
71965,1,30.8,25.611275
71965,2,31.2,25.103134
71965,3,30.2,24.520613
71965,4,29.2,23.311556
71965,5,28.1,22.407846
71965,6,26.7,21.152803
71965,7,25.5,20.33644
71965,8,24.9,19.396349
71965,9,24.7,18.39885
71965,10,24.4,17.447006
71965,11,23.8,17.057888
71965,12,23.4,16.878534
71965,13,23.2,17.093964
71965,14,23.0,17.317055
71965,15,22.8,18.037415
71965,16,22.8,19.021639
71965,17,23.2,19.924772
71965,18,24.9,21.07289
71965,19,26.6,22.187494
71965,20,28.0,23.525623
71965,21,29.2,24.460695
71965,22,30.2,25.315933
71965,23,31.1,25.491005
71965,24,31.6,25.53313
72143,1,27.4,24.311129
72143,2,26.9,22.725103
72143,3,26.5,21.81804
72143,4,26.0,20.627913
72143,5,25.7,20.078094
72143,6,25.2,19.704493
72143,7,24.9,19.73001
72143,8,24.7,19.999496
72143,9,24.6,20.500593
72143,10,24.6,21.853428
72143,11,25.5,22.880976
72143,12,26.8,24.00515
72143,13,28.4,25.81854
72143,14,30.2,26.773283
72143,15,31.5,28.25477
72143,16,32.6,29.162035
72143,17,33.5,29.777391
72143,18,34.5,30.188253
72143,19,34.9,30.142895
72143,20,35.2,29.794762
72143,21,34.7,29.302347
72143,22,33.0,28.206944
72143,23,30.9,27.097113
72143,24,30.0,25.636946
72889,1,26.8,18.719862
72889,2,26.4,18.102276
72889,3,26.1,18.406878
72889,4,25.8,19.006517
72889,5,26.4,19.841679
72889,6,27.0,20.856653
72889,7,29.0,22.54021
72889,8,30.9,24.13394
72889,9,32.7,25.450329
72889,10,34.4,26.86606
72889,11,35.6,28.102785
72889,12,36.5,29.00705
72889,13,36.7,29.719156
72889,14,37.1,30.006804
72889,15,36.6,29.869467
72889,16,35.8,29.367973
72889,17,34.9,28.379286
72889,18,33.5,27.374449
72889,19,30.6,26.001589
72889,20,29.9,24.647045
72889,21,29.3,23.070354
72889,22,28.6,21.80862
72889,23,28.0,20.423893
72889,24,27.6,19.268219
72920,1,25.4,21.293167
72920,2,24.8,19.449684
72920,3,24.4,18.783283
72920,4,23.4,18.099522
72920,5,22.8,18.244272
72920,6,22.4,18.444525
72920,7,22.0,19.448048
72920,8,20.2,20.768463
72920,9,22.3,21.945944
72920,10,24.5,24.3335
72920,11,26.7,26.054941
72920,12,28.9,27.755379
72920,13,30.4,29.769432
72920,14,31.4,30.79971
72920,15,32.0,32.161488
72920,16,32.3,32.54568
72920,17,32.2,32.46426
72920,18,31.7,32.23855
72920,19,30.8,31.292461
72920,20,30.9,29.717018
72920,21,29.9,28.395136
72920,22,29.1,26.343586
72920,23,28.5,24.819624
72920,24,27.3,22.87267
73930,1,3.2,3.8832922
73930,2,2.3,4.72771
73930,3,2.0,5.659988
73930,4,2.8,6.830399
73930,5,4.1,7.837472
73930,6,5.4,8.859011
73930,7,7.1,10.671911
73930,8,8.4,11.442028
73930,9,9.2,12.660015
73930,10,9.6,12.491796
73930,11,9.5,12.650662
73930,12,8.5,12.711706
73930,13,7.2,11.945964
73930,14,5.4,11.47991
73930,15,4.3,10.218915
73930,16,3.5,9.229461
73930,17,2.6,7.8274374
73930,18,1.8,6.988108
73930,19,0.5,5.956852
73930,20,-0.3,5.630976
73930,21,-0.7,4.3078966
73930,22,-1.1,4.372454
73930,23,-1.4,3.7739508
73930,24,-1.7,3.6102674
73975,1,14.2,13.014318
73975,2,13.1,11.254307
73975,3,12.4,9.705829
73975,4,11.0,8.82551
73975,5,9.8,7.317827
73975,6,9.4,6.6530256
73975,7,9.3,5.9213967
73975,8,9.3,5.6884775
73975,9,9.4,5.7966
73975,10,8.9,6.865937
73975,11,7.4,7.5227914
73975,12,7.8,8.788391
73975,13,10.7,10.653497
73975,14,14.4,12.4191675
73975,15,17.8,13.795242
73975,16,22.0,15.208248
73975,17,24.5,16.49143
73975,18,25.6,17.667707
73975,19,26.0,18.188755
73975,20,25.9,17.97474
73975,21,25.1,17.724627
73975,22,23.0,16.977722
73975,23,21.0,16.112644
73975,24,19.3,14.7760315
74161,1,18.9,11.732937
74161,2,19.1,11.168733
74161,3,19.2,11.396612
74161,4,19.1,11.846688
74161,5,19.2,12.652238
74161,6,19.5,13.483202
74161,7,20.4,15.038693
74161,8,22.1,16.468166
74161,9,24.1,17.733397
74161,10,25.8,19.068316
74161,11,27.1,20.283812
74161,12,28.2,21.238348
74161,13,28.8,21.825068
74161,14,28.8,22.122334
74161,15,28.3,22.068256
74161,16,27.1,21.648254
74161,17,25.3,20.679846
74161,18,23.7,19.87759
74161,19,22.2,18.575653
74161,20,20.8,17.265408
74161,21,19.7,15.857705
74161,22,19.1,14.566109
74161,23,18.6,13.40771
74161,24,18.7,12.347835
74218,1,13.6,12.982193
74218,2,13.1,13.728475
74218,3,13.6,14.503465
74218,4,13.8,15.639219
74218,5,15.1,16.209137
74218,6,16.5,17.252691
74218,7,14.7,17.611593
74218,8,16.7,18.04873
74218,9,18.3,18.186785
74218,10,18.7,18.042711
74218,11,18.1,17.709871
74218,12,18.0,17.194317
74218,13,17.0,16.655312
74218,14,16.8,16.056385
74218,15,16.8,15.059138
74218,16,16.6,14.176885
74218,17,16.7,13.546743
74218,18,17.0,12.710345
74218,19,16.4,12.180184
74218,20,16.7,11.858414
74218,21,16.8,11.709024
74218,22,17.0,11.919575
74218,23,17.1,11.829419
74218,24,17.3,12.2780485
74255,1,13.4,14.025616
74255,2,12.4,12.092378
74255,3,11.5,10.599422
74255,4,10.6,9.40976
74255,5,9.7,8.444121
74255,6,9.2,7.9890313
74255,7,8.4,7.5354137
74255,8,8.2,7.9225216
74255,9,8.0,8.216684
74255,10,7.8,10.302556
74255,11,7.3,11.447998
74255,12,9.0,13.045162
74255,13,11.7,15.385279
74255,14,14.3,16.636806
74255,15,16.9,18.669498
74255,16,20.5,19.710295
74255,17,22.0,20.937376
74255,18,23.0,21.542923
74255,19,23.6,21.594099
74255,20,23.8,20.657293
74255,21,23.6,20.32849
74255,22,23.4,18.639832
74255,23,21.1,17.762903
74255,24,20.0,16.038183
74400,1,20.7,15.0584545
74400,2,20.3,13.441986
74400,3,20.0,12.864456
74400,4,19.4,12.297217
74400,5,19.2,12.519846
74400,6,18.7,12.784077
74400,7,19.5,13.697043
74400,8,20.0,14.970898
74400,9,21.0,16.049345
74400,10,22.5,18.31595
74400,11,23.3,19.898447
74400,12,25.3,21.452513
74400,13,27.2,23.261131
74400,14,29.3,24.165363
74400,15,29.6,25.37646
74400,16,30.4,25.638647
74400,17,30.8,25.540216
74400,18,29.4,25.238523
74400,19,27.3,24.291983
74400,20,25.9,22.724205
74400,21,25.0,21.544214
74400,22,23.8,19.579235
74400,23,22.8,18.236053
74400,24,21.9,16.53614
74537,1,20.6,15.335124
74537,2,20.5,14.937731
74537,3,20.5,15.290255
74537,4,21.0,15.895293
74537,5,21.1,16.725517
74537,6,21.9,17.685698
74537,7,23.9,19.206669
74537,8,25.7,20.602962
74537,9,26.4,21.7964
74537,10,27.5,22.934496
74537,11,28.4,24.000105
74537,12,29.7,24.74325
74537,13,30.3,25.20713
74537,14,30.4,25.410906
74537,15,30.4,25.151577
74537,16,27.5,24.640547
74537,17,26.2,23.651659
74537,18,24.9,22.721134
74537,19,23.7,21.454374
74537,20,22.9,20.285324
74537,21,22.3,18.912113
74537,22,22.2,17.837173
74537,23,21.9,16.655025
74537,24,21.7,15.749323
74583,1,20.8,19.2669
74583,2,20.4,17.790962
74583,3,20.3,16.901701
74583,4,21.4,15.806475
74583,5,21.0,15.252908
74583,6,20.6,14.984049
74583,7,20.4,14.835928
74583,8,20.4,15.081204
74583,9,20.4,15.499945
74583,10,20.7,16.913273
74583,11,21.0,17.836725
74583,12,21.4,18.884962
74583,13,22.6,20.69028
74583,14,24.5,21.555794
74583,15,25.5,23.014048
74583,16,26.4,23.825624
74583,17,26.4,24.528416
74583,18,27.3,24.866629
74583,19,27.1,24.811087
74583,20,27.5,24.36444
74583,21,27.2,24.019278
74583,22,26.4,22.896141
74583,23,25.3,21.911171
74583,24,24.1,20.590551
74650,1,17.0,17.161337
74650,2,16.9,17.483091
74650,3,16.7,18.133123
74650,4,16.6,18.776487
74650,5,16.8,19.17363
74650,6,17.5,19.938025
74650,7,17.8,20.224257
74650,8,17.5,20.476295
74650,9,19.1,20.73799
74650,10,18.5,20.61217
74650,11,18.0,20.484798
74650,12,17.8,20.139044
74650,13,16.5,19.907446
74650,14,15.4,19.565384
74650,15,14.4,18.889694
74650,16,14.2,18.387402
74650,17,14.0,17.787703
74650,18,13.9,17.296322
74650,19,13.1,16.82385
74650,20,12.8,16.64211
74650,21,12.5,16.549244
74650,22,12.2,16.69809
74650,23,11.9,16.359735
74650,24,11.7,16.576065
74678,1,25.6,23.010193
74678,2,24.4,22.24265
74678,3,23.1,20.95203
74678,4,22.4,19.510668
74678,5,21.7,18.529495
74678,6,21.2,17.487999
74678,7,20.9,16.938734
74678,8,20.7,16.447536
74678,9,20.4,16.040821
74678,10,20.3,15.950777
74678,11,20.2,16.281916
74678,12,20.3,16.882473
74678,13,20.3,17.879787
74678,14,21.2,18.748804
74678,15,21.8,20.01024
74678,16,22.5,21.219044
74678,17,23.7,22.533113
74678,18,25.5,23.318285
74678,19,26.4,24.227028
74678,20,28.0,25.285952
74678,21,29.0,25.430887
74678,22,29.3,25.435135
74678,23,29.4,24.931107
74678,24,30.0,24.215134
75350,1,13.6,9.519517
75350,2,14.0,9.574318
75350,3,13.8,9.643158
75350,4,12.8,9.410553
75350,5,12.1,9.250965
75350,6,11.8,8.982733
75350,7,11.3,8.453024
75350,8,11.0,8.012391
75350,9,10.9,7.5929956
75350,10,10.3,7.106235
75350,11,9.6,6.837632
75350,12,9.3,6.608962
75350,13,8.8,6.3144155
75350,14,9.2,6.155239
75350,15,8.9,6.1787467
75350,16,9.0,6.3472786
75350,17,9.0,6.3518023
75350,18,9.1,6.819744
75350,19,9.1,7.0588
75350,20,9.3,7.376649
75350,21,10.3,8.119615
75350,22,10.6,8.389656
75350,23,10.8,8.763766
75350,24,10.9,9.137628
75401,1,7.9,6.7306495
75401,2,7.8,6.517455
75401,3,7.7,6.3647757
75401,4,7.7,6.2205725
75401,5,7.0,6.2141294
75401,6,6.6,6.433544
75401,7,7.0,6.405097
75401,8,6.8,6.5815496
75401,9,6.4,6.882286
75401,10,6.1,7.249583
75401,11,6.6,7.621255
75401,12,6.9,7.9712906
75401,13,7.6,8.312891
75401,14,7.8,8.518656
75401,15,8.3,8.764432
75401,16,8.4,8.8701725
75401,17,8.5,8.856955
75401,18,8.4,8.809822
75401,19,7.7,8.553555
75401,20,7.2,8.3163595
75401,21,7.1,8.266558
75401,22,6.7,7.782799
75401,23,6.2,7.418051
75401,24,5.8,7.148966
75622,1,6.0,6.3558936
75622,2,6.1,6.38478
75622,3,6.0,6.426588
75622,4,5.9,6.1611013
75622,5,6.5,6.023304
75622,6,6.3,5.7087183
75622,7,6.2,5.328551
75622,8,6.1,4.9257936
75622,9,6.1,4.56404
75622,10,6.1,4.1444087
75622,11,6.1,3.9195313
75622,12,6.0,3.7223535
75622,13,6.0,3.495941
75622,14,5.9,3.3362277
75622,15,5.3,3.3817673
75622,16,4.7,3.5727966
75622,17,4.0,3.5920036
75622,18,4.2,4.0382867
75622,19,4.3,4.249615
75622,20,4.8,4.596512
75622,21,5.8,5.1915755
75622,22,6.3,5.4530616
75622,23,6.9,5.7962065
75622,24,8.2,6.0778112
75688,1,10.3,3.5011687
75688,2,8.6,2.9622893
75688,3,7.8,2.4905832
75688,4,6.9,2.6578882
75688,5,6.6,2.0103447
75688,6,7.4,2.1001432
75688,7,7.8,1.8522619
75688,8,7.8,1.7657915
75688,9,7.8,1.8501065
75688,10,7.0,2.1327484
75688,11,7.7,2.2697065
75688,12,6.9,2.5412962
75688,13,9.2,3.2556813
75688,14,11.2,4.0574026
75688,15,10.6,4.0479116
75688,16,9.8,4.5675898
75688,17,8.9,4.972972
75688,18,8.9,5.3332667
75688,19,9.5,5.315134
75688,20,10.5,5.2611394
75688,21,10.0,5.0586824
75688,22,9.1,4.9996457
75688,23,9.1,4.481282
75688,24,8.5,4.1197453
75692,1,9.2,4.042989
75692,2,11.2,4.440677
75692,3,10.6,4.948202
75692,4,9.8,5.400611
75692,5,8.9,5.643668
75692,6,8.9,6.0287538
75692,7,9.5,6.1586146
75692,8,10.5,6.1004267
75692,9,10.0,6.2278843
75692,10,9.1,6.029203
75692,11,9.1,5.7155776
75692,12,8.5,5.434694
75692,13,8.2,5.0531673
75692,14,8.0,4.592995
75692,15,7.9,4.117936
75692,16,6.8,3.7039614
75692,17,5.3,3.2528095
75692,18,5.3,3.1612785
75692,19,5.3,2.9186015
75692,20,5.1,2.8326015
75692,21,5.4,2.9472697
75692,22,5.7,3.1431408
75692,23,7.2,3.311675
75692,24,7.2,3.5840657
75915,1,0.4,2.9362838
75915,2,0.1,3.3567429
75915,3,-0.2,3.771135
75915,4,0.2,4.142627
75915,5,0.4,4.5102553
75915,6,0.9,4.954207
75915,7,1.8,5.4785857
75915,8,3.2,5.619814
75915,9,4.4,6.1337476
75915,10,5.4,5.960477
75915,11,6.0,5.9746284
75915,12,5.9,6.0106316
75915,13,5.3,5.6409082
75915,14,4.2,5.361673
75915,15,3.6,4.9044733
75915,16,3.1,4.519819
75915,17,2.3,3.9231339
75915,18,1.9,3.7369516
75915,19,1.5,3.2977366
75915,20,1.0,3.1999197
75915,21,0.6,2.9603817
75915,22,0.7,2.9540606
75915,23,0.7,2.776002
75915,24,1.0,2.8167164
75917,1,1.8,6.012323
75917,2,3.2,6.1948733
75917,3,4.4,6.7331443
75917,4,5.4,6.894828
75917,5,6.0,6.9908934
75917,6,5.9,6.9475493
75917,7,5.3,6.5725904
75917,8,4.2,6.168071
75917,9,3.6,5.737641
75917,10,3.1,5.3826976
75917,11,2.3,4.823072
75917,12,1.9,4.236112
75917,13,1.5,3.7956135
75917,14,1.0,3.215385
75917,15,0.6,2.9112494
75917,16,0.7,2.7106712
75917,17,0.7,2.3904946
75917,18,1.0,2.676082
75917,19,0.7,2.7495298
75917,20,0.1,2.827027
75917,21,0.0,3.522441
75917,22,0.1,3.9380267
75917,23,-0.3,4.5890265
75917,24,1.3,5.1308527
76359,1,10.3,8.2493925
76359,2,8.9,7.639908
76359,3,8.0,7.081948
76359,4,7.3,6.8840127
76359,5,6.9,5.6363482
76359,6,6.5,4.898031
76359,7,5.9,4.280119
76359,8,6.5,3.2042787
76359,9,6.2,3.03511
76359,10,6.0,2.3687074
76359,11,6.2,1.7744699
76359,12,5.9,1.831795
76359,13,5.6,1.9855168
76359,14,6.7,3.1107972
76359,15,6.7,3.1044729
76359,16,6.8,4.0499845
76359,17,6.9,4.562961
76359,18,6.6,5.941028
76359,19,7.6,6.9959807
76359,20,8.3,7.8204784
76359,21,8.5,7.783788
76359,22,9.3,8.702035
76359,23,9.2,8.684593
76359,24,9.1,8.52178
76611,1,8.9,4.119098
76611,2,8.3,4.941198
76611,3,8.5,5.835091
76611,4,9.8,7.032948
76611,5,11.1,8.010637
76611,6,11.9,9.063084
76611,7,12.9,10.770295
76611,8,13.8,11.5722475
76611,9,14.4,12.746114
76611,10,14.9,12.646661
76611,11,15.4,12.821964
76611,12,15.5,12.914124
76611,13,15.5,12.164683
76611,14,15.3,11.7066555
76611,15,14.0,10.496498
76611,16,12.4,9.49778
76611,17,11.5,8.138543
76611,18,10.2,7.290511
76611,19,9.3,6.2628937
76611,20,8.9,5.8461223
76611,21,8.3,4.59552
76611,22,8.2,4.5758047
76611,23,7.9,4.0202365
76611,24,7.6,3.8652263
76843,1,10.6,7.8161507
76843,2,10.3,8.6714735
76843,3,10.3,9.527419
76843,4,10.5,10.689087
76843,5,10.9,11.59272
76843,6,11.3,12.657982
76843,7,11.8,14.018187
76843,8,12.2,14.717997
76843,9,12.4,15.640132
76843,10,12.8,15.472043
76843,11,14.2,15.50963
76843,12,16.0,15.468268
76843,13,16.5,14.721074
76843,14,16.2,14.278401
76843,15,14.7,13.1005125
76843,16,13.6,12.107391
76843,17,12.6,10.9234705
76843,18,12.0,10.061057
76843,19,11.3,9.181096
76843,20,11.0,8.801034
76843,21,10.6,7.8395233
76843,22,10.1,7.887345
76843,23,9.3,7.411685
76843,24,8.9,7.457862
77371,1,14.5,11.552449
77371,2,14.4,12.098866
77371,3,14.4,12.998099
77371,4,14.4,14.329008
77371,5,14.7,15.45134
77371,6,15.2,16.764448
77371,7,16.1,18.628288
77371,8,17.0,19.892183
77371,9,18.1,21.134731
77371,10,19.2,21.476723
77371,11,20.2,21.95769
77371,12,20.8,22.19071
77371,13,21.2,21.743668
77371,14,20.8,21.413776
77371,15,20.8,20.256037
77371,16,20.0,19.171034
77371,17,18.4,17.754831
77371,18,17.0,16.565489
77371,19,16.1,15.271778
77371,20,15.3,14.438936
77371,21,14.8,12.984331
77371,22,14.4,12.614933
77371,23,14.1,11.720671
77371,24,13.7,11.365051
77461,1,21.7,21.013788
77461,2,23.4,21.741875
77461,3,25.0,22.830402
77461,4,26.1,23.881071
77461,5,27.0,24.168468
77461,6,27.4,24.493881
77461,7,27.3,23.9039
77461,8,27.1,23.495258
77461,9,26.0,22.350643
77461,10,24.4,21.690239
77461,11,22.6,20.350464
77461,12,21.1,18.834354
77461,13,20.1,17.887949
77461,14,19.6,16.613384
77461,15,18.8,15.579363
77461,16,18.1,14.789053
77461,17,17.4,14.36926
77461,18,17.4,14.205003
77461,19,16.9,14.447699
77461,20,16.6,14.612092
77461,21,16.9,15.560489
77461,22,17.8,16.63966
77461,23,18.9,17.901363
77461,24,20.4,19.047647
77522,1,16.1,13.434729
77522,2,15.7,12.890892
77522,3,15.4,12.866832
77522,4,15.2,12.931065
77522,5,15.1,13.230044
77522,6,14.9,13.757026
77522,7,15.0,14.436003
77522,8,15.0,15.223032
77522,9,15.8,15.959401
77522,10,17.0,16.89141
77522,11,18.5,17.72097
77522,12,18.8,18.334902
77522,13,19.0,19.052101
77522,14,19.6,19.365395
77522,15,19.9,19.551464
77522,16,20.4,19.512367
77522,17,19.6,19.161808
77522,18,19.7,18.723425
77522,19,18.8,17.962067
77522,20,17.9,17.25622
77522,21,17.6,16.534533
77522,22,16.3,15.659425
77522,23,15.5,14.742952
77522,24,14.9,13.986891
77650,1,18.5,12.726255
77650,2,18.0,11.56947
77650,3,17.6,11.481692
77650,4,17.3,11.6012945
77650,5,16.0,12.218817
77650,6,16.7,12.892639
77650,7,17.9,14.32256
77650,8,20.1,15.926262
77650,9,22.2,17.20977
77650,10,24.1,19.142523
77650,11,25.8,20.709808
77650,12,27.2,22.056334
77650,13,28.2,23.232964
77650,14,28.4,23.78759
77650,15,28.5,24.2962
77650,16,28.6,24.131315
77650,17,28.1,23.412773
77650,18,26.9,22.75924
77650,19,25.9,21.409712
77650,20,25.0,19.731766
77650,21,24.0,18.327394
77650,22,22.8,16.535652
77650,23,22.0,15.215212
77650,24,21.0,13.740687
77729,1,17.3,13.912347
77729,2,17.0,12.486569
77729,3,16.7,11.774378
77729,4,16.3,10.970985
77729,5,15.9,10.71145
77729,6,15.7,10.652606
77729,7,15.5,10.821586
77729,8,15.2,11.437217
77729,9,15.1,12.013346
77729,10,15.6,13.630757
77729,11,16.7,14.735458
77729,12,18.3,15.904261
77729,13,19.7,17.544626
77729,14,20.6,18.315832
77729,15,21.3,19.599913
77729,16,21.8,20.153765
77729,17,22.4,20.524765
77729,18,22.8,20.64684
77729,19,23.1,20.244793
77729,20,22.5,19.360304
77729,21,21.4,18.863462
77729,22,19.9,17.47419
77729,23,18.8,16.503016
77729,24,18.2,15.185092
77849,1,23.8,13.982125
77849,2,22.8,12.168117
77849,3,21.8,11.216609
77849,4,20.0,10.266988
77849,5,18.5,9.894263
77849,6,17.4,9.741549
77849,7,16.8,9.920841
77849,8,16.0,10.736139
77849,9,15.6,11.408666
77849,10,16.2,13.528984
77849,11,17.1,14.887431
77849,12,18.1,16.487007
77849,13,19.3,18.469774
77849,14,20.8,19.405128
77849,15,22.5,21.117361
77849,16,24.0,21.742188
77849,17,24.6,22.232346
77849,18,24.3,22.488636
77849,19,23.8,22.037497
77849,20,22.5,20.724796
77849,21,19.2,20.155117
77849,22,17.6,18.304653
77849,23,16.7,17.288418
77849,24,16.1,15.603672
78368,1,9.0,5.8315263
78368,2,8.9,5.2979436
78368,3,7.8,4.6760774
78368,4,7.7,4.4754486
78368,5,7.2,3.8394668
78368,6,7.6,3.8014517
78368,7,7.2,3.402021
78368,8,6.8,3.3299172
78368,9,6.5,3.3900836
78368,10,6.4,3.7386217
78368,11,6.2,4.02211
78368,12,6.4,4.4403176
78368,13,6.7,5.1745977
78368,14,6.9,5.8246336
78368,15,7.0,6.2400513
78368,16,7.7,6.8092637
78368,17,8.6,7.36867
78368,18,9.2,7.7005043
78368,19,9.7,7.799168
78368,20,10.3,7.8247976
78368,21,10.5,7.7922397
78368,22,10.8,7.5013413
78368,23,10.6,7.067852
78368,24,10.4,6.6133127
78528,1,13.8,6.7188697
78528,2,13.9,6.7360344
78528,3,13.7,6.5880766
78528,4,13.7,6.4390078
78528,5,13.5,6.3018584
78528,6,13.1,6.416816
78528,7,12.3,6.139167
78528,8,11.5,6.034687
78528,9,11.1,6.1515594
78528,10,10.2,6.1287203
78528,11,10.0,6.233578
78528,12,9.9,6.424086
78528,13,9.9,6.4940085
78528,14,9.3,6.6061635
78528,15,9.1,6.770426
78528,16,8.2,6.887929
78528,17,8.8,6.9655523
78528,18,8.8,7.089767
78528,19,9.0,7.0704327
78528,20,9.0,7.1098156
78528,21,8.9,7.3369412
78528,22,8.7,7.142412
78528,23,8.7,7.004318
78528,24,8.5,6.9791117
79607,1,15.1,14.583628
79607,2,14.9,13.95292
79607,3,14.0,13.25289
79607,4,12.6,12.2062025
79607,5,11.1,10.977443
79607,6,9.9,9.503097
79607,7,9.4,8.607608
79607,8,9.1,7.22303
79607,9,8.3,6.58045
79607,10,7.4,5.632431
79607,11,6.7,4.9730573
79607,12,6.6,4.939468
79607,13,6.7,4.864012
79607,14,5.5,5.5988297
79607,15,6.6,6.2403812
79607,16,7.4,7.407672
79607,17,8.9,8.148215
79607,18,10.9,9.817056
79607,19,12.5,11.406274
79607,20,14.3,12.777618
79607,21,15.5,13.230121
79607,22,16.5,14.240031
79607,23,16.7,14.782877
79607,24,16.3,14.688484
79675,1,13.3,4.7242227
79675,2,12.9,5.4801993
79675,3,13.1,6.4237595
79675,4,14.1,7.705131
79675,5,15.9,8.806816
79675,6,17.6,9.94314
79675,7,19.3,11.8822775
79675,8,21.5,12.868385
79675,9,22.9,14.189218
79675,10,23.8,14.276848
79675,11,24.2,14.57692
79675,12,24.2,14.793543
79675,13,24.2,14.099893
79675,14,23.6,13.656052
79675,15,22.6,12.424436
79675,16,21.0,11.332468
79675,17,19.4,9.827598
79675,18,17.7,8.895792
79675,19,16.4,7.697741
79675,20,15.1,7.0633364
79675,21,13.6,5.6278152
79675,22,12.7,5.4481106
79675,23,12.3,4.7959847
79675,24,12.1,4.5122824
79698,1,12.1,5.554247
79698,2,11.6,4.6304207
79698,3,11.5,4.6122494
79698,4,11.4,4.7256827
79698,5,11.1,5.3014956
79698,6,11.4,5.84008
79698,7,11.9,7.208777
79698,8,12.6,8.524688
79698,9,13.4,9.771955
79698,10,13.4,11.430371
79698,11,14.2,12.75503
79698,12,16.1,13.989804
79698,13,17.5,14.910549
79698,14,17.8,15.301143
79698,15,17.9,15.713181
79698,16,15.4,15.520051
79698,17,15.5,14.7702465
79698,18,15.4,14.333423
79698,19,15.1,13.100112
79698,20,14.1,11.611553
79698,21,13.2,10.358206
79698,22,12.6,8.792137
79698,23,12.3,7.765324
79698,24,12.0,6.4654207
